INFO 2024-09-17 16:36:59,230 autoreload Watching for file changes with StatReloader
DEBUG 2024-09-17 16:36:59,230 autoreload Waiting for apps ready_event.
DEBUG 2024-09-17 16:36:59,367 autoreload Apps ready_event triggered. Sending autoreload_started signal.
DEBUG 2024-09-17 16:36:59,378 autoreload Watching dir /Users/kawamotonaoki/banhmilove/banhmilove_app/templates with glob **/*.
DEBUG 2024-09-17 16:36:59,379 autoreload Watching dir /Users/kawamotonaoki/banhmilove/templates/banhmilove_app with glob **/*.
DEBUG 2024-09-17 16:36:59,379 autoreload Watching dir /Users/kawamotonaoki/banhmilove/locale with glob **/*.mo.
DEBUG 2024-09-17 16:36:59,379 autoreload Watching dir /Users/kawamotonaoki/banhmilove/banhmilove_app/locale with glob **/*.mo.
DEBUG 2024-09-17 16:36:59,437 autoreload File /Users/kawamotonaoki/banhmilove/venv/lib/python3.12/site-packages/django/db/models/functions/__init__.py first seen with mtime 1726468847.7857432
DEBUG 2024-09-17 16:36:59,437 autoreload File /Users/kawamotonaoki/banhmilove/venv/lib/python3.12/site-packages/django/core/servers/basehttp.py first seen with mtime 1726468847.7334433
DEBUG 2024-09-17 16:36:59,437 autoreload File /Users/kawamotonaoki/banhmilove/venv/lib/python3.12/site-packages/requests/__init__.py first seen with mtime 1726468846.6538646
DEBUG 2024-09-17 16:36:59,437 autoreload File /opt/homebrew/Cellar/python@3.12/3.12.5/Frameworks/Python.framework/Versions/3.12/lib/python3.12/shlex.py first seen with mtime 1722971329.0
DEBUG 2024-09-17 16:36:59,437 autoreload File /opt/homebrew/Cellar/python@3.12/3.12.5/Frameworks/Python.framework/Versions/3.12/lib/python3.12/asyncio/subprocess.py first seen with mtime 1722971329.0
DEBUG 2024-09-17 16:36:59,437 autoreload File /Users/kawamotonaoki/banhmilove/venv/lib/python3.12/site-packages/django/contrib/admin/templatetags/base.py first seen with mtime 1726468847.1865208
DEBUG 2024-09-17 16:36:59,437 autoreload File /Users/kawamotonaoki/banhmilove/venv/lib/python3.12/site-packages/django/core/cache/backends/filebased.py first seen with mtime 1726468847.704868
DEBUG 2024-09-17 16:36:59,437 autoreload File /Users/kawamotonaoki/banhmilove/venv/lib/python3.12/site-packages/certifi/core.py first seen with mtime 1726468846.5809026
DEBUG 2024-09-17 16:36:59,437 autoreload File /Users/kawamotonaoki/banhmilove/venv/lib/python3.12/site-packages/django/db/models/signals.py first seen with mtime 1726468847.7795198
DEBUG 2024-09-17 16:36:59,437 autoreload File /opt/homebrew/Cellar/python@3.12/3.12.5/Frameworks/Python.framework/Versions/3.12/lib/python3.12/concurrent/__init__.py first seen with mtime 1722971329.0
DEBUG 2024-09-17 16:36:59,437 autoreload File /Users/kawamotonaoki/banhmilove/venv/lib/python3.12/site-packages/django/db/models/__init__.py first seen with mtime 1726468847.7728355
DEBUG 2024-09-17 16:36:59,437 autoreload File /Users/kawamotonaoki/banhmilove/venv/lib/python3.12/site-packages/django/template/library.py first seen with mtime 1726468847.8375041
DEBUG 2024-09-17 16:36:59,437 autoreload File /Users/kawamotonaoki/banhmilove/venv/lib/python3.12/site-packages/django/core/checks/compatibility/__init__.py first seen with mtime 1726468847.7091858
DEBUG 2024-09-17 16:36:59,437 autoreload File /opt/homebrew/Cellar/python@3.12/3.12.5/Frameworks/Python.framework/Versions/3.12/lib/python3.12/ssl.py first seen with mtime 1722971329.0
DEBUG 2024-09-17 16:36:59,437 autoreload File /opt/homebrew/Cellar/python@3.12/3.12.5/Frameworks/Python.framework/Versions/3.12/lib/python3.12/email/feedparser.py first seen with mtime 1722971329.0
DEBUG 2024-09-17 16:36:59,437 autoreload File /Users/kawamotonaoki/banhmilove/venv/lib/python3.12/site-packages/django/forms/widgets.py first seen with mtime 1726468847.7973578
DEBUG 2024-09-17 16:36:59,437 autoreload File /opt/homebrew/Cellar/python@3.12/3.12.5/Frameworks/Python.framework/Versions/3.12/lib/python3.12/selectors.py first seen with mtime 1722971329.0
DEBUG 2024-09-17 16:36:59,437 autoreload File /Users/kawamotonaoki/banhmilove/venv/lib/python3.12/site-packages/django/contrib/contenttypes/admin.py first seen with mtime 1726468847.2897675
DEBUG 2024-09-17 16:36:59,438 autoreload File /Users/kawamotonaoki/banhmilove/venv/lib/python3.12/site-packages/pyasn1/codec/ber/eoo.py first seen with mtime 1726468845.9125915
DEBUG 2024-09-17 16:36:59,438 autoreload File /Users/kawamotonaoki/banhmilove/venv/lib/python3.12/site-packages/django/contrib/contenttypes/forms.py first seen with mtime 1726468847.2904725
DEBUG 2024-09-17 16:36:59,438 autoreload File /opt/homebrew/Cellar/python@3.12/3.12.5/Frameworks/Python.framework/Versions/3.12/lib/python3.12/asyncio/coroutines.py first seen with mtime 1722971329.0
DEBUG 2024-09-17 16:36:59,438 autoreload File /Users/kawamotonaoki/banhmilove/venv/lib/python3.12/site-packages/django/core/files/images.py first seen with mtime 1726468847.7114546
DEBUG 2024-09-17 16:36:59,438 autoreload File /Users/kawamotonaoki/banhmilove/venv/lib/python3.12/site-packages/django/db/models/fields/related.py first seen with mtime 1726468847.7837136
DEBUG 2024-09-17 16:36:59,438 autoreload File /opt/homebrew/Cellar/python@3.12/3.12.5/Frameworks/Python.framework/Versions/3.12/lib/python3.12/re/_compiler.py first seen with mtime 1722971329.0
DEBUG 2024-09-17 16:36:59,438 autoreload File /Users/kawamotonaoki/banhmilove/venv/lib/python3.12/site-packages/sqlparse/tokens.py first seen with mtime 1726468845.7434723
DEBUG 2024-09-17 16:36:59,438 autoreload File /opt/homebrew/Cellar/python@3.12/3.12.5/Frameworks/Python.framework/Versions/3.12/lib/python3.12/email/header.py first seen with mtime 1722971329.0
DEBUG 2024-09-17 16:36:59,438 autoreload File /Users/kawamotonaoki/banhmilove/venv/lib/python3.12/site-packages/django/db/backends/base/client.py first seen with mtime 1726468847.7380624
DEBUG 2024-09-17 16:36:59,438 autoreload File /Users/kawamotonaoki/banhmilove/venv/lib/python3.12/site-packages/django/db/backends/__init__.py first seen with mtime 1726468847.7353323
DEBUG 2024-09-17 16:36:59,438 autoreload File /Users/kawamotonaoki/banhmilove/venv/lib/python3.12/site-packages/django/forms/__init__.py first seen with mtime 1726468847.793867
DEBUG 2024-09-17 16:36:59,438 autoreload File /Users/kawamotonaoki/banhmilove/venv/lib/python3.12/site-packages/sqlparse/filters/output.py first seen with mtime 1726468845.7474551
DEBUG 2024-09-17 16:36:59,438 autoreload File /Users/kawamotonaoki/banhmilove/venv/lib/python3.12/site-packages/django/templatetags/cache.py first seen with mtime 1726468847.8444126
DEBUG 2024-09-17 16:36:59,438 autoreload File /opt/homebrew/Cellar/python@3.12/3.12.5/Frameworks/Python.framework/Versions/3.12/lib/python3.12/encodings/__init__.py first seen with mtime 1722971329.0
DEBUG 2024-09-17 16:36:59,438 autoreload File /Users/kawamotonaoki/banhmilove/venv/lib/python3.12/site-packages/django/contrib/sessions/__init__.py first seen with mtime 1726468847.5830073
DEBUG 2024-09-17 16:36:59,438 autoreload File /Users/kawamotonaoki/banhmilove/venv/lib/python3.12/site-packages/django/db/migrations/exceptions.py first seen with mtime 1726468847.761159
DEBUG 2024-09-17 16:36:59,438 autoreload File /opt/homebrew/Cellar/python@3.12/3.12.5/Frameworks/Python.framework/Versions/3.12/lib/python3.12/ipaddress.py first seen with mtime 1722971329.0
DEBUG 2024-09-17 16:36:59,438 autoreload File /Users/kawamotonaoki/banhmilove/venv/lib/python3.12/site-packages/django/db/models/lookups.py first seen with mtime 1726468847.777066
DEBUG 2024-09-17 16:36:59,438 autoreload File /Users/kawamotonaoki/banhmilove/venv/lib/python3.12/site-packages/django/forms/forms.py first seen with mtime 1726468847.7953255
DEBUG 2024-09-17 16:36:59,438 autoreload File /opt/homebrew/Cellar/python@3.12/3.12.5/Frameworks/Python.framework/Versions/3.12/lib/python3.12/hashlib.py first seen with mtime 1722971329.0
DEBUG 2024-09-17 16:36:59,438 autoreload File /Users/kawamotonaoki/banhmilove/venv/lib/python3.12/site-packages/django/utils/safestring.py first seen with mtime 1726468847.8629785
DEBUG 2024-09-17 16:36:59,438 autoreload File /Users/kawamotonaoki/banhmilove/venv/lib/python3.12/site-packages/django/core/mail/utils.py first seen with mtime 1726468847.7175248
DEBUG 2024-09-17 16:36:59,438 autoreload File /Users/kawamotonaoki/banhmilove/venv/lib/python3.12/site-packages/django/db/models/utils.py first seen with mtime 1726468847.7798493
DEBUG 2024-09-17 16:36:59,438 autoreload File /Users/kawamotonaoki/banhmilove/venv/lib/python3.12/site-packages/django/core/checks/urls.py first seen with mtime 1726468847.7088826
DEBUG 2024-09-17 16:36:59,438 autoreload File /Users/kawamotonaoki/banhmilove/venv/lib/python3.12/site-packages/django/db/backends/signals.py first seen with mtime 1726468847.736061
DEBUG 2024-09-17 16:36:59,439 autoreload File /Users/kawamotonaoki/banhmilove/venv/lib/python3.12/site-packages/django/templatetags/__init__.py first seen with mtime 1726468847.8440664
DEBUG 2024-09-17 16:36:59,439 autoreload File /Users/kawamotonaoki/banhmilove/venv/lib/python3.12/site-packages/sqlparse/engine/grouping.py first seen with mtime 1726468845.745326
DEBUG 2024-09-17 16:36:59,439 autoreload File /opt/homebrew/Cellar/python@3.12/3.12.5/Frameworks/Python.framework/Versions/3.12/lib/python3.12/http/server.py first seen with mtime 1722971329.0
DEBUG 2024-09-17 16:36:59,439 autoreload File /Users/kawamotonaoki/banhmilove/venv/lib/python3.12/site-packages/django/db/models/functions/comparison.py first seen with mtime 1726468847.786277
DEBUG 2024-09-17 16:36:59,439 autoreload File /Users/kawamotonaoki/banhmilove/venv/lib/python3.12/site-packages/django/core/checks/__init__.py first seen with mtime 1726468847.7061107
DEBUG 2024-09-17 16:36:59,439 autoreload File /opt/homebrew/Cellar/python@3.12/3.12.5/Frameworks/Python.framework/Versions/3.12/lib/python3.12/lib-dynload/termios.cpython-312-darwin.so first seen with mtime 1724644388.8064084
DEBUG 2024-09-17 16:36:59,439 autoreload File /Users/kawamotonaoki/banhmilove/venv/lib/python3.12/site-packages/django/views/decorators/csrf.py first seen with mtime 1726468847.870294
DEBUG 2024-09-17 16:36:59,439 autoreload File /opt/homebrew/Cellar/python@3.12/3.12.5/Frameworks/Python.framework/Versions/3.12/lib/python3.12/ast.py first seen with mtime 1722971329.0
DEBUG 2024-09-17 16:36:59,439 autoreload File /Users/kawamotonaoki/banhmilove/venv/lib/python3.12/site-packages/django/contrib/admin/templatetags/admin_modify.py first seen with mtime 1726468847.1862612
DEBUG 2024-09-17 16:36:59,439 autoreload File /Users/kawamotonaoki/banhmilove/venv/lib/python3.12/site-packages/django/utils/lorem_ipsum.py first seen with mtime 1726468847.8615682
DEBUG 2024-09-17 16:36:59,439 autoreload File /Users/kawamotonaoki/banhmilove/venv/lib/python3.12/site-packages/django/middleware/cache.py first seen with mtime 1726468847.8307338
DEBUG 2024-09-17 16:36:59,439 autoreload File /opt/homebrew/Cellar/python@3.12/3.12.5/Frameworks/Python.framework/Versions/3.12/lib/python3.12/asyncio/trsock.py first seen with mtime 1722971329.0
DEBUG 2024-09-17 16:36:59,439 autoreload File /Users/kawamotonaoki/banhmilove/venv/lib/python3.12/site-packages/django/core/validators.py first seen with mtime 1726468847.7021914
DEBUG 2024-09-17 16:36:59,439 autoreload File /Users/kawamotonaoki/banhmilove/venv/lib/python3.12/site-packages/django/urls/converters.py first seen with mtime 1726468847.8504884
DEBUG 2024-09-17 16:36:59,439 autoreload File /Users/kawamotonaoki/banhmilove/banhmilove_app/apps.py first seen with mtime 1726400992.2017882
DEBUG 2024-09-17 16:36:59,439 autoreload File /Users/kawamotonaoki/banhmilove/venv/lib/python3.12/site-packages/django/db/models/options.py first seen with mtime 1726468847.777915
DEBUG 2024-09-17 16:36:59,439 autoreload File /opt/homebrew/Cellar/python@3.12/3.12.5/Frameworks/Python.framework/Versions/3.12/lib/python3.12/importlib/resources/_common.py first seen with mtime 1722971329.0
DEBUG 2024-09-17 16:36:59,439 autoreload File /Users/kawamotonaoki/banhmilove/venv/lib/python3.12/site-packages/django/utils/module_loading.py first seen with mtime 1726468847.8618267
DEBUG 2024-09-17 16:36:59,439 autoreload File /Users/kawamotonaoki/banhmilove/venv/lib/python3.12/site-packages/django/contrib/auth/checks.py first seen with mtime 1726468847.2307656
DEBUG 2024-09-17 16:36:59,439 autoreload File /Users/kawamotonaoki/banhmilove/venv/lib/python3.12/site-packages/django/contrib/auth/base_user.py first seen with mtime 1726468847.2305675
DEBUG 2024-09-17 16:36:59,439 autoreload File /Users/kawamotonaoki/banhmilove/venv/lib/python3.12/site-packages/django/db/models/fields/proxy.py first seen with mtime 1726468847.7830777
DEBUG 2024-09-17 16:36:59,439 autoreload File /Users/kawamotonaoki/banhmilove/venv/lib/python3.12/site-packages/django/contrib/admin/decorators.py first seen with mtime 1726468847.0744483
DEBUG 2024-09-17 16:36:59,440 autoreload File /opt/homebrew/Cellar/python@3.12/3.12.5/Frameworks/Python.framework/Versions/3.12/lib/python3.12/lib-dynload/_pickle.cpython-312-darwin.so first seen with mtime 1724644387.5741038
DEBUG 2024-09-17 16:36:59,440 autoreload File /Users/kawamotonaoki/banhmilove/venv/lib/python3.12/site-packages/django/contrib/contenttypes/__init__.py first seen with mtime 1726468847.2895675
DEBUG 2024-09-17 16:36:59,440 autoreload File /Users/kawamotonaoki/banhmilove/venv/lib/python3.12/site-packages/django/middleware/__init__.py first seen with mtime 1726468847.8303375
DEBUG 2024-09-17 16:36:59,440 autoreload File /Users/kawamotonaoki/banhmilove/venv/lib/python3.12/site-packages/django/core/mail/__init__.py first seen with mtime 1726468847.7170093
DEBUG 2024-09-17 16:36:59,440 autoreload File /Users/kawamotonaoki/banhmilove/venv/lib/python3.12/site-packages/requests/packages.py first seen with mtime 1726468846.6566577
DEBUG 2024-09-17 16:36:59,440 autoreload File /Users/kawamotonaoki/banhmilove/venv/lib/python3.12/site-packages/uritemplate/template.py first seen with mtime 1726468845.702917
DEBUG 2024-09-17 16:36:59,440 autoreload File /opt/homebrew/Cellar/python@3.12/3.12.5/Frameworks/Python.framework/Versions/3.12/lib/python3.12/__future__.py first seen with mtime 1722971329.0
DEBUG 2024-09-17 16:36:59,440 autoreload File /Users/kawamotonaoki/banhmilove/venv/lib/python3.12/site-packages/django/__init__.py first seen with mtime 1726468847.0017502
DEBUG 2024-09-17 16:36:59,440 autoreload File /opt/homebrew/Cellar/python@3.12/3.12.5/Frameworks/Python.framework/Versions/3.12/lib/python3.12/concurrent/futures/__init__.py first seen with mtime 1722971329.0
DEBUG 2024-09-17 16:36:59,440 autoreload File /Users/kawamotonaoki/banhmilove/venv/lib/python3.12/site-packages/django/template/defaulttags.py first seen with mtime 1726468847.8362174
DEBUG 2024-09-17 16:36:59,440 autoreload File /Users/kawamotonaoki/banhmilove/venv/lib/python3.12/site-packages/django/db/migrations/__init__.py first seen with mtime 1726468847.7599766
DEBUG 2024-09-17 16:36:59,440 autoreload File /Users/kawamotonaoki/banhmilove/venv/lib/python3.12/site-packages/sqlparse/cli.py first seen with mtime 1726468845.741905
DEBUG 2024-09-17 16:36:59,440 autoreload File /Users/kawamotonaoki/banhmilove/venv/lib/python3.12/site-packages/django/contrib/staticfiles/management/commands/runserver.py first seen with mtime 1726468847.6992347
DEBUG 2024-09-17 16:36:59,440 autoreload File /Users/kawamotonaoki/banhmilove/venv/lib/python3.12/site-packages/rsa/randnum.py first seen with mtime 1726468846.6301217
DEBUG 2024-09-17 16:36:59,440 autoreload File /Users/kawamotonaoki/banhmilove/venv/lib/python3.12/site-packages/django/utils/hashable.py first seen with mtime 1726468847.8590255
DEBUG 2024-09-17 16:36:59,440 autoreload File /opt/homebrew/Cellar/python@3.12/3.12.5/Frameworks/Python.framework/Versions/3.12/lib/python3.12/email/message.py first seen with mtime 1722971329.0
DEBUG 2024-09-17 16:36:59,440 autoreload File /Users/kawamotonaoki/banhmilove/venv/lib/python3.12/site-packages/django/core/files/uploadedfile.py first seen with mtime 1726468847.712577
DEBUG 2024-09-17 16:36:59,440 autoreload File /Users/kawamotonaoki/banhmilove/venv/lib/python3.12/site-packages/google/auth/crypt/rsa.py first seen with mtime 1726468849.3184907
DEBUG 2024-09-17 16:36:59,440 autoreload File /Users/kawamotonaoki/banhmilove/venv/lib/python3.12/site-packages/django/template/base.py first seen with mtime 1726468847.8341827
DEBUG 2024-09-17 16:36:59,440 autoreload File /opt/homebrew/Cellar/python@3.12/3.12.5/Frameworks/Python.framework/Versions/3.12/lib/python3.12/email/parser.py first seen with mtime 1722971329.0
DEBUG 2024-09-17 16:36:59,440 autoreload File /Users/kawamotonaoki/banhmilove/venv/lib/python3.12/site-packages/requests/compat.py first seen with mtime 1726468846.6554615
DEBUG 2024-09-17 16:36:59,440 autoreload File /Users/kawamotonaoki/banhmilove/venv/lib/python3.12/site-packages/django/core/handlers/asgi.py first seen with mtime 1726468847.7155824
DEBUG 2024-09-17 16:36:59,440 autoreload File /Users/kawamotonaoki/banhmilove/venv/lib/python3.12/site-packages/sqlparse/engine/filter_stack.py first seen with mtime 1726468845.744853
DEBUG 2024-09-17 16:36:59,440 autoreload File /opt/homebrew/Cellar/python@3.12/3.12.5/Frameworks/Python.framework/Versions/3.12/lib/python3.12/asyncio/constants.py first seen with mtime 1722971329.0
DEBUG 2024-09-17 16:36:59,440 autoreload File /opt/homebrew/Cellar/python@3.12/3.12.5/Frameworks/Python.framework/Versions/3.12/lib/python3.12/gettext.py first seen with mtime 1722971329.0
DEBUG 2024-09-17 16:36:59,440 autoreload File /Users/kawamotonaoki/banhmilove/venv/lib/python3.12/site-packages/django/contrib/messages/constants.py first seen with mtime 1726468847.4927804
DEBUG 2024-09-17 16:36:59,440 autoreload File /opt/homebrew/Cellar/python@3.12/3.12.5/Frameworks/Python.framework/Versions/3.12/lib/python3.12/http/client.py first seen with mtime 1722971329.0
DEBUG 2024-09-17 16:36:59,440 autoreload File /Users/kawamotonaoki/banhmilove/venv/lib/python3.12/site-packages/django/core/files/storage/handler.py first seen with mtime 1726468847.7142522
DEBUG 2024-09-17 16:36:59,440 autoreload File /Users/kawamotonaoki/banhmilove/venv/lib/python3.12/site-packages/django/core/files/__init__.py first seen with mtime 1726468847.7109187
DEBUG 2024-09-17 16:36:59,440 autoreload File /Users/kawamotonaoki/banhmilove/venv/lib/python3.12/site-packages/django/core/paginator.py first seen with mtime 1726468847.7010949
DEBUG 2024-09-17 16:36:59,441 autoreload File /Users/kawamotonaoki/banhmilove/venv/lib/python3.12/site-packages/pyparsing/__init__.py first seen with mtime 1726468845.789752
DEBUG 2024-09-17 16:36:59,441 autoreload File /Users/kawamotonaoki/banhmilove/venv/lib/python3.12/site-packages/django/db/backends/postgresql/creation.py first seen with mtime 1726468847.7527819
DEBUG 2024-09-17 16:36:59,441 autoreload File /Users/kawamotonaoki/banhmilove/venv/lib/python3.12/site-packages/django/db/backends/postgresql/psycopg_any.py first seen with mtime 1726468847.7547252
DEBUG 2024-09-17 16:36:59,441 autoreload File /Users/kawamotonaoki/banhmilove/venv/lib/python3.12/site-packages/django/core/serializers/json.py first seen with mtime 1726468847.7312815
DEBUG 2024-09-17 16:36:59,441 autoreload File /Users/kawamotonaoki/banhmilove/venv/lib/python3.12/site-packages/uritemplate/variable.py first seen with mtime 1726468845.7032099
DEBUG 2024-09-17 16:36:59,441 autoreload File /Users/kawamotonaoki/banhmilove/venv/lib/python3.12/site-packages/django/forms/fields.py first seen with mtime 1726468847.7948961
DEBUG 2024-09-17 16:36:59,441 autoreload File /Users/kawamotonaoki/banhmilove/venv/lib/python3.12/site-packages/charset_normalizer/legacy.py first seen with mtime 1726468846.5210087
DEBUG 2024-09-17 16:36:59,441 autoreload File /Users/kawamotonaoki/banhmilove/venv/lib/python3.12/site-packages/django/utils/translation/reloader.py first seen with mtime 1726468847.8661377
DEBUG 2024-09-17 16:36:59,441 autoreload File /opt/homebrew/Cellar/python@3.12/3.12.5/Frameworks/Python.framework/Versions/3.12/lib/python3.12/asyncio/unix_events.py first seen with mtime 1722971329.0
DEBUG 2024-09-17 16:36:59,441 autoreload File /opt/homebrew/Cellar/python@3.12/3.12.5/Frameworks/Python.framework/Versions/3.12/lib/python3.12/asyncio/exceptions.py first seen with mtime 1722971329.0
DEBUG 2024-09-17 16:36:59,441 autoreload File /Users/kawamotonaoki/banhmilove/venv/lib/python3.12/site-packages/django/db/models/sql/where.py first seen with mtime 1726468847.792134
DEBUG 2024-09-17 16:36:59,441 autoreload File /Users/kawamotonaoki/banhmilove/venv/lib/python3.12/site-packages/django/db/models/functions/math.py first seen with mtime 1726468847.7872734
DEBUG 2024-09-17 16:36:59,441 autoreload File /opt/homebrew/Cellar/python@3.12/3.12.5/Frameworks/Python.framework/Versions/3.12/lib/python3.12/base64.py first seen with mtime 1722971329.0
DEBUG 2024-09-17 16:36:59,441 autoreload File /opt/homebrew/Cellar/python@3.12/3.12.5/Frameworks/Python.framework/Versions/3.12/lib/python3.12/email/mime/nonmultipart.py first seen with mtime 1722971329.0
DEBUG 2024-09-17 16:36:59,441 autoreload File /opt/homebrew/Cellar/python@3.12/3.12.5/Frameworks/Python.framework/Versions/3.12/lib/python3.12/lib-dynload/_ssl.cpython-312-darwin.so first seen with mtime 1724644387.9059868
DEBUG 2024-09-17 16:36:59,441 autoreload File /opt/homebrew/Cellar/python@3.12/3.12.5/Frameworks/Python.framework/Versions/3.12/lib/python3.12/lib-dynload/_datetime.cpython-312-darwin.so first seen with mtime 1724644387.1857738
DEBUG 2024-09-17 16:36:59,441 autoreload File /Users/kawamotonaoki/banhmilove/venv/lib/python3.12/site-packages/django/core/management/base.py first seen with mtime 1726468847.7200193
DEBUG 2024-09-17 16:36:59,441 autoreload File /Users/kawamotonaoki/banhmilove/venv/lib/python3.12/site-packages/psycopg2/_json.py first seen with mtime 1726470534.0636294
DEBUG 2024-09-17 16:36:59,441 autoreload File /Users/kawamotonaoki/banhmilove/venv/lib/python3.12/site-packages/pyasn1/type/namedval.py first seen with mtime 1726468845.9279244
DEBUG 2024-09-17 16:36:59,441 autoreload File /Users/kawamotonaoki/banhmilove/venv/lib/python3.12/site-packages/django/contrib/admin/templatetags/log.py first seen with mtime 1726468847.1866705
DEBUG 2024-09-17 16:36:59,441 autoreload File /Users/kawamotonaoki/banhmilove/venv/lib/python3.12/site-packages/requests/_internal_utils.py first seen with mtime 1726468846.6542685
DEBUG 2024-09-17 16:36:59,441 autoreload File /Users/kawamotonaoki/banhmilove/venv/lib/python3.12/site-packages/django/template/loaders/app_directories.py first seen with mtime 1726468847.842621
DEBUG 2024-09-17 16:36:59,441 autoreload File /Users/kawamotonaoki/banhmilove/venv/lib/python3.12/site-packages/urllib3/contrib/__init__.py first seen with mtime 1726468845.6005988
DEBUG 2024-09-17 16:36:59,441 autoreload File /Users/kawamotonaoki/banhmilove/venv/lib/python3.12/site-packages/psycopg2/errors.py first seen with mtime 1726470534.065618
DEBUG 2024-09-17 16:36:59,441 autoreload File /Users/kawamotonaoki/banhmilove/venv/lib/python3.12/site-packages/pyasn1/__init__.py first seen with mtime 1726468845.9080029
DEBUG 2024-09-17 16:36:59,441 autoreload File /Users/kawamotonaoki/banhmilove/venv/lib/python3.12/site-packages/urllib3/connectionpool.py first seen with mtime 1726468845.5988438
DEBUG 2024-09-17 16:36:59,441 autoreload File /Users/kawamotonaoki/banhmilove/venv/lib/python3.12/site-packages/django/utils/text.py first seen with mtime 1726468847.863564
DEBUG 2024-09-17 16:36:59,441 autoreload File /Users/kawamotonaoki/banhmilove/venv/lib/python3.12/site-packages/google/api_core/__init__.py first seen with mtime 1726468849.425156
DEBUG 2024-09-17 16:36:59,441 autoreload File /Users/kawamotonaoki/banhmilove/venv/lib/python3.12/site-packages/django/contrib/auth/signals.py first seen with mtime 1726468847.2323167
DEBUG 2024-09-17 16:36:59,441 autoreload File /opt/homebrew/Cellar/python@3.12/3.12.5/Frameworks/Python.framework/Versions/3.12/lib/python3.12/pathlib.py first seen with mtime 1722971329.0
DEBUG 2024-09-17 16:36:59,442 autoreload File /Users/kawamotonaoki/banhmilove/venv/lib/python3.12/site-packages/django/db/models/functions/text.py first seen with mtime 1726468847.7881083
DEBUG 2024-09-17 16:36:59,442 autoreload File /opt/homebrew/Cellar/python@3.12/3.12.5/Frameworks/Python.framework/Versions/3.12/lib/python3.12/json/__init__.py first seen with mtime 1722971329.0
DEBUG 2024-09-17 16:36:59,442 autoreload File /Users/kawamotonaoki/banhmilove/venv/lib/python3.12/site-packages/django/forms/utils.py first seen with mtime 1726468847.7969306
DEBUG 2024-09-17 16:36:59,442 autoreload File /Users/kawamotonaoki/banhmilove/venv/lib/python3.12/site-packages/django/core/files/storage/base.py first seen with mtime 1726468847.7137017
DEBUG 2024-09-17 16:36:59,442 autoreload File /Users/kawamotonaoki/banhmilove/venv/lib/python3.12/site-packages/django/utils/version.py first seen with mtime 1726468847.8651698
DEBUG 2024-09-17 16:36:59,442 autoreload File /Users/kawamotonaoki/banhmilove/venv/lib/python3.12/site-packages/requests/structures.py first seen with mtime 1726468846.6573164
DEBUG 2024-09-17 16:36:59,442 autoreload File /Users/kawamotonaoki/banhmilove/venv/lib/python3.12/site-packages/django/core/cache/backends/base.py first seen with mtime 1726468847.7037463
DEBUG 2024-09-17 16:36:59,442 autoreload File /Users/kawamotonaoki/banhmilove/venv/lib/python3.12/site-packages/django/db/migrations/state.py first seen with mtime 1726468847.7691824
DEBUG 2024-09-17 16:36:59,442 autoreload File /Users/kawamotonaoki/banhmilove/venv/lib/python3.12/site-packages/django/db/backends/base/base.py first seen with mtime 1726468847.7375987
DEBUG 2024-09-17 16:36:59,442 autoreload File /Users/kawamotonaoki/banhmilove/venv/lib/python3.12/site-packages/django/urls/resolvers.py first seen with mtime 1726468847.8510318
DEBUG 2024-09-17 16:36:59,442 autoreload File /opt/homebrew/Cellar/python@3.12/3.12.5/Frameworks/Python.framework/Versions/3.12/lib/python3.12/_compat_pickle.py first seen with mtime 1722971329.0
DEBUG 2024-09-17 16:36:59,442 autoreload File /Users/kawamotonaoki/banhmilove/venv/lib/python3.12/site-packages/pyasn1/type/namedtype.py first seen with mtime 1726468845.9275267
DEBUG 2024-09-17 16:36:59,442 autoreload File /Users/kawamotonaoki/banhmilove/venv/lib/python3.12/site-packages/django/utils/asyncio.py first seen with mtime 1726468847.8524914
DEBUG 2024-09-17 16:36:59,449 autoreload File /opt/homebrew/Cellar/python@3.12/3.12.5/Frameworks/Python.framework/Versions/3.12/lib/python3.12/traceback.py first seen with mtime 1722971329.0
DEBUG 2024-09-17 16:36:59,449 autoreload File /Users/kawamotonaoki/banhmilove/venv/lib/python3.12/site-packages/charset_normalizer/models.py first seen with mtime 1726468846.5214531
DEBUG 2024-09-17 16:36:59,449 autoreload File /opt/homebrew/Cellar/python@3.12/3.12.5/Frameworks/Python.framework/Versions/3.12/lib/python3.12/asyncio/log.py first seen with mtime 1722971329.0
DEBUG 2024-09-17 16:36:59,449 autoreload File /Users/kawamotonaoki/banhmilove/venv/lib/python3.12/site-packages/django/db/models/indexes.py first seen with mtime 1726468847.7766387
DEBUG 2024-09-17 16:36:59,449 autoreload File /Users/kawamotonaoki/banhmilove/venv/lib/python3.12/site-packages/urllib3/util/__init__.py first seen with mtime 1726468845.6038828
DEBUG 2024-09-17 16:36:59,450 autoreload File /Users/kawamotonaoki/banhmilove/venv/lib/python3.12/site-packages/django/contrib/auth/password_validation.py first seen with mtime 1726468847.2321854
DEBUG 2024-09-17 16:36:59,450 autoreload File /opt/homebrew/Cellar/python@3.12/3.12.5/Frameworks/Python.framework/Versions/3.12/lib/python3.12/zoneinfo/_common.py first seen with mtime 1722971329.0
DEBUG 2024-09-17 16:36:59,450 autoreload File /opt/homebrew/Cellar/python@3.12/3.12.5/Frameworks/Python.framework/Versions/3.12/lib/python3.12/numbers.py first seen with mtime 1722971329.0
DEBUG 2024-09-17 16:36:59,450 autoreload File /Users/kawamotonaoki/banhmilove/venv/lib/python3.12/site-packages/requests/__version__.py first seen with mtime 1726468846.6540768
DEBUG 2024-09-17 16:36:59,450 autoreload File /opt/homebrew/Cellar/python@3.12/3.12.5/Frameworks/Python.framework/Versions/3.12/lib/python3.12/json/decoder.py first seen with mtime 1722971329.0
DEBUG 2024-09-17 16:36:59,450 autoreload File /opt/homebrew/Cellar/python@3.12/3.12.5/Frameworks/Python.framework/Versions/3.12/lib/python3.12/warnings.py first seen with mtime 1722971329.0
DEBUG 2024-09-17 16:36:59,450 autoreload File /Users/kawamotonaoki/banhmilove/venv/lib/python3.12/site-packages/urllib3/response.py first seen with mtime 1726468845.6004412
DEBUG 2024-09-17 16:36:59,450 autoreload File /Users/kawamotonaoki/banhmilove/venv/lib/python3.12/site-packages/django/core/mail/message.py first seen with mtime 1726468847.71729
DEBUG 2024-09-17 16:36:59,450 autoreload File /Users/kawamotonaoki/banhmilove/venv/lib/python3.12/site-packages/django/http/__init__.py first seen with mtime 1726468847.8285983
DEBUG 2024-09-17 16:36:59,450 autoreload File /Users/kawamotonaoki/banhmilove/venv/lib/python3.12/site-packages/django/db/models/fields/related_lookups.py first seen with mtime 1726468847.784683
DEBUG 2024-09-17 16:36:59,450 autoreload File /Users/kawamotonaoki/banhmilove/venv/lib/python3.12/site-packages/pyasn1/type/tagmap.py first seen with mtime 1726468845.929554
DEBUG 2024-09-17 16:36:59,450 autoreload File /Users/kawamotonaoki/banhmilove/venv/lib/python3.12/site-packages/django/db/backends/base/creation.py first seen with mtime 1726468847.738653
DEBUG 2024-09-17 16:36:59,450 autoreload File /Users/kawamotonaoki/banhmilove/venv/lib/python3.12/site-packages/django/db/backends/postgresql/introspection.py first seen with mtime 1726468847.7537289
DEBUG 2024-09-17 16:36:59,450 autoreload File /Users/kawamotonaoki/banhmilove/venv/lib/python3.12/site-packages/pyasn1/codec/ber/decoder.py first seen with mtime 1726468845.9113941
DEBUG 2024-09-17 16:36:59,451 autoreload File /opt/homebrew/Cellar/python@3.12/3.12.5/Frameworks/Python.framework/Versions/3.12/lib/python3.12/email/policy.py first seen with mtime 1722971329.0
DEBUG 2024-09-17 16:36:59,451 autoreload File /Users/kawamotonaoki/banhmilove/venv/lib/python3.12/site-packages/decouple.py first seen with mtime 1726468927.0029411
DEBUG 2024-09-17 16:36:59,451 autoreload File /Users/kawamotonaoki/banhmilove/venv/lib/python3.12/site-packages/django/db/migrations/operations/special.py first seen with mtime 1726468847.7723823
DEBUG 2024-09-17 16:36:59,451 autoreload File /Users/kawamotonaoki/banhmilove/venv/lib/python3.12/site-packages/django/utils/functional.py first seen with mtime 1726468847.858789
DEBUG 2024-09-17 16:36:59,451 autoreload File /Users/kawamotonaoki/banhmilove/venv/lib/python3.12/site-packages/django/core/files/move.py first seen with mtime 1726468847.712019
DEBUG 2024-09-17 16:36:59,451 autoreload File /Users/kawamotonaoki/banhmilove/venv/lib/python3.12/site-packages/django/db/__init__.py first seen with mtime 1726468847.7338598
DEBUG 2024-09-17 16:36:59,451 autoreload File /Users/kawamotonaoki/banhmilove/venv/lib/python3.12/site-packages/django/utils/numberformat.py first seen with mtime 1726468847.8620684
DEBUG 2024-09-17 16:36:59,451 autoreload File /Users/kawamotonaoki/banhmilove/venv/lib/python3.12/site-packages/requests/exceptions.py first seen with mtime 1726468846.6558619
DEBUG 2024-09-17 16:36:59,451 autoreload File /Users/kawamotonaoki/banhmilove/venv/lib/python3.12/site-packages/googleapiclient/schema.py first seen with mtime 1726468849.5188823
DEBUG 2024-09-17 16:36:59,451 autoreload File /opt/homebrew/Cellar/python@3.12/3.12.5/Frameworks/Python.framework/Versions/3.12/lib/python3.12/lib-dynload/_heapq.cpython-312-darwin.so first seen with mtime 1724644387.3350086
DEBUG 2024-09-17 16:36:59,451 autoreload File /Users/kawamotonaoki/banhmilove/venv/lib/python3.12/site-packages/django/apps/__init__.py first seen with mtime 1726468847.002295
DEBUG 2024-09-17 16:36:59,451 autoreload File /opt/homebrew/Cellar/python@3.12/3.12.5/Frameworks/Python.framework/Versions/3.12/lib/python3.12/lib-dynload/zlib.cpython-312-darwin.so first seen with mtime 1724644388.9975545
DEBUG 2024-09-17 16:36:59,451 autoreload File /Users/kawamotonaoki/banhmilove/venv/lib/python3.12/site-packages/django/core/files/storage/filesystem.py first seen with mtime 1726468847.7139933
DEBUG 2024-09-17 16:36:59,451 autoreload File /opt/homebrew/Cellar/python@3.12/3.12.5/Frameworks/Python.framework/Versions/3.12/lib/python3.12/lib-dynload/_asyncio.cpython-312-darwin.so first seen with mtime 1724644386.6719038
DEBUG 2024-09-17 16:36:59,451 autoreload File /opt/homebrew/Cellar/python@3.12/3.12.5/Frameworks/Python.framework/Versions/3.12/lib/python3.12/logging/config.py first seen with mtime 1722971329.0
DEBUG 2024-09-17 16:36:59,451 autoreload File /Users/kawamotonaoki/banhmilove/venv/lib/python3.12/site-packages/django/db/models/fields/files.py first seen with mtime 1726468847.7810304
DEBUG 2024-09-17 16:36:59,451 autoreload File /Users/kawamotonaoki/banhmilove/venv/lib/python3.12/site-packages/google/auth/_exponential_backoff.py first seen with mtime 1726468849.3116312
DEBUG 2024-09-17 16:36:59,451 autoreload File /opt/homebrew/Cellar/python@3.12/3.12.5/Frameworks/Python.framework/Versions/3.12/lib/python3.12/email/charset.py first seen with mtime 1722971329.0
DEBUG 2024-09-17 16:36:59,451 autoreload File /Users/kawamotonaoki/banhmilove/venv/lib/python3.12/site-packages/django/urls/conf.py first seen with mtime 1726468847.8502448
DEBUG 2024-09-17 16:36:59,451 autoreload File /Users/kawamotonaoki/banhmilove/venv/lib/python3.12/site-packages/pyasn1/debug.py first seen with mtime 1726468845.908575
DEBUG 2024-09-17 16:36:59,451 autoreload File /Users/kawamotonaoki/banhmilove/venv/lib/python3.12/site-packages/django/core/handlers/base.py first seen with mtime 1726468847.7160373
DEBUG 2024-09-17 16:36:59,451 autoreload File /Users/kawamotonaoki/banhmilove/venv/lib/python3.12/site-packages/django/db/backends/base/operations.py first seen with mtime 1726468847.7400417
DEBUG 2024-09-17 16:36:59,451 autoreload File /Users/kawamotonaoki/banhmilove/venv/lib/python3.12/site-packages/django/template/__init__.py first seen with mtime 1726468847.8333726
DEBUG 2024-09-17 16:36:59,451 autoreload File /opt/homebrew/Cellar/python@3.12/3.12.5/Frameworks/Python.framework/Versions/3.12/lib/python3.12/urllib/error.py first seen with mtime 1722971329.0
DEBUG 2024-09-17 16:36:59,451 autoreload File /Users/kawamotonaoki/banhmilove/venv/lib/python3.12/site-packages/django/db/backends/base/introspection.py first seen with mtime 1726468847.739639
DEBUG 2024-09-17 16:36:59,451 autoreload File /Users/kawamotonaoki/banhmilove/venv/lib/python3.12/site-packages/django/views/i18n.py first seen with mtime 1726468847.8688207
DEBUG 2024-09-17 16:36:59,451 autoreload File /opt/homebrew/Cellar/python@3.12/3.12.5/Frameworks/Python.framework/Versions/3.12/lib/python3.12/email/_parseaddr.py first seen with mtime 1722971329.0
DEBUG 2024-09-17 16:36:59,451 autoreload File /Users/kawamotonaoki/banhmilove/venv/lib/python3.12/site-packages/django/contrib/admin/filters.py first seen with mtime 1726468847.0747442
DEBUG 2024-09-17 16:36:59,452 autoreload File /Users/kawamotonaoki/banhmilove/venv/lib/python3.12/site-packages/django/apps/registry.py first seen with mtime 1726468847.002687
DEBUG 2024-09-17 16:36:59,452 autoreload File /Users/kawamotonaoki/banhmilove/venv/lib/python3.12/site-packages/django/contrib/admin/templatetags/__init__.py first seen with mtime 1726468847.1859314
DEBUG 2024-09-17 16:36:59,452 autoreload File /Users/kawamotonaoki/banhmilove/venv/lib/python3.12/site-packages/charset_normalizer/md__mypyc.cpython-312-darwin.so first seen with mtime 1726468846.5291052
DEBUG 2024-09-17 16:36:59,452 autoreload File /opt/homebrew/Cellar/python@3.12/3.12.5/Frameworks/Python.framework/Versions/3.12/lib/python3.12/lib-dynload/_queue.cpython-312-darwin.so first seen with mtime 1724644387.667401
DEBUG 2024-09-17 16:36:59,452 autoreload File /Users/kawamotonaoki/banhmilove/venv/lib/python3.12/site-packages/django/contrib/contenttypes/models.py first seen with mtime 1726468847.2906494
DEBUG 2024-09-17 16:36:59,452 autoreload File /Users/kawamotonaoki/banhmilove/venv/lib/python3.12/site-packages/sqlparse/keywords.py first seen with mtime 1726468845.7427273
DEBUG 2024-09-17 16:36:59,452 autoreload File /opt/homebrew/Cellar/python@3.12/3.12.5/Frameworks/Python.framework/Versions/3.12/lib/python3.12/shutil.py first seen with mtime 1722971329.0
DEBUG 2024-09-17 16:36:59,452 autoreload File /Users/kawamotonaoki/banhmilove/venv/lib/python3.12/site-packages/django/contrib/staticfiles/__init__.py first seen with mtime 1726468847.6952868
DEBUG 2024-09-17 16:36:59,452 autoreload File /Users/kawamotonaoki/banhmilove/venv/lib/python3.12/site-packages/django/core/cache/backends/__init__.py first seen with mtime 1726468847.7032027
DEBUG 2024-09-17 16:36:59,452 autoreload File /opt/homebrew/Cellar/python@3.12/3.12.5/Frameworks/Python.framework/Versions/3.12/lib/python3.12/reprlib.py first seen with mtime 1722971329.0
DEBUG 2024-09-17 16:36:59,452 autoreload File /Users/kawamotonaoki/banhmilove/venv/lib/python3.12/site-packages/django/core/checks/security/csrf.py first seen with mtime 1726468847.7103474
DEBUG 2024-09-17 16:36:59,452 autoreload File /Users/kawamotonaoki/banhmilove/venv/lib/python3.12/site-packages/pyasn1_modules/__init__.py first seen with mtime 1726468846.6942422
DEBUG 2024-09-17 16:36:59,452 autoreload File /opt/homebrew/Cellar/python@3.12/3.12.5/Frameworks/Python.framework/Versions/3.12/lib/python3.12/html/parser.py first seen with mtime 1722971329.0
DEBUG 2024-09-17 16:36:59,452 autoreload File /Users/kawamotonaoki/banhmilove/venv/lib/python3.12/site-packages/django/contrib/admin/sites.py first seen with mtime 1726468847.0756505
DEBUG 2024-09-17 16:36:59,452 autoreload File /Users/kawamotonaoki/banhmilove/venv/lib/python3.12/site-packages/urllib3/util/connection.py first seen with mtime 1726468845.6046946
DEBUG 2024-09-17 16:36:59,452 autoreload File /opt/homebrew/Cellar/python@3.12/3.12.5/Frameworks/Python.framework/Versions/3.12/lib/python3.12/lib-dynload/_blake2.cpython-312-darwin.so first seen with mtime 1724644386.732081
DEBUG 2024-09-17 16:36:59,452 autoreload File /Users/kawamotonaoki/banhmilove/venv/lib/python3.12/site-packages/django/utils/datastructures.py first seen with mtime 1726468847.8541903
DEBUG 2024-09-17 16:36:59,452 autoreload File /Users/kawamotonaoki/banhmilove/venv/lib/python3.12/site-packages/django/db/backends/postgresql/client.py first seen with mtime 1726468847.7524421
DEBUG 2024-09-17 16:36:59,452 autoreload File /Users/kawamotonaoki/banhmilove/banhmilove_project/__init__.py first seen with mtime 1726401000.6866286
DEBUG 2024-09-17 16:36:59,452 autoreload File /opt/homebrew/Cellar/python@3.12/3.12.5/Frameworks/Python.framework/Versions/3.12/lib/python3.12/email/contentmanager.py first seen with mtime 1722971329.0
DEBUG 2024-09-17 16:36:59,452 autoreload File /opt/homebrew/Cellar/python@3.12/3.12.5/Frameworks/Python.framework/Versions/3.12/lib/python3.12/sysconfig.py first seen with mtime 1724644389.0183308
DEBUG 2024-09-17 16:36:59,453 autoreload File /opt/homebrew/Cellar/python@3.12/3.12.5/Frameworks/Python.framework/Versions/3.12/lib/python3.12/encodings/idna.py first seen with mtime 1722971329.0
DEBUG 2024-09-17 16:36:59,453 autoreload File /opt/homebrew/Cellar/python@3.12/3.12.5/Frameworks/Python.framework/Versions/3.12/lib/python3.12/lib-dynload/_socket.cpython-312-darwin.so first seen with mtime 1724644387.8439562
DEBUG 2024-09-17 16:36:59,453 autoreload File /Users/kawamotonaoki/banhmilove/venv/lib/python3.12/site-packages/urllib3/fields.py first seen with mtime 1726468845.599393
DEBUG 2024-09-17 16:36:59,453 autoreload File /Users/kawamotonaoki/banhmilove/venv/lib/python3.12/site-packages/asgiref/local.py first seen with mtime 1726468846.606164
DEBUG 2024-09-17 16:36:59,453 autoreload File /Users/kawamotonaoki/banhmilove/venv/lib/python3.12/site-packages/asgiref/sync.py first seen with mtime 1726468846.6067748
DEBUG 2024-09-17 16:36:59,453 autoreload File /Users/kawamotonaoki/banhmilove/venv/lib/python3.12/site-packages/django/db/backends/postgresql/base.py first seen with mtime 1726468847.7520902
DEBUG 2024-09-17 16:36:59,453 autoreload File /Users/kawamotonaoki/banhmilove/venv/lib/python3.12/site-packages/google/auth/credentials.py first seen with mtime 1726468849.3136222
DEBUG 2024-09-17 16:36:59,453 autoreload File /opt/homebrew/Cellar/python@3.12/3.12.5/Frameworks/Python.framework/Versions/3.12/lib/python3.12/asyncio/timeouts.py first seen with mtime 1722971329.0
DEBUG 2024-09-17 16:36:59,453 autoreload File /opt/homebrew/Cellar/python@3.12/3.12.5/Frameworks/Python.framework/Versions/3.12/lib/python3.12/socketserver.py first seen with mtime 1722971329.0
DEBUG 2024-09-17 16:36:59,453 autoreload File /opt/homebrew/Cellar/python@3.12/3.12.5/Frameworks/Python.framework/Versions/3.12/lib/python3.12/lib-dynload/_hashlib.cpython-312-darwin.so first seen with mtime 1724644387.3053753
DEBUG 2024-09-17 16:36:59,453 autoreload File /Users/kawamotonaoki/banhmilove/venv/lib/python3.12/site-packages/certifi/__init__.py first seen with mtime 1726468846.578071
DEBUG 2024-09-17 16:36:59,453 autoreload File /Users/kawamotonaoki/banhmilove/venv/lib/python3.12/site-packages/psycopg2/_ipaddress.py first seen with mtime 1726470534.0633771
DEBUG 2024-09-17 16:36:59,453 autoreload File /opt/homebrew/Cellar/python@3.12/3.12.5/Frameworks/Python.framework/Versions/3.12/lib/python3.12/re/_casefix.py first seen with mtime 1722971329.0
DEBUG 2024-09-17 16:36:59,453 autoreload File /Users/kawamotonaoki/banhmilove/venv/lib/python3.12/site-packages/django/db/backends/base/features.py first seen with mtime 1726468847.7392626
DEBUG 2024-09-17 16:36:59,453 autoreload File /Users/kawamotonaoki/banhmilove/venv/lib/python3.12/site-packages/django/db/models/functions/datetime.py first seen with mtime 1726468847.7868755
DEBUG 2024-09-17 16:36:59,453 autoreload File /opt/homebrew/Cellar/python@3.12/3.12.5/Frameworks/Python.framework/Versions/3.12/lib/python3.12/encodings/aliases.py first seen with mtime 1722971329.0
DEBUG 2024-09-17 16:36:59,453 autoreload File /opt/homebrew/Cellar/python@3.12/3.12.5/Frameworks/Python.framework/Versions/3.12/lib/python3.12/struct.py first seen with mtime 1722971329.0
DEBUG 2024-09-17 16:36:59,453 autoreload File /Users/kawamotonaoki/banhmilove/venv/lib/python3.12/site-packages/uritemplate/orderedset.py first seen with mtime 1726468845.7024577
DEBUG 2024-09-17 16:36:59,453 autoreload File /opt/homebrew/Cellar/python@3.12/3.12.5/Frameworks/Python.framework/Versions/3.12/lib/python3.12/opcode.py first seen with mtime 1722971329.0
DEBUG 2024-09-17 16:36:59,453 autoreload File /Users/kawamotonaoki/banhmilove/venv/lib/python3.12/site-packages/django/template/autoreload.py first seen with mtime 1726468847.8336656
DEBUG 2024-09-17 16:36:59,453 autoreload File /opt/homebrew/Cellar/python@3.12/3.12.5/Frameworks/Python.framework/Versions/3.12/lib/python3.12/asyncio/selector_events.py first seen with mtime 1722971329.0
DEBUG 2024-09-17 16:36:59,453 autoreload File /Users/kawamotonaoki/banhmilove/venv/lib/python3.12/site-packages/idna/core.py first seen with mtime 1726468846.3431222
DEBUG 2024-09-17 16:36:59,453 autoreload File /opt/homebrew/Cellar/python@3.12/3.12.5/Frameworks/Python.framework/Versions/3.12/lib/python3.12/random.py first seen with mtime 1722971329.0
DEBUG 2024-09-17 16:36:59,453 autoreload File /opt/homebrew/Cellar/python@3.12/3.12.5/Frameworks/Python.framework/Versions/3.12/lib/python3.12/importlib/resources/readers.py first seen with mtime 1722971329.0
DEBUG 2024-09-17 16:36:59,453 autoreload File /Users/kawamotonaoki/banhmilove/venv/lib/python3.12/site-packages/requests/cookies.py first seen with mtime 1726468846.6556768
DEBUG 2024-09-17 16:36:59,453 autoreload File /Users/kawamotonaoki/banhmilove/venv/lib/python3.12/site-packages/django/template/backends/__init__.py first seen with mtime 1726468847.8401554
DEBUG 2024-09-17 16:36:59,453 autoreload File /Users/kawamotonaoki/banhmilove/venv/lib/python3.12/site-packages/urllib3/poolmanager.py first seen with mtime 1726468845.6000264
DEBUG 2024-09-17 16:36:59,453 autoreload File /opt/homebrew/Cellar/python@3.12/3.12.5/Frameworks/Python.framework/Versions/3.12/lib/python3.12/types.py first seen with mtime 1722971329.0
DEBUG 2024-09-17 16:36:59,453 autoreload File /Users/kawamotonaoki/banhmilove/venv/lib/python3.12/site-packages/urllib3/util/ssltransport.py first seen with mtime 1726468845.607988
DEBUG 2024-09-17 16:36:59,453 autoreload File /Users/kawamotonaoki/banhmilove/venv/lib/python3.12/site-packages/django/utils/dateformat.py first seen with mtime 1726468847.8546157
DEBUG 2024-09-17 16:36:59,453 autoreload File /opt/homebrew/Cellar/python@3.12/3.12.5/Frameworks/Python.framework/Versions/3.12/lib/python3.12/zoneinfo/__init__.py first seen with mtime 1722971329.0
DEBUG 2024-09-17 16:36:59,454 autoreload File /Users/kawamotonaoki/banhmilove/venv/lib/python3.12/site-packages/pyparsing/helpers.py first seen with mtime 1726468845.7918143
DEBUG 2024-09-17 16:36:59,454 autoreload File /Users/kawamotonaoki/banhmilove/venv/lib/python3.12/site-packages/django/db/models/sql/datastructures.py first seen with mtime 1726468847.7902591
DEBUG 2024-09-17 16:36:59,454 autoreload File /opt/homebrew/Cellar/python@3.12/3.12.5/Frameworks/Python.framework/Versions/3.12/lib/python3.12/sitecustomize.py first seen with mtime 1724644389.0177665
DEBUG 2024-09-17 16:36:59,454 autoreload File /Users/kawamotonaoki/banhmilove/venv/lib/python3.12/site-packages/django/utils/translation/__init__.py first seen with mtime 1726468847.8658926
DEBUG 2024-09-17 16:36:59,454 autoreload File /Users/kawamotonaoki/banhmilove/venv/lib/python3.12/site-packages/django/contrib/admin/utils.py first seen with mtime 1726468847.076154
DEBUG 2024-09-17 16:36:59,454 autoreload File /Users/kawamotonaoki/banhmilove/venv/lib/python3.12/site-packages/django/db/backends/postgresql/schema.py first seen with mtime 1726468847.7552898
DEBUG 2024-09-17 16:36:59,454 autoreload File /Users/kawamotonaoki/banhmilove/venv/lib/python3.12/site-packages/pyparsing/results.py first seen with mtime 1726468845.79216
DEBUG 2024-09-17 16:36:59,454 autoreload File /Users/kawamotonaoki/banhmilove/venv/lib/python3.12/site-packages/django/core/__init__.py first seen with mtime 1726468847.7002728
DEBUG 2024-09-17 16:36:59,454 autoreload File /opt/homebrew/Cellar/python@3.12/3.12.5/Frameworks/Python.framework/Versions/3.12/lib/python3.12/asyncio/queues.py first seen with mtime 1722971329.0
DEBUG 2024-09-17 16:36:59,454 autoreload File /Users/kawamotonaoki/banhmilove/venv/lib/python3.12/site-packages/httplib2/__init__.py first seen with mtime 1726468846.8945215
DEBUG 2024-09-17 16:36:59,454 autoreload File /opt/homebrew/Cellar/python@3.12/3.12.5/Frameworks/Python.framework/Versions/3.12/lib/python3.12/collections/__init__.py first seen with mtime 1722971329.0
DEBUG 2024-09-17 16:36:59,454 autoreload File /opt/homebrew/Cellar/python@3.12/3.12.5/Frameworks/Python.framework/Versions/3.12/lib/python3.12/contextlib.py first seen with mtime 1722971329.0
DEBUG 2024-09-17 16:36:59,454 autoreload File /Users/kawamotonaoki/banhmilove/venv/lib/python3.12/site-packages/django/core/checks/registry.py first seen with mtime 1726468847.7079582
DEBUG 2024-09-17 16:36:59,454 autoreload File /opt/homebrew/Cellar/python@3.12/3.12.5/Frameworks/Python.framework/Versions/3.12/lib/python3.12/_osx_support.py first seen with mtime 1722971329.0
DEBUG 2024-09-17 16:36:59,455 autoreload File /Users/kawamotonaoki/banhmilove/venv/lib/python3.12/site-packages/django/core/handlers/wsgi.py first seen with mtime 1726468847.7166343
DEBUG 2024-09-17 16:36:59,455 autoreload File /Users/kawamotonaoki/banhmilove/venv/lib/python3.12/site-packages/django/utils/timezone.py first seen with mtime 1726468847.864391
DEBUG 2024-09-17 16:36:59,455 autoreload File /Users/kawamotonaoki/banhmilove/venv/lib/python3.12/site-packages/django/core/management/commands/runserver.py first seen with mtime 1726468847.7259789
DEBUG 2024-09-17 16:36:59,455 autoreload File /Users/kawamotonaoki/banhmilove/venv/lib/python3.12/site-packages/idna/intranges.py first seen with mtime 1726468846.3439522
DEBUG 2024-09-17 16:36:59,455 autoreload File /Users/kawamotonaoki/banhmilove/venv/lib/python3.12/site-packages/django/utils/topological_sort.py first seen with mtime 1726468847.864645
DEBUG 2024-09-17 16:36:59,455 autoreload File /Users/kawamotonaoki/banhmilove/venv/lib/python3.12/site-packages/google/auth/transport/_mtls_helper.py first seen with mtime 1726468849.31977
DEBUG 2024-09-17 16:36:59,456 autoreload File /opt/homebrew/Cellar/python@3.12/3.12.5/Frameworks/Python.framework/Versions/3.12/lib/python3.12/logging/__init__.py first seen with mtime 1722971329.0
DEBUG 2024-09-17 16:36:59,456 autoreload File /Users/kawamotonaoki/banhmilove/venv/lib/python3.12/site-packages/pyasn1/codec/cer/decoder.py first seen with mtime 1726468845.9136121
DEBUG 2024-09-17 16:36:59,456 autoreload File /Users/kawamotonaoki/banhmilove/venv/lib/python3.12/site-packages/urllib3/util/response.py first seen with mtime 1726468845.6059368
DEBUG 2024-09-17 16:36:59,456 autoreload File /opt/homebrew/Cellar/python@3.12/3.12.5/Frameworks/Python.framework/Versions/3.12/lib/python3.12/calendar.py first seen with mtime 1722971329.0
DEBUG 2024-09-17 16:36:59,456 autoreload File /Users/kawamotonaoki/banhmilove/venv/lib/python3.12/site-packages/rsa/core.py first seen with mtime 1726468846.628039
DEBUG 2024-09-17 16:36:59,457 autoreload File /Users/kawamotonaoki/banhmilove/venv/lib/python3.12/site-packages/django/conf/__init__.py first seen with mtime 1726468847.0029774
DEBUG 2024-09-17 16:36:59,457 autoreload File /Users/kawamotonaoki/banhmilove/venv/lib/python3.12/site-packages/django/templatetags/l10n.py first seen with mtime 1726468847.8450615
DEBUG 2024-09-17 16:36:59,457 autoreload File /Users/kawamotonaoki/banhmilove/venv/lib/python3.12/site-packages/django/core/serializers/python.py first seen with mtime 1726468847.731971
DEBUG 2024-09-17 16:36:59,457 autoreload File /Users/kawamotonaoki/banhmilove/venv/lib/python3.12/site-packages/google/api_core/universe.py first seen with mtime 1726468849.4307802
DEBUG 2024-09-17 16:36:59,457 autoreload File /opt/homebrew/Cellar/python@3.12/3.12.5/Frameworks/Python.framework/Versions/3.12/lib/python3.12/lib-dynload/_zoneinfo.cpython-312-darwin.so first seen with mtime 1724644388.3310714
DEBUG 2024-09-17 16:36:59,457 autoreload File /Users/kawamotonaoki/banhmilove/venv/lib/python3.12/site-packages/django/db/models/deletion.py first seen with mtime 1726468847.7752423
DEBUG 2024-09-17 16:36:59,457 autoreload File /Users/kawamotonaoki/banhmilove/venv/lib/python3.12/site-packages/django/contrib/staticfiles/management/commands/__init__.py first seen with mtime 1726468847.6982806
DEBUG 2024-09-17 16:36:59,457 autoreload File /Users/kawamotonaoki/banhmilove/venv/lib/python3.12/site-packages/sqlparse/engine/statement_splitter.py first seen with mtime 1726468845.745546
DEBUG 2024-09-17 16:36:59,457 autoreload File /opt/homebrew/Cellar/python@3.12/3.12.5/Frameworks/Python.framework/Versions/3.12/lib/python3.12/uuid.py first seen with mtime 1722971329.0
DEBUG 2024-09-17 16:36:59,457 autoreload File /Users/kawamotonaoki/banhmilove/venv/lib/python3.12/site-packages/django/contrib/admin/options.py first seen with mtime 1726468847.0754852
DEBUG 2024-09-17 16:36:59,458 autoreload File /Users/kawamotonaoki/banhmilove/venv/lib/python3.12/site-packages/django/template/loaders/cached.py first seen with mtime 1726468847.843229
DEBUG 2024-09-17 16:36:59,458 autoreload File /Users/kawamotonaoki/banhmilove/venv/lib/python3.12/site-packages/django/template/backends/base.py first seen with mtime 1726468847.8405163
DEBUG 2024-09-17 16:36:59,458 autoreload File /Users/kawamotonaoki/banhmilove/venv/lib/python3.12/site-packages/django/utils/timesince.py first seen with mtime 1726468847.8640075
DEBUG 2024-09-17 16:36:59,458 autoreload File /opt/homebrew/Cellar/python@3.12/3.12.5/Frameworks/Python.framework/Versions/3.12/lib/python3.12/zoneinfo/_tzpath.py first seen with mtime 1722971329.0
DEBUG 2024-09-17 16:36:59,458 autoreload File /opt/homebrew/Cellar/python@3.12/3.12.5/Frameworks/Python.framework/Versions/3.12/lib/python3.12/functools.py first seen with mtime 1722971329.0
DEBUG 2024-09-17 16:36:59,458 autoreload File /opt/homebrew/Cellar/python@3.12/3.12.5/Frameworks/Python.framework/Versions/3.12/lib/python3.12/email/quoprimime.py first seen with mtime 1722971329.0
DEBUG 2024-09-17 16:36:59,458 autoreload File /Users/kawamotonaoki/banhmilove/venv/lib/python3.12/site-packages/charset_normalizer/api.py first seen with mtime 1726468846.5250914
DEBUG 2024-09-17 16:36:59,459 autoreload File /Users/kawamotonaoki/banhmilove/venv/lib/python3.12/site-packages/requests/api.py first seen with mtime 1726468846.654782
DEBUG 2024-09-17 16:36:59,459 autoreload File /Users/kawamotonaoki/banhmilove/venv/lib/python3.12/site-packages/sqlparse/engine/__init__.py first seen with mtime 1726468845.7445395
DEBUG 2024-09-17 16:36:59,459 autoreload File /opt/homebrew/Cellar/python@3.12/3.12.5/Frameworks/Python.framework/Versions/3.12/lib/python3.12/lib-dynload/_json.cpython-312-darwin.so first seen with mtime 1724644387.364618
DEBUG 2024-09-17 16:36:59,459 autoreload File /Users/kawamotonaoki/banhmilove/venv/lib/python3.12/site-packages/django/db/utils.py first seen with mtime 1726468847.735084
DEBUG 2024-09-17 16:36:59,459 autoreload File /Users/kawamotonaoki/banhmilove/venv/lib/python3.12/site-packages/pyasn1/compat/integer.py first seen with mtime 1726468845.921004
DEBUG 2024-09-17 16:36:59,459 autoreload File /opt/homebrew/Cellar/python@3.12/3.12.5/Frameworks/Python.framework/Versions/3.12/lib/python3.12/_sysconfigdata__darwin_darwin.py first seen with mtime 1724644389.0151618
DEBUG 2024-09-17 16:36:59,459 autoreload File /Users/kawamotonaoki/banhmilove/venv/lib/python3.12/site-packages/charset_normalizer/__init__.py first seen with mtime 1726468846.524682
DEBUG 2024-09-17 16:36:59,460 autoreload File /opt/homebrew/Cellar/python@3.12/3.12.5/Frameworks/Python.framework/Versions/3.12/lib/python3.12/difflib.py first seen with mtime 1722971329.0
DEBUG 2024-09-17 16:36:59,460 autoreload File /Users/kawamotonaoki/banhmilove/venv/lib/python3.12/site-packages/googleapiclient/__init__.py first seen with mtime 1726468849.5160954
DEBUG 2024-09-17 16:36:59,460 autoreload File /opt/homebrew/Cellar/python@3.12/3.12.5/Frameworks/Python.framework/Versions/3.12/lib/python3.12/encodings/utf_8.py first seen with mtime 1722971329.0
DEBUG 2024-09-17 16:36:59,460 autoreload File /Users/kawamotonaoki/banhmilove/venv/lib/python3.12/site-packages/pyasn1/codec/der/decoder.py first seen with mtime 1726468845.9157028
DEBUG 2024-09-17 16:36:59,460 autoreload File /Users/kawamotonaoki/banhmilove/venv/lib/python3.12/site-packages/pyasn1_modules/rfc5208.py first seen with mtime 1726468846.705297
DEBUG 2024-09-17 16:36:59,460 autoreload File /Users/kawamotonaoki/banhmilove/banhmilove_app/models.py first seen with mtime 1726550073.7027345
DEBUG 2024-09-17 16:36:59,460 autoreload File /Users/kawamotonaoki/banhmilove/venv/lib/python3.12/site-packages/django/urls/base.py first seen with mtime 1726468847.8499968
DEBUG 2024-09-17 16:36:59,460 autoreload File /Users/kawamotonaoki/banhmilove/venv/lib/python3.12/site-packages/django/contrib/auth/forms.py first seen with mtime 1726468847.2313898
DEBUG 2024-09-17 16:36:59,460 autoreload File /Users/kawamotonaoki/banhmilove/banhmilove_app/__init__.py first seen with mtime 1726400992.1569622
DEBUG 2024-09-17 16:36:59,460 autoreload File /Users/kawamotonaoki/banhmilove/venv/lib/python3.12/site-packages/django/core/management/commands/__init__.py first seen with mtime 1726468847.7217495
DEBUG 2024-09-17 16:36:59,460 autoreload File /Users/kawamotonaoki/banhmilove/venv/lib/python3.12/site-packages/google/oauth2/_client.py first seen with mtime 1726468849.3213992
DEBUG 2024-09-17 16:36:59,460 autoreload File /Users/kawamotonaoki/banhmilove/venv/lib/python3.12/site-packages/django/core/checks/templates.py first seen with mtime 1726468847.7082038
DEBUG 2024-09-17 16:36:59,460 autoreload File /Users/kawamotonaoki/banhmilove/venv/lib/python3.12/site-packages/django/db/migrations/migration.py first seen with mtime 1726468847.766847
DEBUG 2024-09-17 16:36:59,460 autoreload File /Users/kawamotonaoki/banhmilove/venv/lib/python3.12/site-packages/django/dispatch/__init__.py first seen with mtime 1726468847.7926269
DEBUG 2024-09-17 16:36:59,460 autoreload File /Users/kawamotonaoki/banhmilove/venv/lib/python3.12/site-packages/django/db/models/sql/query.py first seen with mtime 1726468847.7911046
DEBUG 2024-09-17 16:36:59,461 autoreload File /Users/kawamotonaoki/banhmilove/venv/lib/python3.12/site-packages/urllib3/_collections.py first seen with mtime 1726468845.5976815
DEBUG 2024-09-17 16:36:59,461 autoreload File /Users/kawamotonaoki/banhmilove/venv/lib/python3.12/site-packages/sqlparse/lexer.py first seen with mtime 1726468845.7429507
DEBUG 2024-09-17 16:36:59,461 autoreload File /Users/kawamotonaoki/banhmilove/venv/lib/python3.12/site-packages/google/auth/version.py first seen with mtime 1726468849.3164349
DEBUG 2024-09-17 16:36:59,461 autoreload File /Users/kawamotonaoki/banhmilove/venv/lib/python3.12/site-packages/pyparsing/common.py first seen with mtime 1726468845.7903175
DEBUG 2024-09-17 16:36:59,461 autoreload File /Users/kawamotonaoki/banhmilove/venv/lib/python3.12/site-packages/google/auth/environment_vars.py first seen with mtime 1726468849.3140032
DEBUG 2024-09-17 16:36:59,461 autoreload File /Users/kawamotonaoki/banhmilove/venv/lib/python3.12/site-packages/rsa/prime.py first seen with mtime 1726468846.6296675
DEBUG 2024-09-17 16:36:59,461 autoreload File /Users/kawamotonaoki/banhmilove/venv/lib/python3.12/site-packages/django/contrib/staticfiles/finders.py first seen with mtime 1726468847.696208
DEBUG 2024-09-17 16:36:59,461 autoreload File /opt/homebrew/Cellar/python@3.12/3.12.5/Frameworks/Python.framework/Versions/3.12/lib/python3.12/wsgiref/headers.py first seen with mtime 1722971329.0
DEBUG 2024-09-17 16:36:59,461 autoreload File /opt/homebrew/Cellar/python@3.12/3.12.5/Frameworks/Python.framework/Versions/3.12/lib/python3.12/string.py first seen with mtime 1722971329.0
DEBUG 2024-09-17 16:36:59,461 autoreload File /Users/kawamotonaoki/banhmilove/venv/lib/python3.12/site-packages/django/dispatch/dispatcher.py first seen with mtime 1726468847.7931058
DEBUG 2024-09-17 16:36:59,461 autoreload File /Users/kawamotonaoki/banhmilove/venv/lib/python3.12/site-packages/django/utils/_os.py first seen with mtime 1726468847.8517764
DEBUG 2024-09-17 16:36:59,461 autoreload File /Users/kawamotonaoki/banhmilove/venv/lib/python3.12/site-packages/django/contrib/auth/management/__init__.py first seen with mtime 1726468847.2859526
DEBUG 2024-09-17 16:36:59,461 autoreload File /Users/kawamotonaoki/banhmilove/venv/lib/python3.12/site-packages/django/contrib/contenttypes/management/__init__.py first seen with mtime 1726468847.3308516
DEBUG 2024-09-17 16:36:59,461 autoreload File /Users/kawamotonaoki/banhmilove/venv/lib/python3.12/site-packages/rsa/pem.py first seen with mtime 1726468846.629028
DEBUG 2024-09-17 16:36:59,461 autoreload File /Users/kawamotonaoki/banhmilove/venv/lib/python3.12/site-packages/django/contrib/contenttypes/apps.py first seen with mtime 1726468847.2899368
DEBUG 2024-09-17 16:36:59,461 autoreload File /Users/kawamotonaoki/banhmilove/venv/lib/python3.12/site-packages/django/core/checks/security/base.py first seen with mtime 1726468847.7100894
DEBUG 2024-09-17 16:36:59,462 autoreload File /Users/kawamotonaoki/banhmilove/venv/lib/python3.12/site-packages/pyasn1/error.py first seen with mtime 1726468845.908982
DEBUG 2024-09-17 16:36:59,462 autoreload File /Users/kawamotonaoki/banhmilove/venv/lib/python3.12/site-packages/django/contrib/sites/shortcuts.py first seen with mtime 1726468847.6349385
DEBUG 2024-09-17 16:36:59,462 autoreload File /Users/kawamotonaoki/banhmilove/venv/lib/python3.12/site-packages/django/utils/regex_helper.py first seen with mtime 1726468847.862731
DEBUG 2024-09-17 16:36:59,462 autoreload File /Users/kawamotonaoki/banhmilove/venv/lib/python3.12/site-packages/googleapiclient/model.py first seen with mtime 1726468849.518369
DEBUG 2024-09-17 16:36:59,462 autoreload File /Users/kawamotonaoki/banhmilove/venv/lib/python3.12/site-packages/requests/adapters.py first seen with mtime 1726468846.6545348
DEBUG 2024-09-17 16:36:59,462 autoreload File /Users/kawamotonaoki/banhmilove/venv/lib/python3.12/site-packages/sqlparse/utils.py first seen with mtime 1726468845.7440937
DEBUG 2024-09-17 16:36:59,462 autoreload File /Users/kawamotonaoki/banhmilove/venv/lib/python3.12/site-packages/urllib3/exceptions.py first seen with mtime 1726468845.5991359
DEBUG 2024-09-17 16:36:59,462 autoreload File /Users/kawamotonaoki/banhmilove/venv/lib/python3.12/site-packages/django/contrib/messages/storage/__init__.py first seen with mtime 1726468847.493555
DEBUG 2024-09-17 16:36:59,462 autoreload File /opt/homebrew/Cellar/python@3.12/3.12.5/Frameworks/Python.framework/Versions/3.12/lib/python3.12/copy.py first seen with mtime 1722971329.0
DEBUG 2024-09-17 16:36:59,462 autoreload File /opt/homebrew/Cellar/python@3.12/3.12.5/Frameworks/Python.framework/Versions/3.12/lib/python3.12/lib-dynload/_posixsubprocess.cpython-312-darwin.so first seen with mtime 1724644387.6377218
DEBUG 2024-09-17 16:36:59,462 autoreload File /Users/kawamotonaoki/banhmilove/venv/lib/python3.12/site-packages/django/urls/exceptions.py first seen with mtime 1726468847.8507178
DEBUG 2024-09-17 16:36:59,462 autoreload File /opt/homebrew/Cellar/python@3.12/3.12.5/Frameworks/Python.framework/Versions/3.12/lib/python3.12/pprint.py first seen with mtime 1722971329.0
DEBUG 2024-09-17 16:36:59,462 autoreload File /Users/kawamotonaoki/banhmilove/venv/lib/python3.12/site-packages/pyasn1_modules/pem.py first seen with mtime 1726468846.6944187
DEBUG 2024-09-17 16:36:59,462 autoreload File /Users/kawamotonaoki/banhmilove/venv/lib/python3.12/site-packages/google/auth/_default.py first seen with mtime 1726468849.3111506
DEBUG 2024-09-17 16:36:59,462 autoreload File /Users/kawamotonaoki/banhmilove/venv/lib/python3.12/site-packages/urllib3/util/ssl_match_hostname.py first seen with mtime 1726468845.6072268
DEBUG 2024-09-17 16:36:59,462 autoreload File /Users/kawamotonaoki/banhmilove/venv/lib/python3.12/site-packages/django/core/files/utils.py first seen with mtime 1726468847.7130985
DEBUG 2024-09-17 16:36:59,462 autoreload File /Users/kawamotonaoki/banhmilove/venv/lib/python3.12/site-packages/googleapiclient/version.py first seen with mtime 1726468849.519062
DEBUG 2024-09-17 16:36:59,462 autoreload File /opt/homebrew/Cellar/python@3.12/3.12.5/Frameworks/Python.framework/Versions/3.12/lib/python3.12/bisect.py first seen with mtime 1722971329.0
DEBUG 2024-09-17 16:36:59,462 autoreload File /Users/kawamotonaoki/banhmilove/venv/lib/python3.12/site-packages/django/core/handlers/exception.py first seen with mtime 1726468847.716344
DEBUG 2024-09-17 16:36:59,462 autoreload File /Users/kawamotonaoki/banhmilove/venv/lib/python3.12/site-packages/django/contrib/sessions/models.py first seen with mtime 1726468847.5839024
DEBUG 2024-09-17 16:36:59,462 autoreload File /Users/kawamotonaoki/banhmilove/venv/lib/python3.12/site-packages/django/utils/cache.py first seen with mtime 1726468847.8533134
DEBUG 2024-09-17 16:36:59,462 autoreload File /Users/kawamotonaoki/banhmilove/venv/lib/python3.12/site-packages/pyparsing/testing.py first seen with mtime 1726468845.7924323
DEBUG 2024-09-17 16:36:59,462 autoreload File /Users/kawamotonaoki/banhmilove/venv/lib/python3.12/site-packages/requests/sessions.py first seen with mtime 1726468846.6568918
DEBUG 2024-09-17 16:36:59,462 autoreload File /Users/kawamotonaoki/banhmilove/venv/lib/python3.12/site-packages/django/template/smartif.py first seen with mtime 1726468847.8393235
DEBUG 2024-09-17 16:36:59,462 autoreload File /Users/kawamotonaoki/banhmilove/venv/lib/python3.12/site-packages/django/db/models/sql/subqueries.py first seen with mtime 1726468847.791514
DEBUG 2024-09-17 16:36:59,462 autoreload File /Users/kawamotonaoki/banhmilove/venv/lib/python3.12/site-packages/django/core/files/storage/memory.py first seen with mtime 1726468847.71472
DEBUG 2024-09-17 16:36:59,462 autoreload File /Users/kawamotonaoki/banhmilove/venv/lib/python3.12/site-packages/django/contrib/sessions/middleware.py first seen with mtime 1726468847.5837417
DEBUG 2024-09-17 16:36:59,462 autoreload File /Users/kawamotonaoki/banhmilove/venv/lib/python3.12/site-packages/google/auth/_refresh_worker.py first seen with mtime 1726468849.3125503
DEBUG 2024-09-17 16:36:59,462 autoreload File /Users/kawamotonaoki/banhmilove/venv/lib/python3.12/site-packages/django/core/checks/translation.py first seen with mtime 1726468847.7086027
DEBUG 2024-09-17 16:36:59,462 autoreload File /opt/homebrew/Cellar/python@3.12/3.12.5/Frameworks/Python.framework/Versions/3.12/lib/python3.12/email/encoders.py first seen with mtime 1722971329.0
DEBUG 2024-09-17 16:36:59,463 autoreload File /opt/homebrew/Cellar/python@3.12/3.12.5/Frameworks/Python.framework/Versions/3.12/lib/python3.12/collections/abc.py first seen with mtime 1722971329.0
DEBUG 2024-09-17 16:36:59,463 autoreload File /Users/kawamotonaoki/banhmilove/venv/lib/python3.12/site-packages/django/core/checks/messages.py first seen with mtime 1726468847.707336
DEBUG 2024-09-17 16:36:59,463 autoreload File /opt/homebrew/Cellar/python@3.12/3.12.5/Frameworks/Python.framework/Versions/3.12/lib/python3.12/asyncio/base_futures.py first seen with mtime 1722971329.0
DEBUG 2024-09-17 16:36:59,463 autoreload File /Users/kawamotonaoki/banhmilove/venv/lib/python3.12/site-packages/requests/certs.py first seen with mtime 1726468846.6552806
DEBUG 2024-09-17 16:36:59,463 autoreload File /opt/homebrew/Cellar/python@3.12/3.12.5/Frameworks/Python.framework/Versions/3.12/lib/python3.12/lib-dynload/array.cpython-312-darwin.so first seen with mtime 1724644388.3601747
DEBUG 2024-09-17 16:36:59,463 autoreload File /Users/kawamotonaoki/banhmilove/venv/lib/python3.12/site-packages/django/contrib/admin/helpers.py first seen with mtime 1726468847.075038
DEBUG 2024-09-17 16:36:59,463 autoreload File /opt/homebrew/Cellar/python@3.12/3.12.5/Frameworks/Python.framework/Versions/3.12/lib/python3.12/importlib/resources/_adapters.py first seen with mtime 1722971329.0
DEBUG 2024-09-17 16:36:59,463 autoreload File /Users/kawamotonaoki/banhmilove/venv/lib/python3.12/site-packages/django/db/models/constants.py first seen with mtime 1726468847.7742643
DEBUG 2024-09-17 16:36:59,463 autoreload File /Users/kawamotonaoki/banhmilove/venv/lib/python3.12/site-packages/django/core/wsgi.py first seen with mtime 1726468847.702431
DEBUG 2024-09-17 16:36:59,463 autoreload File /Users/kawamotonaoki/banhmilove/banhmilove_app/admin.py first seen with mtime 1726400991.6513827
DEBUG 2024-09-17 16:36:59,466 autoreload File /Users/kawamotonaoki/banhmilove/venv/lib/python3.12/site-packages/django/contrib/auth/backends.py first seen with mtime 1726468847.2304301
DEBUG 2024-09-17 16:36:59,467 autoreload File /Users/kawamotonaoki/banhmilove/manage.py first seen with mtime 1726401000.2653365
DEBUG 2024-09-17 16:36:59,467 autoreload File /opt/homebrew/Cellar/python@3.12/3.12.5/Frameworks/Python.framework/Versions/3.12/lib/python3.12/importlib/resources/__init__.py first seen with mtime 1722971329.0
DEBUG 2024-09-17 16:36:59,470 autoreload File /Users/kawamotonaoki/banhmilove/venv/lib/python3.12/site-packages/django/contrib/sessions/base_session.py first seen with mtime 1726468847.5833864
DEBUG 2024-09-17 16:36:59,470 autoreload File /Users/kawamotonaoki/banhmilove/venv/lib/python3.12/site-packages/google/api_core/version.py first seen with mtime 1726468849.4309494
DEBUG 2024-09-17 16:36:59,471 autoreload File /Users/kawamotonaoki/banhmilove/venv/lib/python3.12/site-packages/django/forms/boundfield.py first seen with mtime 1726468847.794427
DEBUG 2024-09-17 16:36:59,471 autoreload File /Users/kawamotonaoki/banhmilove/venv/lib/python3.12/site-packages/urllib3/util/proxy.py first seen with mtime 1726468845.6051922
DEBUG 2024-09-17 16:36:59,471 autoreload File /Users/kawamotonaoki/banhmilove/venv/lib/python3.12/site-packages/django/db/models/expressions.py first seen with mtime 1726468847.7761273
DEBUG 2024-09-17 16:36:59,471 autoreload File /Users/kawamotonaoki/banhmilove/venv/lib/python3.12/site-packages/django/views/generic/detail.py first seen with mtime 1726468847.872729
DEBUG 2024-09-17 16:36:59,471 autoreload File /Users/kawamotonaoki/banhmilove/venv/lib/python3.12/site-packages/django/db/backends/postgresql/__init__.py first seen with mtime 1726468847.7508337
DEBUG 2024-09-17 16:36:59,471 autoreload File /Users/kawamotonaoki/banhmilove/venv/lib/python3.12/site-packages/httplib2/certs.py first seen with mtime 1726468846.895736
DEBUG 2024-09-17 16:36:59,472 autoreload File /Users/kawamotonaoki/banhmilove/venv/lib/python3.12/site-packages/rsa/key.py first seen with mtime 1726468846.628543
DEBUG 2024-09-17 16:36:59,472 autoreload File /Users/kawamotonaoki/banhmilove/venv/lib/python3.12/site-packages/pyparsing/unicode.py first seen with mtime 1726468845.792854
DEBUG 2024-09-17 16:36:59,473 autoreload File /Users/kawamotonaoki/banhmilove/venv/lib/python3.12/site-packages/charset_normalizer/constant.py first seen with mtime 1726468846.5271833
DEBUG 2024-09-17 16:36:59,473 autoreload File /opt/homebrew/Cellar/python@3.12/3.12.5/Frameworks/Python.framework/Versions/3.12/lib/python3.12/keyword.py first seen with mtime 1722971329.0
DEBUG 2024-09-17 16:36:59,473 autoreload File /Users/kawamotonaoki/banhmilove/venv/lib/python3.12/site-packages/django/utils/encoding.py first seen with mtime 1726468847.857274
DEBUG 2024-09-17 16:36:59,473 autoreload File /Users/kawamotonaoki/banhmilove/venv/lib/python3.12/site-packages/django/core/cache/__init__.py first seen with mtime 1726468847.7027814
DEBUG 2024-09-17 16:36:59,473 autoreload File /Users/kawamotonaoki/banhmilove/venv/lib/python3.12/site-packages/django/views/decorators/common.py first seen with mtime 1726468847.870053
DEBUG 2024-09-17 16:36:59,473 autoreload File /opt/homebrew/Cellar/python@3.12/3.12.5/Frameworks/Python.framework/Versions/3.12/lib/python3.12/http/cookies.py first seen with mtime 1722971329.0
DEBUG 2024-09-17 16:36:59,473 autoreload File /Users/kawamotonaoki/banhmilove/venv/lib/python3.12/site-packages/pyasn1_modules/rfc2251.py first seen with mtime 1726468846.695396
DEBUG 2024-09-17 16:36:59,473 autoreload File /Users/kawamotonaoki/banhmilove/venv/lib/python3.12/site-packages/google/auth/exceptions.py first seen with mtime 1726468849.3141735
DEBUG 2024-09-17 16:36:59,473 autoreload File /opt/homebrew/Cellar/python@3.12/3.12.5/Frameworks/Python.framework/Versions/3.12/lib/python3.12/asyncio/tasks.py first seen with mtime 1722971329.0
DEBUG 2024-09-17 16:36:59,473 autoreload File /Users/kawamotonaoki/banhmilove/venv/lib/python3.12/site-packages/pyparsing/core.py first seen with mtime 1726468845.7909923
DEBUG 2024-09-17 16:36:59,473 autoreload File /Users/kawamotonaoki/banhmilove/venv/lib/python3.12/site-packages/asgiref/current_thread_executor.py first seen with mtime 1726468846.60588
DEBUG 2024-09-17 16:36:59,473 autoreload File /Users/kawamotonaoki/banhmilove/banhmilove_project/urls.py first seen with mtime 1726401000.4491608
DEBUG 2024-09-17 16:36:59,473 autoreload File /Users/kawamotonaoki/banhmilove/venv/lib/python3.12/site-packages/urllib3/util/ssl_.py first seen with mtime 1726468845.6066835
DEBUG 2024-09-17 16:36:59,474 autoreload File /Users/kawamotonaoki/banhmilove/venv/lib/python3.12/site-packages/django/core/handlers/__init__.py first seen with mtime 1726468847.7151628
DEBUG 2024-09-17 16:36:59,474 autoreload File /Users/kawamotonaoki/banhmilove/venv/lib/python3.12/site-packages/google/auth/iam.py first seen with mtime 1726468849.3149223
DEBUG 2024-09-17 16:36:59,474 autoreload File /Users/kawamotonaoki/banhmilove/venv/lib/python3.12/site-packages/requests/status_codes.py first seen with mtime 1726468846.6571143
DEBUG 2024-09-17 16:36:59,474 autoreload File /Users/kawamotonaoki/banhmilove/venv/lib/python3.12/site-packages/django/db/migrations/operations/fields.py first seen with mtime 1726468847.771522
DEBUG 2024-09-17 16:36:59,474 autoreload File /Users/kawamotonaoki/banhmilove/venv/lib/python3.12/site-packages/django/views/generic/edit.py first seen with mtime 1726468847.8731053
DEBUG 2024-09-17 16:36:59,475 autoreload File /opt/homebrew/Cellar/python@3.12/3.12.5/Frameworks/Python.framework/Versions/3.12/lib/python3.12/urllib/parse.py first seen with mtime 1722971329.0
DEBUG 2024-09-17 16:36:59,475 autoreload File /Users/kawamotonaoki/banhmilove/venv/lib/python3.12/site-packages/httplib2/socks.py first seen with mtime 1726468846.8964257
DEBUG 2024-09-17 16:36:59,475 autoreload File /opt/homebrew/Cellar/python@3.12/3.12.5/Frameworks/Python.framework/Versions/3.12/lib/python3.12/lib-dynload/_contextvars.cpython-312-darwin.so first seen with mtime 1724644386.9708333
DEBUG 2024-09-17 16:36:59,475 autoreload File /Users/kawamotonaoki/banhmilove/venv/lib/python3.12/site-packages/google/auth/transport/__init__.py first seen with mtime 1726468849.3187294
DEBUG 2024-09-17 16:36:59,475 autoreload File /Users/kawamotonaoki/banhmilove/venv/lib/python3.12/site-packages/idna/package_data.py first seen with mtime 1726468846.344224
DEBUG 2024-09-17 16:36:59,475 autoreload File /Users/kawamotonaoki/banhmilove/venv/lib/python3.12/site-packages/django/views/decorators/cache.py first seen with mtime 1726468847.8695817
DEBUG 2024-09-17 16:36:59,475 autoreload File /Users/kawamotonaoki/banhmilove/venv/lib/python3.12/site-packages/urllib3/util/retry.py first seen with mtime 1726468845.6062765
DEBUG 2024-09-17 16:36:59,476 autoreload File /opt/homebrew/Cellar/python@3.12/3.12.5/Frameworks/Python.framework/Versions/3.12/lib/python3.12/enum.py first seen with mtime 1722971329.0
DEBUG 2024-09-17 16:36:59,476 autoreload File /Users/kawamotonaoki/banhmilove/venv/lib/python3.12/site-packages/django/contrib/admin/widgets.py first seen with mtime 1726468847.076321
DEBUG 2024-09-17 16:36:59,476 autoreload File /opt/homebrew/Cellar/python@3.12/3.12.5/Frameworks/Python.framework/Versions/3.12/lib/python3.12/stringprep.py first seen with mtime 1722971329.0
DEBUG 2024-09-17 16:36:59,476 autoreload File /opt/homebrew/Cellar/python@3.12/3.12.5/Frameworks/Python.framework/Versions/3.12/lib/python3.12/subprocess.py first seen with mtime 1722971329.0
DEBUG 2024-09-17 16:36:59,476 autoreload File /opt/homebrew/Cellar/python@3.12/3.12.5/Frameworks/Python.framework/Versions/3.12/lib/python3.12/email/base64mime.py first seen with mtime 1722971329.0
DEBUG 2024-09-17 16:36:59,476 autoreload File /opt/homebrew/Cellar/python@3.12/3.12.5/Frameworks/Python.framework/Versions/3.12/lib/python3.12/asyncio/format_helpers.py first seen with mtime 1722971329.0
DEBUG 2024-09-17 16:36:59,476 autoreload File /opt/homebrew/Cellar/python@3.12/3.12.5/Frameworks/Python.framework/Versions/3.12/lib/python3.12/importlib/resources/abc.py first seen with mtime 1722971329.0
DEBUG 2024-09-17 16:36:59,476 autoreload File /Users/kawamotonaoki/banhmilove/venv/lib/python3.12/site-packages/django/utils/dates.py first seen with mtime 1726468847.8551753
DEBUG 2024-09-17 16:36:59,476 autoreload File /opt/homebrew/Cellar/python@3.12/3.12.5/Frameworks/Python.framework/Versions/3.12/lib/python3.12/zipfile/_path/glob.py first seen with mtime 1722971329.0
DEBUG 2024-09-17 16:36:59,476 autoreload File /Users/kawamotonaoki/banhmilove/venv/lib/python3.12/site-packages/googleapiclient/errors.py first seen with mtime 1726468849.5173929
DEBUG 2024-09-17 16:36:59,476 autoreload File /Users/kawamotonaoki/banhmilove/venv/lib/python3.12/site-packages/urllib3/__init__.py first seen with mtime 1726468845.5971704
DEBUG 2024-09-17 16:36:59,476 autoreload File /opt/homebrew/Cellar/python@3.12/3.12.5/Frameworks/Python.framework/Versions/3.12/lib/python3.12/importlib/resources/_itertools.py first seen with mtime 1722971329.0
DEBUG 2024-09-17 16:36:59,476 autoreload File /Users/kawamotonaoki/banhmilove/venv/lib/python3.12/site-packages/sqlparse/formatter.py first seen with mtime 1726468845.7424932
DEBUG 2024-09-17 16:36:59,476 autoreload File /Users/kawamotonaoki/banhmilove/venv/lib/python3.12/site-packages/django/db/models/sql/constants.py first seen with mtime 1726468847.7898762
DEBUG 2024-09-17 16:36:59,476 autoreload File /opt/homebrew/Cellar/python@3.12/3.12.5/Frameworks/Python.framework/Versions/3.12/lib/python3.12/weakref.py first seen with mtime 1722971329.0
DEBUG 2024-09-17 16:36:59,476 autoreload File /Users/kawamotonaoki/banhmilove/venv/lib/python3.12/site-packages/django/views/debug.py first seen with mtime 1726468847.8681078
DEBUG 2024-09-17 16:36:59,476 autoreload File /Users/kawamotonaoki/banhmilove/venv/lib/python3.12/site-packages/django/contrib/sites/__init__.py first seen with mtime 1726468847.6331632
DEBUG 2024-09-17 16:36:59,476 autoreload File /Users/kawamotonaoki/banhmilove/venv/lib/python3.12/site-packages/django/contrib/__init__.py first seen with mtime 1726468847.0736368
DEBUG 2024-09-17 16:36:59,476 autoreload File /Users/kawamotonaoki/banhmilove/venv/lib/python3.12/site-packages/django/http/response.py first seen with mtime 1726468847.8300703
DEBUG 2024-09-17 16:36:59,476 autoreload File /Users/kawamotonaoki/banhmilove/banhmilove_project/settings.py first seen with mtime 1726558617.658692
DEBUG 2024-09-17 16:36:59,476 autoreload File /Users/kawamotonaoki/banhmilove/venv/lib/python3.12/site-packages/google/api_core/client_options.py first seen with mtime 1726468849.4258134
DEBUG 2024-09-17 16:36:59,476 autoreload File /opt/homebrew/Cellar/python@3.12/3.12.5/Frameworks/Python.framework/Versions/3.12/lib/python3.12/contextvars.py first seen with mtime 1722971329.0
DEBUG 2024-09-17 16:36:59,476 autoreload File /Users/kawamotonaoki/banhmilove/venv/lib/python3.12/site-packages/urllib3/util/wait.py first seen with mtime 1726468845.6123476
DEBUG 2024-09-17 16:36:59,476 autoreload File /opt/homebrew/Cellar/python@3.12/3.12.5/Frameworks/Python.framework/Versions/3.12/lib/python3.12/textwrap.py first seen with mtime 1722971329.0
DEBUG 2024-09-17 16:36:59,476 autoreload File /opt/homebrew/Cellar/python@3.12/3.12.5/Frameworks/Python.framework/Versions/3.12/lib/python3.12/email/mime/__init__.py first seen with mtime 1722971329.0
DEBUG 2024-09-17 16:36:59,476 autoreload File /Users/kawamotonaoki/banhmilove/venv/lib/python3.12/site-packages/django/template/defaultfilters.py first seen with mtime 1726468847.835362
DEBUG 2024-09-17 16:36:59,476 autoreload File /opt/homebrew/Cellar/python@3.12/3.12.5/Frameworks/Python.framework/Versions/3.12/lib/python3.12/wsgiref/util.py first seen with mtime 1722971329.0
DEBUG 2024-09-17 16:36:59,476 autoreload File /opt/homebrew/Cellar/python@3.12/3.12.5/Frameworks/Python.framework/Versions/3.12/lib/python3.12/bz2.py first seen with mtime 1722971329.0
DEBUG 2024-09-17 16:36:59,476 autoreload File /opt/homebrew/Cellar/python@3.12/3.12.5/Frameworks/Python.framework/Versions/3.12/lib/python3.12/asyncio/protocols.py first seen with mtime 1722971329.0
DEBUG 2024-09-17 16:36:59,477 autoreload File /Users/kawamotonaoki/banhmilove/venv/lib/python3.12/site-packages/django/contrib/auth/admin.py first seen with mtime 1726468847.2300963
DEBUG 2024-09-17 16:36:59,477 autoreload File /Users/kawamotonaoki/banhmilove/venv/lib/python3.12/site-packages/django/db/migrations/operations/models.py first seen with mtime 1726468847.7719514
DEBUG 2024-09-17 16:36:59,477 autoreload File /Users/kawamotonaoki/banhmilove/venv/lib/python3.12/site-packages/googleapiclient/http.py first seen with mtime 1726468849.5177546
DEBUG 2024-09-17 16:36:59,477 autoreload File /Users/kawamotonaoki/banhmilove/venv/lib/python3.12/site-packages/psycopg2/extras.py first seen with mtime 1726470534.0661795
DEBUG 2024-09-17 16:36:59,477 autoreload File /Users/kawamotonaoki/banhmilove/venv/lib/python3.12/site-packages/sqlparse/exceptions.py first seen with mtime 1726468845.7422597
DEBUG 2024-09-17 16:36:59,477 autoreload File /opt/homebrew/Cellar/python@3.12/3.12.5/Frameworks/Python.framework/Versions/3.12/lib/python3.12/lib-dynload/_sha2.cpython-312-darwin.so first seen with mtime 1724644387.7848575
DEBUG 2024-09-17 16:36:59,477 autoreload File /Users/kawamotonaoki/banhmilove/venv/lib/python3.12/site-packages/django/views/static.py first seen with mtime 1726468847.8691044
DEBUG 2024-09-17 16:36:59,477 autoreload File /Users/kawamotonaoki/banhmilove/venv/lib/python3.12/site-packages/google_auth_httplib2.py first seen with mtime 1726468849.4195929
DEBUG 2024-09-17 16:36:59,477 autoreload File /Users/kawamotonaoki/banhmilove/venv/lib/python3.12/site-packages/pyasn1/codec/__init__.py first seen with mtime 1726468845.9096546
DEBUG 2024-09-17 16:36:59,477 autoreload File /Users/kawamotonaoki/banhmilove/venv/lib/python3.12/site-packages/django/db/migrations/operations/base.py first seen with mtime 1726468847.7709672
DEBUG 2024-09-17 16:36:59,477 autoreload File /Users/kawamotonaoki/banhmilove/venv/lib/python3.12/site-packages/google/auth/__init__.py first seen with mtime 1726468849.310433
DEBUG 2024-09-17 16:36:59,477 autoreload File /opt/homebrew/Cellar/python@3.12/3.12.5/Frameworks/Python.framework/Versions/3.12/lib/python3.12/asyncio/streams.py first seen with mtime 1722971329.0
DEBUG 2024-09-17 16:36:59,477 autoreload File /Users/kawamotonaoki/banhmilove/venv/lib/python3.12/site-packages/django/db/models/aggregates.py first seen with mtime 1726468847.7731955
DEBUG 2024-09-17 16:36:59,477 autoreload File /opt/homebrew/Cellar/python@3.12/3.12.5/Frameworks/Python.framework/Versions/3.12/lib/python3.12/email/mime/message.py first seen with mtime 1722971329.0
DEBUG 2024-09-17 16:36:59,477 autoreload File /Users/kawamotonaoki/banhmilove/venv/lib/python3.12/site-packages/django/contrib/staticfiles/apps.py first seen with mtime 1726468847.6955447
DEBUG 2024-09-17 16:36:59,477 autoreload File /Users/kawamotonaoki/banhmilove/venv/lib/python3.12/site-packages/django/core/signing.py first seen with mtime 1726468847.7018912
DEBUG 2024-09-17 16:36:59,477 autoreload File /opt/homebrew/Cellar/python@3.12/3.12.5/Frameworks/Python.framework/Versions/3.12/lib/python3.12/email/_header_value_parser.py first seen with mtime 1722971329.0
DEBUG 2024-09-17 16:36:59,477 autoreload File /Users/kawamotonaoki/banhmilove/venv/lib/python3.12/site-packages/django/contrib/staticfiles/management/__init__.py first seen with mtime 1726468847.6980507
DEBUG 2024-09-17 16:36:59,477 autoreload File /Users/kawamotonaoki/banhmilove/venv/lib/python3.12/site-packages/django/utils/__init__.py first seen with mtime 1726468847.8514993
DEBUG 2024-09-17 16:36:59,477 autoreload File /opt/homebrew/Cellar/python@3.12/3.12.5/Frameworks/Python.framework/Versions/3.12/lib/python3.12/html/__init__.py first seen with mtime 1722971329.0
DEBUG 2024-09-17 16:36:59,477 autoreload File /opt/homebrew/Cellar/python@3.12/3.12.5/Frameworks/Python.framework/Versions/3.12/lib/python3.12/http/__init__.py first seen with mtime 1722971329.0
DEBUG 2024-09-17 16:36:59,477 autoreload File /opt/homebrew/Cellar/python@3.12/3.12.5/Frameworks/Python.framework/Versions/3.12/lib/python3.12/_markupbase.py first seen with mtime 1722971329.0
DEBUG 2024-09-17 16:36:59,477 autoreload File /Users/kawamotonaoki/banhmilove/venv/lib/python3.12/site-packages/django/contrib/sessions/backends/__init__.py first seen with mtime 1726468847.5842533
DEBUG 2024-09-17 16:36:59,477 autoreload File /Users/kawamotonaoki/banhmilove/venv/lib/python3.12/site-packages/django/contrib/admin/checks.py first seen with mtime 1726468847.0743039
DEBUG 2024-09-17 16:36:59,477 autoreload File /Users/kawamotonaoki/banhmilove/venv/lib/python3.12/site-packages/django/views/generic/list.py first seen with mtime 1726468847.8733912
DEBUG 2024-09-17 16:36:59,477 autoreload File /Users/kawamotonaoki/banhmilove/venv/lib/python3.12/site-packages/django/db/backends/postgresql/features.py first seen with mtime 1726468847.7531998
DEBUG 2024-09-17 16:36:59,478 autoreload File /Users/kawamotonaoki/banhmilove/venv/lib/python3.12/site-packages/django/template/context.py first seen with mtime 1726468847.8346558
DEBUG 2024-09-17 16:36:59,478 autoreload File /Users/kawamotonaoki/banhmilove/venv/lib/python3.12/site-packages/django/middleware/csrf.py first seen with mtime 1726468847.8317666
DEBUG 2024-09-17 16:36:59,478 autoreload File /Users/kawamotonaoki/banhmilove/venv/lib/python3.12/site-packages/httplib2/error.py first seen with mtime 1726468846.895891
DEBUG 2024-09-17 16:36:59,478 autoreload File /Users/kawamotonaoki/banhmilove/venv/lib/python3.12/site-packages/django/db/models/query_utils.py first seen with mtime 1726468847.7792194
DEBUG 2024-09-17 16:36:59,478 autoreload File /Users/kawamotonaoki/banhmilove/venv/lib/python3.12/site-packages/django/template/loader_tags.py first seen with mtime 1726468847.8383877
DEBUG 2024-09-17 16:36:59,478 autoreload File /opt/homebrew/Cellar/python@3.12/3.12.5/Frameworks/Python.framework/Versions/3.12/lib/python3.12/lib-dynload/_struct.cpython-312-darwin.so first seen with mtime 1724644387.9650416
DEBUG 2024-09-17 16:36:59,478 autoreload File /opt/homebrew/Cellar/python@3.12/3.12.5/Frameworks/Python.framework/Versions/3.12/lib/python3.12/urllib/request.py first seen with mtime 1722971329.0
DEBUG 2024-09-17 16:36:59,478 autoreload File /Users/kawamotonaoki/banhmilove/venv/lib/python3.12/site-packages/django/db/models/fields/related_descriptors.py first seen with mtime 1726468847.7842948
DEBUG 2024-09-17 16:36:59,478 autoreload File /Users/kawamotonaoki/banhmilove/venv/lib/python3.12/site-packages/django/contrib/admin/templatetags/admin_urls.py first seen with mtime 1726468847.1863933
DEBUG 2024-09-17 16:36:59,478 autoreload File /Users/kawamotonaoki/banhmilove/venv/lib/python3.12/site-packages/requests/models.py first seen with mtime 1726468846.6564791
DEBUG 2024-09-17 16:36:59,478 autoreload File /Users/kawamotonaoki/banhmilove/venv/lib/python3.12/site-packages/urllib3/util/timeout.py first seen with mtime 1726468845.6103005
DEBUG 2024-09-17 16:36:59,478 autoreload File /Users/kawamotonaoki/banhmilove/venv/lib/python3.12/site-packages/django/utils/itercompat.py first seen with mtime 1726468847.8606699
DEBUG 2024-09-17 16:36:59,478 autoreload File /Users/kawamotonaoki/banhmilove/venv/lib/python3.12/site-packages/asgiref/__init__.py first seen with mtime 1726468846.6053693
DEBUG 2024-09-17 16:36:59,478 autoreload File /opt/homebrew/Cellar/python@3.12/3.12.5/Frameworks/Python.framework/Versions/3.12/lib/python3.12/http/cookiejar.py first seen with mtime 1722971329.0
DEBUG 2024-09-17 16:36:59,478 autoreload File /opt/homebrew/Cellar/python@3.12/3.12.5/Frameworks/Python.framework/Versions/3.12/lib/python3.12/email/mime/base.py first seen with mtime 1722971329.0
DEBUG 2024-09-17 16:36:59,478 autoreload File /opt/homebrew/Cellar/python@3.12/3.12.5/Frameworks/Python.framework/Versions/3.12/lib/python3.12/lib-dynload/_decimal.cpython-312-darwin.so first seen with mtime 1724644387.245572
DEBUG 2024-09-17 16:36:59,478 autoreload File /Users/kawamotonaoki/banhmilove/venv/lib/python3.12/site-packages/django/contrib/messages/apps.py first seen with mtime 1726468847.4926383
DEBUG 2024-09-17 16:36:59,478 autoreload File /Users/kawamotonaoki/banhmilove/venv/lib/python3.12/site-packages/django/template/engine.py first seen with mtime 1726468847.8366284
DEBUG 2024-09-17 16:36:59,478 autoreload File /opt/homebrew/Cellar/python@3.12/3.12.5/Frameworks/Python.framework/Versions/3.12/lib/python3.12/dis.py first seen with mtime 1722971329.0
DEBUG 2024-09-17 16:36:59,478 autoreload File /opt/homebrew/Cellar/python@3.12/3.12.5/Frameworks/Python.framework/Versions/3.12/lib/python3.12/zipfile/__init__.py first seen with mtime 1722971329.0
DEBUG 2024-09-17 16:36:59,479 autoreload File /Users/kawamotonaoki/banhmilove/venv/lib/python3.12/site-packages/django/utils/log.py first seen with mtime 1726468847.8612742
DEBUG 2024-09-17 16:36:59,479 autoreload File /Users/kawamotonaoki/banhmilove/venv/lib/python3.12/site-packages/django/template/utils.py first seen with mtime 1726468847.8398473
DEBUG 2024-09-17 16:36:59,479 autoreload File /Users/kawamotonaoki/banhmilove/venv/lib/python3.12/site-packages/django/templatetags/static.py first seen with mtime 1726468847.8454041
DEBUG 2024-09-17 16:36:59,479 autoreload File /Users/kawamotonaoki/banhmilove/venv/lib/python3.12/site-packages/django/core/management/__init__.py first seen with mtime 1726468847.7197113
DEBUG 2024-09-17 16:36:59,479 autoreload File /opt/homebrew/Cellar/python@3.12/3.12.5/Frameworks/Python.framework/Versions/3.12/lib/python3.12/mimetypes.py first seen with mtime 1722971329.0
DEBUG 2024-09-17 16:36:59,479 autoreload File /Users/kawamotonaoki/banhmilove/venv/lib/python3.12/site-packages/pyasn1/type/opentype.py first seen with mtime 1726468845.928278
DEBUG 2024-09-17 16:36:59,479 autoreload File /opt/homebrew/Cellar/python@3.12/3.12.5/Frameworks/Python.framework/Versions/3.12/lib/python3.12/socket.py first seen with mtime 1722971329.0
DEBUG 2024-09-17 16:36:59,479 autoreload File /Users/kawamotonaoki/banhmilove/venv/lib/python3.12/site-packages/django/contrib/admin/templatetags/admin_list.py first seen with mtime 1726468847.1860998
DEBUG 2024-09-17 16:36:59,479 autoreload File /Users/kawamotonaoki/banhmilove/venv/lib/python3.12/site-packages/django/urls/__init__.py first seen with mtime 1726468847.8495643
DEBUG 2024-09-17 16:36:59,479 autoreload File /opt/homebrew/Cellar/python@3.12/3.12.5/Frameworks/Python.framework/Versions/3.12/lib/python3.12/logging/handlers.py first seen with mtime 1722971329.0
DEBUG 2024-09-17 16:36:59,479 autoreload File /Users/kawamotonaoki/banhmilove/venv/lib/python3.12/site-packages/django/template/loader.py first seen with mtime 1726468847.8378158
DEBUG 2024-09-17 16:36:59,479 autoreload File /Users/kawamotonaoki/banhmilove/venv/lib/python3.12/site-packages/urllib3/util/url.py first seen with mtime 1726468845.6113043
DEBUG 2024-09-17 16:36:59,479 autoreload File /Users/kawamotonaoki/banhmilove/venv/lib/python3.12/site-packages/requests/hooks.py first seen with mtime 1726468846.6562192
DEBUG 2024-09-17 16:36:59,479 autoreload File /opt/homebrew/Cellar/python@3.12/3.12.5/Frameworks/Python.framework/Versions/3.12/lib/python3.12/lib-dynload/select.cpython-312-darwin.so first seen with mtime 1724644388.7275302
DEBUG 2024-09-17 16:36:59,479 autoreload File /opt/homebrew/Cellar/python@3.12/3.12.5/Frameworks/Python.framework/Versions/3.12/lib/python3.12/asyncio/base_tasks.py first seen with mtime 1722971329.0
DEBUG 2024-09-17 16:36:59,479 autoreload File /Users/kawamotonaoki/banhmilove/venv/lib/python3.12/site-packages/charset_normalizer/cd.py first seen with mtime 1726468846.5308657
DEBUG 2024-09-17 16:36:59,479 autoreload File /Users/kawamotonaoki/banhmilove/venv/lib/python3.12/site-packages/django/db/backends/utils.py first seen with mtime 1726468847.7367616
DEBUG 2024-09-17 16:36:59,479 autoreload File /Users/kawamotonaoki/banhmilove/venv/lib/python3.12/site-packages/django/contrib/messages/api.py first seen with mtime 1726468847.4924977
DEBUG 2024-09-17 16:36:59,479 autoreload File /opt/homebrew/Cellar/python@3.12/3.12.5/Frameworks/Python.framework/Versions/3.12/lib/python3.12/argparse.py first seen with mtime 1722971329.0
DEBUG 2024-09-17 16:36:59,479 autoreload File /Users/kawamotonaoki/banhmilove/venv/lib/python3.12/site-packages/httplib2/iri2uri.py first seen with mtime 1726468846.896058
DEBUG 2024-09-17 16:36:59,479 autoreload File /Users/kawamotonaoki/banhmilove/venv/lib/python3.12/site-packages/django/contrib/sessions/apps.py first seen with mtime 1726468847.5832155
DEBUG 2024-09-17 16:36:59,480 autoreload File /opt/homebrew/Cellar/python@3.12/3.12.5/Frameworks/Python.framework/Versions/3.12/lib/python3.12/asyncio/futures.py first seen with mtime 1722971329.0
DEBUG 2024-09-17 16:36:59,480 autoreload File /Users/kawamotonaoki/banhmilove/venv/lib/python3.12/site-packages/httplib2/auth.py first seen with mtime 1726468846.8947043
DEBUG 2024-09-17 16:36:59,480 autoreload File /opt/homebrew/Cellar/python@3.12/3.12.5/Frameworks/Python.framework/Versions/3.12/lib/python3.12/urllib/response.py first seen with mtime 1722971329.0
DEBUG 2024-09-17 16:36:59,480 autoreload File /opt/homebrew/Cellar/python@3.12/3.12.5/Frameworks/Python.framework/Versions/3.12/lib/python3.12/asyncio/staggered.py first seen with mtime 1722971329.0
DEBUG 2024-09-17 16:36:59,480 autoreload File /Users/kawamotonaoki/banhmilove/venv/lib/python3.12/site-packages/google/auth/_helpers.py first seen with mtime 1726468849.3119094
DEBUG 2024-09-17 16:36:59,480 autoreload File /Users/kawamotonaoki/banhmilove/venv/lib/python3.12/site-packages/django/template/exceptions.py first seen with mtime 1726468847.8369393
DEBUG 2024-09-17 16:36:59,480 autoreload File /opt/homebrew/Cellar/python@3.12/3.12.5/Frameworks/Python.framework/Versions/3.12/lib/python3.12/glob.py first seen with mtime 1722971329.0
DEBUG 2024-09-17 16:36:59,480 autoreload File /Users/kawamotonaoki/banhmilove/venv/lib/python3.12/site-packages/googleapiclient/_helpers.py first seen with mtime 1726468849.516556
DEBUG 2024-09-17 16:36:59,480 autoreload File /Users/kawamotonaoki/banhmilove/venv/lib/python3.12/site-packages/django/middleware/security.py first seen with mtime 1726468847.8329659
DEBUG 2024-09-17 16:36:59,480 autoreload File /opt/homebrew/Cellar/python@3.12/3.12.5/Frameworks/Python.framework/Versions/3.12/lib/python3.12/asyncio/threads.py first seen with mtime 1722971329.0
DEBUG 2024-09-17 16:36:59,480 autoreload File /Users/kawamotonaoki/banhmilove/venv/lib/python3.12/site-packages/django/core/checks/security/sessions.py first seen with mtime 1726468847.7106013
DEBUG 2024-09-17 16:36:59,480 autoreload File /Users/kawamotonaoki/banhmilove/venv/lib/python3.12/site-packages/pyasn1/type/univ.py first seen with mtime 1726468845.9301438
DEBUG 2024-09-17 16:36:59,480 autoreload File /Users/kawamotonaoki/banhmilove/venv/lib/python3.12/site-packages/django/utils/html.py first seen with mtime 1726468847.8594778
DEBUG 2024-09-17 16:36:59,480 autoreload File /Users/kawamotonaoki/banhmilove/venv/lib/python3.12/site-packages/requests/utils.py first seen with mtime 1726468846.657579
DEBUG 2024-09-17 16:36:59,480 autoreload File /Users/kawamotonaoki/banhmilove/venv/lib/python3.12/site-packages/django/core/serializers/__init__.py first seen with mtime 1726468847.730385
DEBUG 2024-09-17 16:36:59,480 autoreload File /opt/homebrew/Cellar/python@3.12/3.12.5/Frameworks/Python.framework/Versions/3.12/lib/python3.12/operator.py first seen with mtime 1722971329.0
DEBUG 2024-09-17 16:36:59,480 autoreload File /Users/kawamotonaoki/banhmilove/venv/lib/python3.12/site-packages/django/http/cookie.py first seen with mtime 1726468847.828887
DEBUG 2024-09-17 16:36:59,480 autoreload File /opt/homebrew/Cellar/python@3.12/3.12.5/Frameworks/Python.framework/Versions/3.12/lib/python3.12/concurrent/futures/_base.py first seen with mtime 1722971329.0
DEBUG 2024-09-17 16:36:59,480 autoreload File /Users/kawamotonaoki/banhmilove/venv/lib/python3.12/site-packages/django/contrib/admin/views/__init__.py first seen with mtime 1726468847.1867795
DEBUG 2024-09-17 16:36:59,480 autoreload File /Users/kawamotonaoki/banhmilove/venv/lib/python3.12/site-packages/django/contrib/staticfiles/checks.py first seen with mtime 1726468847.6957698
DEBUG 2024-09-17 16:36:59,481 autoreload File /opt/homebrew/Cellar/python@3.12/3.12.5/Frameworks/Python.framework/Versions/3.12/lib/python3.12/pickle.py first seen with mtime 1722971329.0
DEBUG 2024-09-17 16:36:59,481 autoreload File /Users/kawamotonaoki/banhmilove/venv/lib/python3.12/site-packages/django/core/servers/__init__.py first seen with mtime 1726468847.732924
DEBUG 2024-09-17 16:36:59,481 autoreload File /opt/homebrew/Cellar/python@3.12/3.12.5/Frameworks/Python.framework/Versions/3.12/lib/python3.12/copyreg.py first seen with mtime 1722971329.0
DEBUG 2024-09-17 16:36:59,481 autoreload File /Users/kawamotonaoki/banhmilove/venv/lib/python3.12/site-packages/google/auth/metrics.py first seen with mtime 1726468849.3159053
DEBUG 2024-09-17 16:36:59,481 autoreload File /opt/homebrew/Cellar/python@3.12/3.12.5/Frameworks/Python.framework/Versions/3.12/lib/python3.12/getpass.py first seen with mtime 1722971329.0
DEBUG 2024-09-17 16:36:59,481 autoreload File /opt/homebrew/Cellar/python@3.12/3.12.5/Frameworks/Python.framework/Versions/3.12/lib/python3.12/email/errors.py first seen with mtime 1722971329.0
DEBUG 2024-09-17 16:36:59,481 autoreload File /Users/kawamotonaoki/banhmilove/venv/lib/python3.12/site-packages/urllib3/connection.py first seen with mtime 1726468845.5985215
DEBUG 2024-09-17 16:36:59,481 autoreload File /Users/kawamotonaoki/banhmilove/venv/lib/python3.12/site-packages/psycopg2/extensions.py first seen with mtime 1726470534.0659032
DEBUG 2024-09-17 16:36:59,481 autoreload File /opt/homebrew/Cellar/python@3.12/3.12.5/Frameworks/Python.framework/Versions/3.12/lib/python3.12/typing.py first seen with mtime 1722971329.0
DEBUG 2024-09-17 16:36:59,481 autoreload File /Users/kawamotonaoki/banhmilove/venv/lib/python3.12/site-packages/pyasn1/codec/streaming.py first seen with mtime 1726468845.9101794
DEBUG 2024-09-17 16:36:59,481 autoreload File /Users/kawamotonaoki/banhmilove/venv/lib/python3.12/site-packages/django/db/migrations/operations/__init__.py first seen with mtime 1726468847.7705495
DEBUG 2024-09-17 16:36:59,481 autoreload File /Users/kawamotonaoki/banhmilove/venv/lib/python3.12/site-packages/django/core/files/storage/mixins.py first seen with mtime 1726468847.7149644
DEBUG 2024-09-17 16:36:59,481 autoreload File /opt/homebrew/Cellar/python@3.12/3.12.5/Frameworks/Python.framework/Versions/3.12/lib/python3.12/email/mime/multipart.py first seen with mtime 1722971329.0
DEBUG 2024-09-17 16:36:59,481 autoreload File /Users/kawamotonaoki/banhmilove/venv/lib/python3.12/site-packages/googleapiclient/discovery.py first seen with mtime 1726468849.5171688
DEBUG 2024-09-17 16:36:59,481 autoreload File /Users/kawamotonaoki/banhmilove/venv/lib/python3.12/site-packages/django/db/backends/base/schema.py first seen with mtime 1726468847.7405999
DEBUG 2024-09-17 16:36:59,481 autoreload File /Users/kawamotonaoki/banhmilove/venv/lib/python3.12/site-packages/pyasn1_modules/rfc2459.py first seen with mtime 1726468846.6961782
DEBUG 2024-09-17 16:36:59,481 autoreload File /Users/kawamotonaoki/banhmilove/venv/lib/python3.12/site-packages/django/forms/models.py first seen with mtime 1726468847.7962215
DEBUG 2024-09-17 16:36:59,481 autoreload File /Users/kawamotonaoki/banhmilove/venv/lib/python3.12/site-packages/django/db/backends/postgresql/operations.py first seen with mtime 1726468847.7543638
DEBUG 2024-09-17 16:36:59,481 autoreload File /Users/kawamotonaoki/banhmilove/venv/lib/python3.12/site-packages/django/contrib/admin/actions.py first seen with mtime 1726468847.0739768
DEBUG 2024-09-17 16:36:59,481 autoreload File /Users/kawamotonaoki/banhmilove/venv/lib/python3.12/site-packages/google/auth/crypt/__init__.py first seen with mtime 1726468849.3173914
DEBUG 2024-09-17 16:36:59,481 autoreload File /opt/homebrew/Cellar/python@3.12/3.12.5/Frameworks/Python.framework/Versions/3.12/lib/python3.12/lib-dynload/_opcode.cpython-312-darwin.so first seen with mtime 1724644387.543922
DEBUG 2024-09-17 16:36:59,481 autoreload File /opt/homebrew/Cellar/python@3.12/3.12.5/Frameworks/Python.framework/Versions/3.12/lib/python3.12/fnmatch.py first seen with mtime 1722971329.0
DEBUG 2024-09-17 16:36:59,481 autoreload File /Users/kawamotonaoki/banhmilove/venv/lib/python3.12/site-packages/uritemplate/api.py first seen with mtime 1726468845.7021222
DEBUG 2024-09-17 16:36:59,481 autoreload File /Users/kawamotonaoki/banhmilove/venv/lib/python3.12/site-packages/django/views/generic/base.py first seen with mtime 1726468847.8719823
DEBUG 2024-09-17 16:36:59,481 autoreload File /opt/homebrew/Cellar/python@3.12/3.12.5/Frameworks/Python.framework/Versions/3.12/lib/python3.12/asyncio/runners.py first seen with mtime 1722971329.0
DEBUG 2024-09-17 16:36:59,481 autoreload File /Users/kawamotonaoki/banhmilove/venv/lib/python3.12/site-packages/sqlparse/filters/__init__.py first seen with mtime 1726468845.7460396
DEBUG 2024-09-17 16:36:59,481 autoreload File /Users/kawamotonaoki/banhmilove/venv/lib/python3.12/site-packages/urllib3/_request_methods.py first seen with mtime 1726468845.5979595
DEBUG 2024-09-17 16:36:59,481 autoreload File /opt/homebrew/Cellar/python@3.12/3.12.5/Frameworks/Python.framework/Versions/3.12/lib/python3.12/asyncio/sslproto.py first seen with mtime 1722971329.0
DEBUG 2024-09-17 16:36:59,481 autoreload File /Users/kawamotonaoki/banhmilove/venv/lib/python3.12/site-packages/requests/auth.py first seen with mtime 1726468846.6550903
DEBUG 2024-09-17 16:36:59,481 autoreload File /Users/kawamotonaoki/banhmilove/venv/lib/python3.12/site-packages/django/db/migrations/utils.py first seen with mtime 1726468847.769575
DEBUG 2024-09-17 16:36:59,482 autoreload File /Users/kawamotonaoki/banhmilove/venv/lib/python3.12/site-packages/django/core/files/temp.py first seen with mtime 1726468847.7122889
DEBUG 2024-09-17 16:36:59,482 autoreload File /opt/homebrew/Cellar/python@3.12/3.12.5/Frameworks/Python.framework/Versions/3.12/lib/python3.12/lib-dynload/_uuid.cpython-312-darwin.so first seen with mtime 1724644388.2024264
DEBUG 2024-09-17 16:36:59,482 autoreload File /opt/homebrew/Cellar/python@3.12/3.12.5/Frameworks/Python.framework/Versions/3.12/lib/python3.12/asyncio/locks.py first seen with mtime 1722971329.0
DEBUG 2024-09-17 16:36:59,482 autoreload File /opt/homebrew/Cellar/python@3.12/3.12.5/Frameworks/Python.framework/Versions/3.12/lib/python3.12/json/scanner.py first seen with mtime 1722971329.0
DEBUG 2024-09-17 16:36:59,482 autoreload File /opt/homebrew/Cellar/python@3.12/3.12.5/Frameworks/Python.framework/Versions/3.12/lib/python3.12/importlib/readers.py first seen with mtime 1722971329.0
DEBUG 2024-09-17 16:36:59,482 autoreload File /Users/kawamotonaoki/banhmilove/venv/lib/python3.12/site-packages/rsa/pkcs1.py first seen with mtime 1726468846.6292505
DEBUG 2024-09-17 16:36:59,482 autoreload File /Users/kawamotonaoki/banhmilove/venv/lib/python3.12/site-packages/django/contrib/auth/__init__.py first seen with mtime 1726468847.229896
DEBUG 2024-09-17 16:36:59,482 autoreload File /opt/homebrew/Cellar/python@3.12/3.12.5/Frameworks/Python.framework/Versions/3.12/lib/python3.12/lib-dynload/_lzma.cpython-312-darwin.so first seen with mtime 1724644387.4257164
DEBUG 2024-09-17 16:36:59,482 autoreload File /opt/homebrew/Cellar/python@3.12/3.12.5/Frameworks/Python.framework/Versions/3.12/lib/python3.12/pkgutil.py first seen with mtime 1722971329.0
DEBUG 2024-09-17 16:36:59,482 autoreload File /Users/kawamotonaoki/banhmilove/venv/lib/python3.12/site-packages/django/utils/dateparse.py first seen with mtime 1726468847.8549218
DEBUG 2024-09-17 16:36:59,482 autoreload File /Users/kawamotonaoki/banhmilove/venv/lib/python3.12/site-packages/django/templatetags/tz.py first seen with mtime 1726468847.8457644
DEBUG 2024-09-17 16:36:59,482 autoreload File /Users/kawamotonaoki/banhmilove/venv/lib/python3.12/site-packages/cachetools/__init__.py first seen with mtime 1726468846.587416
DEBUG 2024-09-17 16:36:59,482 autoreload File /Users/kawamotonaoki/banhmilove/venv/lib/python3.12/site-packages/django/forms/renderers.py first seen with mtime 1726468847.7965384
DEBUG 2024-09-17 16:36:59,482 autoreload File /opt/homebrew/Cellar/python@3.12/3.12.5/Frameworks/Python.framework/Versions/3.12/lib/python3.12/lib-dynload/fcntl.cpython-312-darwin.so first seen with mtime 1724644388.478759
DEBUG 2024-09-17 16:36:59,482 autoreload File /Users/kawamotonaoki/banhmilove/venv/lib/python3.12/site-packages/google/auth/transport/mtls.py first seen with mtime 1726468849.3202782
DEBUG 2024-09-17 16:36:59,482 autoreload File /Users/kawamotonaoki/banhmilove/venv/lib/python3.12/site-packages/django/contrib/admin/views/main.py first seen with mtime 1726468847.1872375
DEBUG 2024-09-17 16:36:59,482 autoreload File /Users/kawamotonaoki/banhmilove/venv/lib/python3.12/site-packages/google/auth/transport/_http_client.py first seen with mtime 1726468849.3195114
DEBUG 2024-09-17 16:36:59,482 autoreload File /Users/kawamotonaoki/banhmilove/venv/lib/python3.12/site-packages/django/views/__init__.py first seen with mtime 1726468847.8673673
DEBUG 2024-09-17 16:36:59,482 autoreload File /Users/kawamotonaoki/banhmilove/venv/lib/python3.12/site-packages/psycopg2/_range.py first seen with mtime 1726470534.0649097
DEBUG 2024-09-17 16:36:59,482 autoreload File /Users/kawamotonaoki/banhmilove/venv/lib/python3.12/site-packages/django/contrib/contenttypes/checks.py first seen with mtime 1726468847.290093
DEBUG 2024-09-17 16:36:59,482 autoreload File /Users/kawamotonaoki/banhmilove/venv/lib/python3.12/site-packages/django/contrib/contenttypes/views.py first seen with mtime 1726468847.2908165
DEBUG 2024-09-17 16:36:59,482 autoreload File /opt/homebrew/Cellar/python@3.12/3.12.5/Frameworks/Python.framework/Versions/3.12/lib/python3.12/token.py first seen with mtime 1722971329.0
DEBUG 2024-09-17 16:36:59,482 autoreload File /Users/kawamotonaoki/banhmilove/venv/lib/python3.12/site-packages/django/http/multipartparser.py first seen with mtime 1726468847.829291
DEBUG 2024-09-17 16:36:59,482 autoreload File /Users/kawamotonaoki/banhmilove/venv/lib/python3.12/site-packages/django/templatetags/i18n.py first seen with mtime 1726468847.8447635
DEBUG 2024-09-17 16:36:59,482 autoreload File /Users/kawamotonaoki/banhmilove/venv/lib/python3.12/site-packages/django/db/backends/base/validation.py first seen with mtime 1726468847.7409182
DEBUG 2024-09-17 16:36:59,483 autoreload File /Users/kawamotonaoki/banhmilove/venv/lib/python3.12/site-packages/urllib3/util/util.py first seen with mtime 1726468845.6120267
DEBUG 2024-09-17 16:36:59,483 autoreload File /Users/kawamotonaoki/banhmilove/venv/lib/python3.12/site-packages/django/db/models/constraints.py first seen with mtime 1726468847.7748613
DEBUG 2024-09-17 16:36:59,483 autoreload File /Users/kawamotonaoki/banhmilove/venv/lib/python3.12/site-packages/django/contrib/staticfiles/utils.py first seen with mtime 1726468847.6976182
DEBUG 2024-09-17 16:36:59,483 autoreload File /Users/kawamotonaoki/banhmilove/venv/lib/python3.12/site-packages/django/contrib/admin/__init__.py first seen with mtime 1726468847.0738366
DEBUG 2024-09-17 16:36:59,483 autoreload File /Users/kawamotonaoki/banhmilove/venv/lib/python3.12/site-packages/django/utils/tree.py first seen with mtime 1726468847.8649213
DEBUG 2024-09-17 16:36:59,484 autoreload File /Users/kawamotonaoki/banhmilove/venv/lib/python3.12/site-packages/rsa/transform.py first seen with mtime 1726468846.6303236
DEBUG 2024-09-17 16:36:59,484 autoreload File /Users/kawamotonaoki/banhmilove/venv/lib/python3.12/site-packages/pyasn1/compat/__init__.py first seen with mtime 1726468845.9204092
DEBUG 2024-09-17 16:36:59,484 autoreload File /Users/kawamotonaoki/banhmilove/venv/lib/python3.12/site-packages/charset_normalizer/version.py first seen with mtime 1726468846.5206628
DEBUG 2024-09-17 16:36:59,484 autoreload File /opt/homebrew/Cellar/python@3.12/3.12.5/Frameworks/Python.framework/Versions/3.12/lib/python3.12/dataclasses.py first seen with mtime 1722971329.0
DEBUG 2024-09-17 16:36:59,484 autoreload File /Users/kawamotonaoki/banhmilove/venv/lib/python3.12/site-packages/django/contrib/auth/validators.py first seen with mtime 1726468847.2327392
DEBUG 2024-09-17 16:36:59,484 autoreload File /opt/homebrew/Cellar/python@3.12/3.12.5/Frameworks/Python.framework/Versions/3.12/lib/python3.12/configparser.py first seen with mtime 1722971329.0
DEBUG 2024-09-17 16:36:59,484 autoreload File /Users/kawamotonaoki/banhmilove/venv/lib/python3.12/site-packages/django/utils/autoreload.py first seen with mtime 1726468847.8528042
DEBUG 2024-09-17 16:36:59,484 autoreload File /Users/kawamotonaoki/banhmilove/venv/lib/python3.12/site-packages/django/contrib/admin/apps.py first seen with mtime 1726468847.074111
DEBUG 2024-09-17 16:36:59,484 autoreload File /opt/homebrew/Cellar/python@3.12/3.12.5/Frameworks/Python.framework/Versions/3.12/lib/python3.12/email/iterators.py first seen with mtime 1722971329.0
DEBUG 2024-09-17 16:36:59,484 autoreload File /Users/kawamotonaoki/banhmilove/venv/lib/python3.12/site-packages/google/auth/crypt/_python_rsa.py first seen with mtime 1726468849.3179064
DEBUG 2024-09-17 16:36:59,484 autoreload File /Users/kawamotonaoki/banhmilove/venv/lib/python3.12/site-packages/pyasn1/compat/octets.py first seen with mtime 1726468845.9218268
DEBUG 2024-09-17 16:36:59,484 autoreload File /Users/kawamotonaoki/banhmilove/venv/lib/python3.12/site-packages/django/contrib/auth/apps.py first seen with mtime 1726468847.2302315
DEBUG 2024-09-17 16:36:59,484 autoreload File /opt/homebrew/Cellar/python@3.12/3.12.5/Frameworks/Python.framework/Versions/3.12/lib/python3.12/email/utils.py first seen with mtime 1722971329.0
DEBUG 2024-09-17 16:36:59,484 autoreload File /Users/kawamotonaoki/banhmilove/venv/lib/python3.12/site-packages/urllib3/util/request.py first seen with mtime 1726468845.6056216
DEBUG 2024-09-17 16:36:59,485 autoreload File /opt/homebrew/Cellar/python@3.12/3.12.5/Frameworks/Python.framework/Versions/3.12/lib/python3.12/signal.py first seen with mtime 1722971329.0
DEBUG 2024-09-17 16:36:59,485 autoreload File /Users/kawamotonaoki/banhmilove/venv/lib/python3.12/site-packages/django/core/checks/caches.py first seen with mtime 1726468847.7066138
DEBUG 2024-09-17 16:36:59,485 autoreload File /Users/kawamotonaoki/banhmilove/venv/lib/python3.12/site-packages/django/contrib/admin/exceptions.py first seen with mtime 1726468847.0745833
DEBUG 2024-09-17 16:36:59,485 autoreload File /opt/homebrew/Cellar/python@3.12/3.12.5/Frameworks/Python.framework/Versions/3.12/lib/python3.12/email/headerregistry.py first seen with mtime 1722971329.0
DEBUG 2024-09-17 16:36:59,485 autoreload File /Users/kawamotonaoki/banhmilove/venv/lib/python3.12/site-packages/django/utils/formats.py first seen with mtime 1726468847.8583035
DEBUG 2024-09-17 16:36:59,485 autoreload File /opt/homebrew/Cellar/python@3.12/3.12.5/Frameworks/Python.framework/Versions/3.12/lib/python3.12/asyncio/transports.py first seen with mtime 1722971329.0
DEBUG 2024-09-17 16:36:59,485 autoreload File /Users/kawamotonaoki/banhmilove/venv/lib/python3.12/site-packages/psycopg2/_psycopg.cpython-312-darwin.so first seen with mtime 1726470534.0645995
DEBUG 2024-09-17 16:36:59,485 autoreload File /opt/homebrew/Cellar/python@3.12/3.12.5/Frameworks/Python.framework/Versions/3.12/lib/python3.12/lib-dynload/_random.cpython-312-darwin.so first seen with mtime 1724644387.696608
DEBUG 2024-09-17 16:36:59,485 autoreload File /Users/kawamotonaoki/banhmilove/venv/lib/python3.12/site-packages/django/views/decorators/debug.py first seen with mtime 1726468847.870532
DEBUG 2024-09-17 16:36:59,485 autoreload File /Users/kawamotonaoki/banhmilove/venv/lib/python3.12/site-packages/pyparsing/exceptions.py first seen with mtime 1726468845.791525
DEBUG 2024-09-17 16:36:59,485 autoreload File /opt/homebrew/Cellar/python@3.12/3.12.5/Frameworks/Python.framework/Versions/3.12/lib/python3.12/html/entities.py first seen with mtime 1722971329.0
DEBUG 2024-09-17 16:36:59,485 autoreload File /Users/kawamotonaoki/banhmilove/venv/lib/python3.12/site-packages/django/contrib/auth/models.py first seen with mtime 1726468847.231988
DEBUG 2024-09-17 16:36:59,485 autoreload File /Users/kawamotonaoki/banhmilove/venv/lib/python3.12/site-packages/django/db/models/manager.py first seen with mtime 1726468847.7774472
DEBUG 2024-09-17 16:36:59,485 autoreload File /opt/homebrew/Cellar/python@3.12/3.12.5/Frameworks/Python.framework/Versions/3.12/lib/python3.12/tempfile.py first seen with mtime 1722971329.0
DEBUG 2024-09-17 16:36:59,485 autoreload File /opt/homebrew/Cellar/python@3.12/3.12.5/Frameworks/Python.framework/Versions/3.12/lib/python3.12/email/_policybase.py first seen with mtime 1722971329.0
DEBUG 2024-09-17 16:36:59,485 autoreload File /opt/homebrew/Cellar/python@3.12/3.12.5/Frameworks/Python.framework/Versions/3.12/lib/python3.12/asyncio/events.py first seen with mtime 1722971329.0
DEBUG 2024-09-17 16:36:59,485 autoreload File /Users/kawamotonaoki/banhmilove/venv/lib/python3.12/site-packages/django/core/checks/database.py first seen with mtime 1726468847.70685
DEBUG 2024-09-17 16:36:59,485 autoreload File /opt/homebrew/Cellar/python@3.12/3.12.5/Frameworks/Python.framework/Versions/3.12/lib/python3.12/asyncio/base_events.py first seen with mtime 1722971329.0
DEBUG 2024-09-17 16:36:59,485 autoreload File /Users/kawamotonaoki/banhmilove/venv/lib/python3.12/site-packages/urllib3/filepost.py first seen with mtime 1726468845.599569
DEBUG 2024-09-17 16:36:59,485 autoreload File /Users/kawamotonaoki/banhmilove/venv/lib/python3.12/site-packages/django/conf/locale/__init__.py first seen with mtime 1726468847.004351
DEBUG 2024-09-17 16:36:59,485 autoreload File /Users/kawamotonaoki/banhmilove/venv/lib/python3.12/site-packages/idna/idnadata.py first seen with mtime 1726468846.343657
DEBUG 2024-09-17 16:36:59,485 autoreload File /Users/kawamotonaoki/banhmilove/venv/lib/python3.12/site-packages/pyparsing/util.py first seen with mtime 1726468845.7934802
DEBUG 2024-09-17 16:36:59,485 autoreload File /Users/kawamotonaoki/banhmilove/venv/lib/python3.12/site-packages/django/core/exceptions.py first seen with mtime 1726468847.700806
DEBUG 2024-09-17 16:36:59,485 autoreload File /Users/kawamotonaoki/banhmilove/venv/lib/python3.12/site-packages/django/utils/inspect.py first seen with mtime 1726468847.8601975
DEBUG 2024-09-17 16:36:59,486 autoreload File /Users/kawamotonaoki/banhmilove/venv/lib/python3.12/site-packages/sqlparse/filters/aligned_indent.py first seen with mtime 1726468845.7466118
DEBUG 2024-09-17 16:36:59,486 autoreload File /Users/kawamotonaoki/banhmilove/venv/lib/python3.12/site-packages/idna/__init__.py first seen with mtime 1726468846.34197
DEBUG 2024-09-17 16:36:59,486 autoreload File /opt/homebrew/Cellar/python@3.12/3.12.5/Frameworks/Python.framework/Versions/3.12/lib/python3.12/_compression.py first seen with mtime 1722971329.0
DEBUG 2024-09-17 16:36:59,486 autoreload File /Users/kawamotonaoki/banhmilove/venv/lib/python3.12/site-packages/django/contrib/sessions/backends/base.py first seen with mtime 1726468847.584607
DEBUG 2024-09-17 16:36:59,486 autoreload File /Users/kawamotonaoki/banhmilove/venv/lib/python3.12/site-packages/django/core/signals.py first seen with mtime 1726468847.7013316
DEBUG 2024-09-17 16:36:59,486 autoreload File /Users/kawamotonaoki/banhmilove/venv/lib/python3.12/site-packages/django/db/transaction.py first seen with mtime 1726468847.7344136
DEBUG 2024-09-17 16:36:59,486 autoreload File /Users/kawamotonaoki/banhmilove/venv/lib/python3.12/site-packages/django/core/management/color.py first seen with mtime 1726468847.7202644
DEBUG 2024-09-17 16:36:59,486 autoreload File /opt/homebrew/Cellar/python@3.12/3.12.5/Frameworks/Python.framework/Versions/3.12/lib/python3.12/secrets.py first seen with mtime 1722971329.0
DEBUG 2024-09-17 16:36:59,486 autoreload File /opt/homebrew/Cellar/python@3.12/3.12.5/Frameworks/Python.framework/Versions/3.12/lib/python3.12/zipfile/_path/__init__.py first seen with mtime 1722971329.0
DEBUG 2024-09-17 16:36:59,486 autoreload File /Users/kawamotonaoki/banhmilove/venv/lib/python3.12/site-packages/uritemplate/__init__.py first seen with mtime 1726468845.7018104
DEBUG 2024-09-17 16:36:59,486 autoreload File /Users/kawamotonaoki/banhmilove/venv/lib/python3.12/site-packages/django/http/request.py first seen with mtime 1726468847.8296864
DEBUG 2024-09-17 16:36:59,486 autoreload File /Users/kawamotonaoki/banhmilove/venv/lib/python3.12/site-packages/django/db/models/enums.py first seen with mtime 1726468847.7756002
DEBUG 2024-09-17 16:36:59,486 autoreload File /Users/kawamotonaoki/banhmilove/venv/lib/python3.12/site-packages/django/contrib/messages/__init__.py first seen with mtime 1726468847.4923441
DEBUG 2024-09-17 16:36:59,486 autoreload File /Users/kawamotonaoki/banhmilove/venv/lib/python3.12/site-packages/sqlparse/filters/tokens.py first seen with mtime 1726468845.7480407
DEBUG 2024-09-17 16:36:59,486 autoreload File /Users/kawamotonaoki/banhmilove/venv/lib/python3.12/site-packages/django/core/files/uploadhandler.py first seen with mtime 1726468847.7128646
DEBUG 2024-09-17 16:36:59,486 autoreload File /opt/homebrew/Cellar/python@3.12/3.12.5/Frameworks/Python.framework/Versions/3.12/lib/python3.12/heapq.py first seen with mtime 1722971329.0
DEBUG 2024-09-17 16:36:59,486 autoreload File /Users/kawamotonaoki/banhmilove/venv/lib/python3.12/site-packages/django/core/serializers/base.py first seen with mtime 1726468847.7309563
DEBUG 2024-09-17 16:36:59,486 autoreload File /Users/kawamotonaoki/banhmilove/venv/lib/python3.12/site-packages/django/views/generic/dates.py first seen with mtime 1726468847.8722765
DEBUG 2024-09-17 16:36:59,486 autoreload File /Users/kawamotonaoki/banhmilove/venv/lib/python3.12/site-packages/sqlparse/filters/right_margin.py first seen with mtime 1726468845.747842
DEBUG 2024-09-17 16:36:59,487 autoreload File /Users/kawamotonaoki/banhmilove/venv/lib/python3.12/site-packages/pyasn1/type/__init__.py first seen with mtime 1726468845.92259
DEBUG 2024-09-17 16:36:59,487 autoreload File /Users/kawamotonaoki/banhmilove/venv/lib/python3.12/site-packages/urllib3/_version.py first seen with mtime 1726468845.598196
DEBUG 2024-09-17 16:36:59,487 autoreload File /opt/homebrew/Cellar/python@3.12/3.12.5/Frameworks/Python.framework/Versions/3.12/lib/python3.12/asyncio/__init__.py first seen with mtime 1722971329.0
DEBUG 2024-09-17 16:36:59,487 autoreload File /opt/homebrew/Cellar/python@3.12/3.12.5/Frameworks/Python.framework/Versions/3.12/lib/python3.12/lib-dynload/_scproxy.cpython-312-darwin.so first seen with mtime 1724644387.7260668
DEBUG 2024-09-17 16:36:59,487 autoreload File /Users/kawamotonaoki/banhmilove/venv/lib/python3.12/site-packages/django/db/models/fields/json.py first seen with mtime 1726468847.781748
DEBUG 2024-09-17 16:36:59,487 autoreload File /Users/kawamotonaoki/banhmilove/venv/lib/python3.12/site-packages/django/core/checks/security/__init__.py first seen with mtime 1726468847.7096808
DEBUG 2024-09-17 16:36:59,487 autoreload File /Users/kawamotonaoki/banhmilove/venv/lib/python3.12/site-packages/pyasn1/type/base.py first seen with mtime 1726468845.9251175
DEBUG 2024-09-17 16:36:59,487 autoreload File /Users/kawamotonaoki/banhmilove/venv/lib/python3.12/site-packages/sqlparse/filters/reindent.py first seen with mtime 1726468845.7476864
DEBUG 2024-09-17 16:36:59,487 autoreload File /Users/kawamotonaoki/banhmilove/venv/lib/python3.12/site-packages/django/views/csrf.py first seen with mtime 1726468847.867809
DEBUG 2024-09-17 16:36:59,487 autoreload File /Users/kawamotonaoki/banhmilove/venv/lib/python3.12/site-packages/sqlparse/filters/others.py first seen with mtime 1726468845.7471268
DEBUG 2024-09-17 16:36:59,487 autoreload File /Users/kawamotonaoki/banhmilove/venv/lib/python3.12/site-packages/django/db/models/base.py first seen with mtime 1726468847.7739348
DEBUG 2024-09-17 16:36:59,487 autoreload File /Users/kawamotonaoki/banhmilove/venv/lib/python3.12/site-packages/django/contrib/staticfiles/handlers.py first seen with mtime 1726468847.696608
DEBUG 2024-09-17 16:36:59,487 autoreload File /Users/kawamotonaoki/banhmilove/venv/lib/python3.12/site-packages/pyasn1/codec/cer/__init__.py first seen with mtime 1726468845.9132657
DEBUG 2024-09-17 16:36:59,487 autoreload File /Users/kawamotonaoki/banhmilove/venv/lib/python3.12/site-packages/django/contrib/auth/hashers.py first seen with mtime 1726468847.2315526
DEBUG 2024-09-17 16:36:59,487 autoreload File /opt/homebrew/Cellar/python@3.12/3.12.5/Frameworks/Python.framework/Versions/3.12/lib/python3.12/json/encoder.py first seen with mtime 1722971329.0
DEBUG 2024-09-17 16:36:59,487 autoreload File /Users/kawamotonaoki/banhmilove/venv/lib/python3.12/site-packages/django/contrib/messages/storage/base.py first seen with mtime 1726468847.4937263
DEBUG 2024-09-17 16:36:59,487 autoreload File /opt/homebrew/Cellar/python@3.12/3.12.5/Frameworks/Python.framework/Versions/3.12/lib/python3.12/importlib/resources/_legacy.py first seen with mtime 1722971329.0
DEBUG 2024-09-17 16:36:59,487 autoreload File /Users/kawamotonaoki/banhmilove/venv/lib/python3.12/site-packages/django/core/files/locks.py first seen with mtime 1726468847.711726
DEBUG 2024-09-17 16:36:59,487 autoreload File /Users/kawamotonaoki/banhmilove/venv/lib/python3.12/site-packages/django/shortcuts.py first seen with mtime 1726468847.0020988
DEBUG 2024-09-17 16:36:59,487 autoreload File /Users/kawamotonaoki/banhmilove/venv/lib/python3.12/site-packages/django/utils/ipv6.py first seen with mtime 1726468847.8604324
DEBUG 2024-09-17 16:36:59,487 autoreload File /opt/homebrew/Cellar/python@3.12/3.12.5/Frameworks/Python.framework/Versions/3.12/lib/python3.12/wsgiref/handlers.py first seen with mtime 1722971329.0
DEBUG 2024-09-17 16:36:59,488 autoreload File /opt/homebrew/Cellar/python@3.12/3.12.5/Frameworks/Python.framework/Versions/3.12/lib/python3.12/linecache.py first seen with mtime 1722971329.0
DEBUG 2024-09-17 16:36:59,488 autoreload File /Users/kawamotonaoki/banhmilove/venv/lib/python3.12/site-packages/django/apps/config.py first seen with mtime 1726468847.0025177
DEBUG 2024-09-17 16:36:59,488 autoreload File /Users/kawamotonaoki/banhmilove/venv/lib/python3.12/site-packages/django/core/checks/model_checks.py first seen with mtime 1726468847.707709
DEBUG 2024-09-17 16:36:59,488 autoreload File /Users/kawamotonaoki/banhmilove/banhmilove_app/views.py first seen with mtime 1726553733.7346625
DEBUG 2024-09-17 16:36:59,488 autoreload File /Users/kawamotonaoki/banhmilove/venv/lib/python3.12/site-packages/django/contrib/auth/middleware.py first seen with mtime 1726468847.2316995
DEBUG 2024-09-17 16:36:59,488 autoreload File /Users/kawamotonaoki/banhmilove/venv/lib/python3.12/site-packages/django/core/cache/utils.py first seen with mtime 1726468847.7030098
DEBUG 2024-09-17 16:36:59,488 autoreload File /Users/kawamotonaoki/banhmilove/venv/lib/python3.12/site-packages/sqlparse/sql.py first seen with mtime 1726468845.7431693
DEBUG 2024-09-17 16:36:59,489 autoreload File /opt/homebrew/Cellar/python@3.12/3.12.5/Frameworks/Python.framework/Versions/3.12/lib/python3.12/hmac.py first seen with mtime 1722971329.0
DEBUG 2024-09-17 16:36:59,489 autoreload File /Users/kawamotonaoki/banhmilove/venv/lib/python3.12/site-packages/charset_normalizer/md.cpython-312-darwin.so first seen with mtime 1726468846.5264103
DEBUG 2024-09-17 16:36:59,489 autoreload File /Users/kawamotonaoki/banhmilove/venv/lib/python3.12/site-packages/pyasn1/type/char.py first seen with mtime 1726468845.925965
DEBUG 2024-09-17 16:36:59,489 autoreload File /Users/kawamotonaoki/banhmilove/venv/lib/python3.12/site-packages/django/core/checks/compatibility/django_4_0.py first seen with mtime 1726468847.7094755
DEBUG 2024-09-17 16:36:59,489 autoreload File /Users/kawamotonaoki/banhmilove/venv/lib/python3.12/site-packages/django/template/loaders/__init__.py first seen with mtime 1726468847.8422725
DEBUG 2024-09-17 16:36:59,489 autoreload File /opt/homebrew/Cellar/python@3.12/3.12.5/Frameworks/Python.framework/Versions/3.12/lib/python3.12/wsgiref/simple_server.py first seen with mtime 1722971329.0
DEBUG 2024-09-17 16:36:59,489 autoreload File /Users/kawamotonaoki/banhmilove/venv/lib/python3.12/site-packages/pyasn1/codec/ber/__init__.py first seen with mtime 1726468845.9106607
DEBUG 2024-09-17 16:36:59,489 autoreload File /Users/kawamotonaoki/banhmilove/venv/lib/python3.12/site-packages/google/oauth2/service_account.py first seen with mtime 1726468849.324603
DEBUG 2024-09-17 16:36:59,489 autoreload File /Users/kawamotonaoki/banhmilove/venv/lib/python3.12/site-packages/charset_normalizer/utils.py first seen with mtime 1726468846.5260437
DEBUG 2024-09-17 16:36:59,489 autoreload File /Users/kawamotonaoki/banhmilove/venv/lib/python3.12/site-packages/urllib3/_base_connection.py first seen with mtime 1726468845.5974548
DEBUG 2024-09-17 16:36:59,489 autoreload File /Users/kawamotonaoki/banhmilove/venv/lib/python3.12/site-packages/django/template/response.py first seen with mtime 1726468847.8389466
DEBUG 2024-09-17 16:36:59,490 autoreload File /Users/kawamotonaoki/banhmilove/venv/lib/python3.12/site-packages/django/db/models/fields/reverse_related.py first seen with mtime 1726468847.7852824
DEBUG 2024-09-17 16:36:59,490 autoreload File /Users/kawamotonaoki/banhmilove/venv/lib/python3.12/site-packages/django/utils/duration.py first seen with mtime 1726468847.8568995
DEBUG 2024-09-17 16:36:59,490 autoreload File /Users/kawamotonaoki/banhmilove/venv/lib/python3.12/site-packages/google/oauth2/__init__.py first seen with mtime 1726468849.3210692
DEBUG 2024-09-17 16:36:59,490 autoreload File /Users/kawamotonaoki/banhmilove/venv/lib/python3.12/site-packages/psycopg2/sql.py first seen with mtime 1726470534.0666113
DEBUG 2024-09-17 16:36:59,490 autoreload File /opt/homebrew/Cellar/python@3.12/3.12.5/Frameworks/Python.framework/Versions/3.12/lib/python3.12/email/mime/text.py first seen with mtime 1722971329.0
DEBUG 2024-09-17 16:36:59,490 autoreload File /Users/kawamotonaoki/banhmilove/venv/lib/python3.12/site-packages/django/db/models/query.py first seen with mtime 1726468847.7785745
DEBUG 2024-09-17 16:36:59,490 autoreload File /Users/kawamotonaoki/banhmilove/venv/lib/python3.12/site-packages/googleapiclient/_auth.py first seen with mtime 1726468849.516322
DEBUG 2024-09-17 16:36:59,491 autoreload File /opt/homebrew/Cellar/python@3.12/3.12.5/Frameworks/Python.framework/Versions/3.12/lib/python3.12/tokenize.py first seen with mtime 1722971329.0
DEBUG 2024-09-17 16:36:59,491 autoreload File /opt/homebrew/Cellar/python@3.12/3.12.5/Frameworks/Python.framework/Versions/3.12/lib/python3.12/lib-dynload/binascii.cpython-312-darwin.so first seen with mtime 1724644388.419361
DEBUG 2024-09-17 16:36:59,491 autoreload File /opt/homebrew/Cellar/python@3.12/3.12.5/Frameworks/Python.framework/Versions/3.12/lib/python3.12/queue.py first seen with mtime 1722971329.0
DEBUG 2024-09-17 16:36:59,491 autoreload File /Users/kawamotonaoki/banhmilove/venv/lib/python3.12/site-packages/pyasn1/type/tag.py first seen with mtime 1726468845.9289777
DEBUG 2024-09-17 16:36:59,491 autoreload File /Users/kawamotonaoki/banhmilove/venv/lib/python3.12/site-packages/django/template/loaders/base.py first seen with mtime 1726468847.842925
DEBUG 2024-09-17 16:36:59,491 autoreload File /Users/kawamotonaoki/banhmilove/venv/lib/python3.12/site-packages/rsa/common.py first seen with mtime 1726468846.6278253
DEBUG 2024-09-17 16:36:59,491 autoreload File /opt/homebrew/Cellar/python@3.12/3.12.5/Frameworks/Python.framework/Versions/3.12/lib/python3.12/concurrent/futures/thread.py first seen with mtime 1722971329.0
DEBUG 2024-09-17 16:36:59,491 autoreload File /Users/kawamotonaoki/banhmilove/venv/lib/python3.12/site-packages/googleapiclient/mimeparse.py first seen with mtime 1726468849.5179944
DEBUG 2024-09-17 16:36:59,491 autoreload File /opt/homebrew/Cellar/python@3.12/3.12.5/Frameworks/Python.framework/Versions/3.12/lib/python3.12/quopri.py first seen with mtime 1722971329.0
DEBUG 2024-09-17 16:36:59,491 autoreload File /Users/kawamotonaoki/banhmilove/venv/lib/python3.12/site-packages/django/views/decorators/__init__.py first seen with mtime 1726468847.8693051
DEBUG 2024-09-17 16:36:59,491 autoreload File /Users/kawamotonaoki/banhmilove/venv/lib/python3.12/site-packages/django/db/models/sql/__init__.py first seen with mtime 1726468847.7888978
DEBUG 2024-09-17 16:36:59,491 autoreload File /Users/kawamotonaoki/banhmilove/venv/lib/python3.12/site-packages/django/conf/global_settings.py first seen with mtime 1726468847.0031688
DEBUG 2024-09-17 16:36:59,491 autoreload File /Users/kawamotonaoki/banhmilove/venv/lib/python3.12/site-packages/django/core/checks/files.py first seen with mtime 1726468847.707091
DEBUG 2024-09-17 16:36:59,491 autoreload File /opt/homebrew/Cellar/python@3.12/3.12.5/Frameworks/Python.framework/Versions/3.12/lib/python3.12/asyncio/taskgroups.py first seen with mtime 1722971329.0
DEBUG 2024-09-17 16:36:59,491 autoreload File /Users/kawamotonaoki/banhmilove/venv/lib/python3.12/site-packages/pyasn1/type/error.py first seen with mtime 1726468845.9269042
DEBUG 2024-09-17 16:36:59,491 autoreload File /Users/kawamotonaoki/banhmilove/venv/lib/python3.12/site-packages/django/utils/crypto.py first seen with mtime 1726468847.8538098
DEBUG 2024-09-17 16:36:59,491 autoreload File /opt/homebrew/Cellar/python@3.12/3.12.5/Frameworks/Python.framework/Versions/3.12/lib/python3.12/importlib/_abc.py first seen with mtime 1722971329.0
DEBUG 2024-09-17 16:36:59,491 autoreload File /opt/homebrew/Cellar/python@3.12/3.12.5/Frameworks/Python.framework/Versions/3.12/lib/python3.12/locale.py first seen with mtime 1722971329.0
DEBUG 2024-09-17 16:36:59,491 autoreload File /opt/homebrew/Cellar/python@3.12/3.12.5/Frameworks/Python.framework/Versions/3.12/lib/python3.12/lzma.py first seen with mtime 1722971329.0
DEBUG 2024-09-17 16:36:59,491 autoreload File /Users/kawamotonaoki/banhmilove/venv/lib/python3.12/site-packages/django/db/backends/base/__init__.py first seen with mtime 1726468847.737096
DEBUG 2024-09-17 16:36:59,491 autoreload File /Users/kawamotonaoki/banhmilove/venv/lib/python3.12/site-packages/django/db/backends/ddl_references.py first seen with mtime 1726468847.7357225
DEBUG 2024-09-17 16:36:59,491 autoreload File /Users/kawamotonaoki/banhmilove/venv/lib/python3.12/site-packages/google/auth/crypt/base.py first seen with mtime 1726468849.3181098
DEBUG 2024-09-17 16:36:59,491 autoreload File /opt/homebrew/Cellar/python@3.12/3.12.5/Frameworks/Python.framework/Versions/3.12/lib/python3.12/re/__init__.py first seen with mtime 1722971329.0
DEBUG 2024-09-17 16:36:59,491 autoreload File /opt/homebrew/Cellar/python@3.12/3.12.5/Frameworks/Python.framework/Versions/3.12/lib/python3.12/lib-dynload/unicodedata.cpython-312-darwin.so first seen with mtime 1724644388.8515284
DEBUG 2024-09-17 16:36:59,491 autoreload File /Users/kawamotonaoki/banhmilove/venv/lib/python3.12/site-packages/django/views/generic/__init__.py first seen with mtime 1726468847.871621
DEBUG 2024-09-17 16:36:59,491 autoreload File /Users/kawamotonaoki/banhmilove/venv/lib/python3.12/site-packages/django/core/cache/backends/locmem.py first seen with mtime 1726468847.7051337
DEBUG 2024-09-17 16:36:59,491 autoreload File /opt/homebrew/Cellar/python@3.12/3.12.5/Frameworks/Python.framework/Versions/3.12/lib/python3.12/decimal.py first seen with mtime 1722971329.0
DEBUG 2024-09-17 16:36:59,492 autoreload File /Users/kawamotonaoki/banhmilove/venv/lib/python3.12/site-packages/django/contrib/messages/utils.py first seen with mtime 1726468847.493215
DEBUG 2024-09-17 16:36:59,492 autoreload File /opt/homebrew/Cellar/python@3.12/3.12.5/Frameworks/Python.framework/Versions/3.12/lib/python3.12/_weakrefset.py first seen with mtime 1722971329.0
DEBUG 2024-09-17 16:36:59,492 autoreload File /opt/homebrew/Cellar/python@3.12/3.12.5/Frameworks/Python.framework/Versions/3.12/lib/python3.12/importlib/__init__.py first seen with mtime 1722971329.0
DEBUG 2024-09-17 16:36:59,492 autoreload File /Users/kawamotonaoki/banhmilove/venv/lib/python3.12/site-packages/django/utils/deprecation.py first seen with mtime 1726468847.8566525
DEBUG 2024-09-17 16:36:59,492 autoreload File /opt/homebrew/Cellar/python@3.12/3.12.5/Frameworks/Python.framework/Versions/3.12/lib/python3.12/gzip.py first seen with mtime 1722971329.0
DEBUG 2024-09-17 16:36:59,492 autoreload File /Users/kawamotonaoki/banhmilove/venv/lib/python3.12/site-packages/django/db/models/fields/mixins.py first seen with mtime 1726468847.7821414
DEBUG 2024-09-17 16:36:59,492 autoreload File /Users/kawamotonaoki/banhmilove/venv/lib/python3.12/site-packages/django/urls/utils.py first seen with mtime 1726468847.8512821
DEBUG 2024-09-17 16:36:59,492 autoreload File /opt/homebrew/Cellar/python@3.12/3.12.5/Frameworks/Python.framework/Versions/3.12/lib/python3.12/lib-dynload/math.cpython-312-darwin.so first seen with mtime 1724644388.5385356
DEBUG 2024-09-17 16:36:59,492 autoreload File /opt/homebrew/Cellar/python@3.12/3.12.5/Frameworks/Python.framework/Versions/3.12/lib/python3.12/lib-dynload/_multibytecodec.cpython-312-darwin.so first seen with mtime 1724644387.4851885
DEBUG 2024-09-17 16:36:59,492 autoreload File /opt/homebrew/Cellar/python@3.12/3.12.5/Frameworks/Python.framework/Versions/3.12/lib/python3.12/lib-dynload/_bisect.cpython-312-darwin.so first seen with mtime 1724644386.7020602
DEBUG 2024-09-17 16:36:59,492 autoreload File /Users/kawamotonaoki/banhmilove/venv/lib/python3.12/site-packages/django/template/loaders/filesystem.py first seen with mtime 1726468847.8435194
DEBUG 2024-09-17 16:36:59,492 autoreload File /opt/homebrew/Cellar/python@3.12/3.12.5/Frameworks/Python.framework/Versions/3.12/lib/python3.12/email/_encoded_words.py first seen with mtime 1722971329.0
DEBUG 2024-09-17 16:36:59,492 autoreload File /opt/homebrew/Cellar/python@3.12/3.12.5/Frameworks/Python.framework/Versions/3.12/lib/python3.12/platform.py first seen with mtime 1722971329.0
DEBUG 2024-09-17 16:36:59,492 autoreload File /Users/kawamotonaoki/banhmilove/venv/lib/python3.12/site-packages/django/core/checks/async_checks.py first seen with mtime 1726468847.7063606
DEBUG 2024-09-17 16:36:59,492 autoreload File /Users/kawamotonaoki/banhmilove/venv/lib/python3.12/site-packages/django/utils/deconstruct.py first seen with mtime 1726468847.8557093
DEBUG 2024-09-17 16:36:59,492 autoreload File /Users/kawamotonaoki/banhmilove/venv/lib/python3.12/site-packages/django/contrib/sites/requests.py first seen with mtime 1726468847.634741
DEBUG 2024-09-17 16:36:59,492 autoreload File /opt/homebrew/Cellar/python@3.12/3.12.5/Frameworks/Python.framework/Versions/3.12/lib/python3.12/re/_parser.py first seen with mtime 1722971329.0
DEBUG 2024-09-17 16:36:59,492 autoreload File /opt/homebrew/Cellar/python@3.12/3.12.5/Frameworks/Python.framework/Versions/3.12/lib/python3.12/wsgiref/__init__.py first seen with mtime 1722971329.0
DEBUG 2024-09-17 16:36:59,492 autoreload File /Users/kawamotonaoki/banhmilove/venv/lib/python3.12/site-packages/django/utils/connection.py first seen with mtime 1726468847.853547
DEBUG 2024-09-17 16:36:59,492 autoreload File /Users/kawamotonaoki/banhmilove/venv/lib/python3.12/site-packages/django/contrib/admin/models.py first seen with mtime 1726468847.0752113
DEBUG 2024-09-17 16:36:59,492 autoreload File /Users/kawamotonaoki/banhmilove/venv/lib/python3.12/site-packages/django/contrib/contenttypes/fields.py first seen with mtime 1726468847.290299
DEBUG 2024-09-17 16:36:59,492 autoreload File /Users/kawamotonaoki/banhmilove/venv/lib/python3.12/site-packages/django/core/files/storage/__init__.py first seen with mtime 1726468847.7134252
DEBUG 2024-09-17 16:36:59,492 autoreload File /Users/kawamotonaoki/banhmilove/venv/lib/python3.12/site-packages/google/auth/_service_account_info.py first seen with mtime 1726468849.3127499
DEBUG 2024-09-17 16:36:59,492 autoreload File /opt/homebrew/Cellar/python@3.12/3.12.5/Frameworks/Python.framework/Versions/3.12/lib/python3.12/urllib/__init__.py first seen with mtime 1722971329.0
DEBUG 2024-09-17 16:36:59,492 autoreload File /opt/homebrew/Cellar/python@3.12/3.12.5/Frameworks/Python.framework/Versions/3.12/lib/python3.12/inspect.py first seen with mtime 1722971329.0
DEBUG 2024-09-17 16:36:59,492 autoreload File /Users/kawamotonaoki/banhmilove/venv/lib/python3.12/site-packages/django/db/models/fields/__init__.py first seen with mtime 1726468847.780593
DEBUG 2024-09-17 16:36:59,492 autoreload File /opt/homebrew/Cellar/python@3.12/3.12.5/Frameworks/Python.framework/Versions/3.12/lib/python3.12/asyncio/mixins.py first seen with mtime 1722971329.0
DEBUG 2024-09-17 16:36:59,492 autoreload File /Users/kawamotonaoki/banhmilove/venv/lib/python3.12/site-packages/psycopg2/__init__.py first seen with mtime 1726470534.0631227
DEBUG 2024-09-17 16:36:59,493 autoreload File /Users/kawamotonaoki/banhmilove/venv/lib/python3.12/site-packages/google/auth/jwt.py first seen with mtime 1726468849.315702
DEBUG 2024-09-17 16:36:59,493 autoreload File /Users/kawamotonaoki/banhmilove/venv/lib/python3.12/site-packages/django/utils/http.py first seen with mtime 1726468847.8599494
DEBUG 2024-09-17 16:36:59,493 autoreload File /opt/homebrew/Cellar/python@3.12/3.12.5/Frameworks/Python.framework/Versions/3.12/lib/python3.12/email/generator.py first seen with mtime 1722971329.0
DEBUG 2024-09-17 16:36:59,493 autoreload File /Users/kawamotonaoki/banhmilove/venv/lib/python3.12/site-packages/django/utils/termcolors.py first seen with mtime 1726468847.8632724
DEBUG 2024-09-17 16:36:59,493 autoreload File /Users/kawamotonaoki/banhmilove/venv/lib/python3.12/site-packages/django/template/backends/django.py first seen with mtime 1726468847.84107
DEBUG 2024-09-17 16:36:59,493 autoreload File /Users/kawamotonaoki/banhmilove/venv/lib/python3.12/site-packages/rsa/__init__.py first seen with mtime 1726468846.626904
DEBUG 2024-09-17 16:36:59,493 autoreload File /Users/kawamotonaoki/banhmilove/venv/lib/python3.12/site-packages/pyasn1/codec/der/__init__.py first seen with mtime 1726468845.9151258
DEBUG 2024-09-17 16:36:59,493 autoreload File /opt/homebrew/Cellar/python@3.12/3.12.5/Frameworks/Python.framework/Versions/3.12/lib/python3.12/re/_constants.py first seen with mtime 1722971329.0
DEBUG 2024-09-17 16:36:59,493 autoreload File /Users/kawamotonaoki/banhmilove/venv/lib/python3.12/site-packages/pyparsing/actions.py first seen with mtime 1726468845.790025
DEBUG 2024-09-17 16:36:59,493 autoreload File /Users/kawamotonaoki/banhmilove/venv/lib/python3.12/site-packages/django/contrib/admin/views/autocomplete.py first seen with mtime 1726468847.1869469
DEBUG 2024-09-17 16:36:59,493 autoreload File /opt/homebrew/Cellar/python@3.12/3.12.5/Frameworks/Python.framework/Versions/3.12/lib/python3.12/datetime.py first seen with mtime 1722971329.0
DEBUG 2024-09-17 16:36:59,493 autoreload File /Users/kawamotonaoki/banhmilove/venv/lib/python3.12/site-packages/django/db/models/functions/window.py first seen with mtime 1726468847.7884395
DEBUG 2024-09-17 16:36:59,493 autoreload File /Users/kawamotonaoki/banhmilove/venv/lib/python3.12/site-packages/django/contrib/staticfiles/views.py first seen with mtime 1726468847.6978502
DEBUG 2024-09-17 16:36:59,493 autoreload File /Users/kawamotonaoki/banhmilove/venv/lib/python3.12/site-packages/django/utils/translation/trans_real.py first seen with mtime 1726468847.8670497
DEBUG 2024-09-17 16:36:59,493 autoreload File /Users/kawamotonaoki/banhmilove/venv/lib/python3.12/site-packages/pyasn1/type/useful.py first seen with mtime 1726468845.9310937
DEBUG 2024-09-17 16:36:59,493 autoreload File /Users/kawamotonaoki/banhmilove/venv/lib/python3.12/site-packages/django/forms/formsets.py first seen with mtime 1726468847.7956886
DEBUG 2024-09-17 16:36:59,494 autoreload File /opt/homebrew/Cellar/python@3.12/3.12.5/Frameworks/Python.framework/Versions/3.12/lib/python3.12/asyncio/base_subprocess.py first seen with mtime 1722971329.0
DEBUG 2024-09-17 16:36:59,494 autoreload File /Users/kawamotonaoki/banhmilove/venv/lib/python3.12/site-packages/sqlparse/__init__.py first seen with mtime 1726468845.7413821
DEBUG 2024-09-17 16:36:59,494 autoreload File /Users/kawamotonaoki/banhmilove/venv/lib/python3.12/site-packages/django/db/models/functions/mixins.py first seen with mtime 1726468847.7875938
DEBUG 2024-09-17 16:36:59,494 autoreload File /Users/kawamotonaoki/banhmilove/venv/lib/python3.12/site-packages/pyasn1/type/constraint.py first seen with mtime 1726468845.9264894
DEBUG 2024-09-17 16:36:59,494 autoreload File /opt/homebrew/Cellar/python@3.12/3.12.5/Frameworks/Python.framework/Versions/3.12/lib/python3.12/email/__init__.py first seen with mtime 1722971329.0
DEBUG 2024-09-17 16:36:59,494 autoreload File /Users/kawamotonaoki/banhmilove/venv/lib/python3.12/site-packages/django/contrib/auth/tokens.py first seen with mtime 1726468847.232465
DEBUG 2024-09-17 16:36:59,494 autoreload File /Users/kawamotonaoki/banhmilove/venv/lib/python3.12/site-packages/cachetools/keys.py first seen with mtime 1726468846.5880682
DEBUG 2024-09-17 16:36:59,494 autoreload File /Users/kawamotonaoki/banhmilove/venv/lib/python3.12/site-packages/django/core/files/base.py first seen with mtime 1726468847.711198
DEBUG 2024-09-17 16:36:59,494 autoreload File /Users/kawamotonaoki/banhmilove/venv/lib/python3.12/site-packages/django/utils/decorators.py first seen with mtime 1726468847.8561862
DEBUG 2024-09-17 16:36:59,494 autoreload File /opt/homebrew/Cellar/python@3.12/3.12.5/Frameworks/Python.framework/Versions/3.12/lib/python3.12/threading.py first seen with mtime 1722971329.0
DEBUG 2024-09-17 16:36:59,494 autoreload File /opt/homebrew/Cellar/python@3.12/3.12.5/Frameworks/Python.framework/Versions/3.12/lib/python3.12/lib-dynload/_bz2.cpython-312-darwin.so first seen with mtime 1724644386.7615125
DEBUG 2024-09-17 16:36:59,494 autoreload File /Users/kawamotonaoki/banhmilove/banhmilove_app/templates/.DS_Store first seen with mtime 1726400990.1483223
DEBUG 2024-09-17 16:36:59,494 autoreload File /Users/kawamotonaoki/banhmilove/banhmilove_app/templates/banhmilove_app first seen with mtime 1726400990.6137369
DEBUG 2024-09-17 16:36:59,495 autoreload File /Users/kawamotonaoki/banhmilove/banhmilove_app/templates/banhmilove_app/home.html first seen with mtime 1726400990.4999332
DEBUG 2024-09-17 16:36:59,495 autoreload File /Users/kawamotonaoki/banhmilove/banhmilove_app/templates/banhmilove_app/about.html first seen with mtime 1726400990.3608065
DEBUG 2024-09-17 16:36:59,495 autoreload File /Users/kawamotonaoki/banhmilove/banhmilove_app/templates/banhmilove_app/new_store.html first seen with mtime 1726400990.5475574
DEBUG 2024-09-17 16:36:59,495 autoreload File /Users/kawamotonaoki/banhmilove/banhmilove_app/templates/banhmilove_app/base.html first seen with mtime 1726400990.6383114
DEBUG 2024-09-17 16:36:59,495 autoreload File /Users/kawamotonaoki/banhmilove/banhmilove_app/templates/banhmilove_app/analysis.html first seen with mtime 1726400990.4069161
DEBUG 2024-09-17 16:36:59,495 autoreload File /Users/kawamotonaoki/banhmilove/banhmilove_app/templates/banhmilove_app/rank.html first seen with mtime 1726400990.3115845
DEBUG 2024-09-17 16:36:59,495 autoreload File /Users/kawamotonaoki/banhmilove/banhmilove_app/templates/banhmilove_app/news.html first seen with mtime 1726400990.593069
DEBUG 2024-09-17 16:36:59,495 autoreload File /Users/kawamotonaoki/banhmilove/banhmilove_app/templates/banhmilove_app/about_us.html first seen with mtime 1726400990.2647004
DEBUG 2024-09-17 16:36:59,495 autoreload File /Users/kawamotonaoki/banhmilove/banhmilove_app/templates/banhmilove_app/store_list.html first seen with mtime 1726400990.4537654
DEBUG 2024-09-17 16:36:59,591 utils (0.007) 
            SELECT
                c.relname,
                CASE
                    WHEN c.relispartition THEN 'p'
                    WHEN c.relkind IN ('m', 'v') THEN 'v'
                    ELSE 't'
                END,
                obj_description(c.oid, 'pg_class')
            FROM pg_catalog.pg_class c
            LEFT JOIN pg_catalog.pg_namespace n ON n.oid = c.relnamespace
            WHERE c.relkind IN ('f', 'm', 'p', 'r', 'v')
                AND n.nspname NOT IN ('pg_catalog', 'pg_toast')
                AND pg_catalog.pg_table_is_visible(c.oid)
        ; args=None; alias=default
DEBUG 2024-09-17 16:36:59,595 utils (0.001) SELECT "django_migrations"."id", "django_migrations"."app", "django_migrations"."name", "django_migrations"."applied" FROM "django_migrations"; args=(); alias=default
DEBUG 2024-09-17 16:37:00,550 autoreload File /Users/kawamotonaoki/banhmilove/venv/lib/python3.12/site-packages/django/contrib/contenttypes/migrations/0001_initial.py first seen with mtime 1726468847.3313758
DEBUG 2024-09-17 16:37:00,550 autoreload File /Users/kawamotonaoki/banhmilove/banhmilove_app/migrations/__init__.py first seen with mtime 1726400992.1209118
DEBUG 2024-09-17 16:37:00,550 autoreload File /Users/kawamotonaoki/banhmilove/venv/lib/python3.12/site-packages/django/contrib/auth/migrations/0007_alter_validators_add_error_messages.py first seen with mtime 1726468847.2876964
DEBUG 2024-09-17 16:37:00,551 autoreload File /Users/kawamotonaoki/banhmilove/banhmilove_app/migrations/0003_store_registered_date.py first seen with mtime 1726400991.9352596
DEBUG 2024-09-17 16:37:00,551 autoreload File /Users/kawamotonaoki/banhmilove/venv/lib/python3.12/site-packages/django/contrib/contenttypes/migrations/0002_remove_content_type_name.py first seen with mtime 1726468847.331522
DEBUG 2024-09-17 16:37:00,551 autoreload File /Users/kawamotonaoki/banhmilove/venv/lib/python3.12/site-packages/django/contrib/auth/migrations/0004_alter_user_username_opts.py first seen with mtime 1726468847.2872183
DEBUG 2024-09-17 16:37:00,551 autoreload File /Users/kawamotonaoki/banhmilove/venv/lib/python3.12/site-packages/django/contrib/messages/middleware.py first seen with mtime 1726468847.4930694
DEBUG 2024-09-17 16:37:00,551 autoreload File /Users/kawamotonaoki/banhmilove/banhmilove_app/migrations/0004_store_registered_month.py first seen with mtime 1726400992.0814629
DEBUG 2024-09-17 16:37:00,551 autoreload File /Users/kawamotonaoki/banhmilove/venv/lib/python3.12/site-packages/django/contrib/sessions/exceptions.py first seen with mtime 1726468847.583565
DEBUG 2024-09-17 16:37:00,552 autoreload File /Users/kawamotonaoki/banhmilove/venv/lib/python3.12/site-packages/django/contrib/auth/migrations/0002_alter_permission_name_max_length.py first seen with mtime 1726468847.2869122
DEBUG 2024-09-17 16:37:00,552 autoreload File /Users/kawamotonaoki/banhmilove/venv/lib/python3.12/site-packages/django/contrib/auth/migrations/0006_require_contenttypes_0002.py first seen with mtime 1726468847.287532
DEBUG 2024-09-17 16:37:00,552 autoreload File /Users/kawamotonaoki/banhmilove/banhmilove_project/wsgi.py first seen with mtime 1726401000.506717
DEBUG 2024-09-17 16:37:00,553 autoreload File /Users/kawamotonaoki/banhmilove/venv/lib/python3.12/site-packages/django/contrib/auth/migrations/0009_alter_user_last_name_max_length.py first seen with mtime 1726468847.2881594
DEBUG 2024-09-17 16:37:00,553 autoreload File /Users/kawamotonaoki/banhmilove/venv/lib/python3.12/site-packages/django/contrib/auth/migrations/0011_update_proxy_permissions.py first seen with mtime 1726468847.288554
DEBUG 2024-09-17 16:37:00,553 autoreload File /Users/kawamotonaoki/banhmilove/venv/lib/python3.12/site-packages/django/contrib/auth/migrations/0008_alter_user_username_max_length.py first seen with mtime 1726468847.2879002
DEBUG 2024-09-17 16:37:00,553 autoreload File /Users/kawamotonaoki/banhmilove/venv/lib/python3.12/site-packages/django/contrib/auth/migrations/__init__.py first seen with mtime 1726468847.2888153
DEBUG 2024-09-17 16:37:00,553 autoreload File /Users/kawamotonaoki/banhmilove/venv/lib/python3.12/site-packages/django/db/migrations/executor.py first seen with mtime 1726468847.7651043
DEBUG 2024-09-17 16:37:00,553 autoreload File /Users/kawamotonaoki/banhmilove/venv/lib/python3.12/site-packages/django/contrib/sessions/migrations/__init__.py first seen with mtime 1726468847.6310976
DEBUG 2024-09-17 16:37:00,553 autoreload File /Users/kawamotonaoki/banhmilove/venv/lib/python3.12/site-packages/django/contrib/sessions/backends/db.py first seen with mtime 1726468847.585285
DEBUG 2024-09-17 16:37:00,553 autoreload File /Users/kawamotonaoki/banhmilove/venv/lib/python3.12/site-packages/django/contrib/contenttypes/migrations/__init__.py first seen with mtime 1726468847.3315856
DEBUG 2024-09-17 16:37:00,553 autoreload File /Users/kawamotonaoki/banhmilove/venv/lib/python3.12/site-packages/django/contrib/auth/migrations/0010_alter_group_name_max_length.py first seen with mtime 1726468847.2883625
DEBUG 2024-09-17 16:37:00,554 autoreload File /Users/kawamotonaoki/banhmilove/venv/lib/python3.12/site-packages/django/contrib/auth/migrations/0001_initial.py first seen with mtime 1726468847.286749
DEBUG 2024-09-17 16:37:00,554 autoreload File /Users/kawamotonaoki/banhmilove/banhmilove_app/migrations/0002_monthlydata.py first seen with mtime 1726400992.036554
DEBUG 2024-09-17 16:37:00,554 autoreload File /Users/kawamotonaoki/banhmilove/banhmilove_app/migrations/0001_initial.py first seen with mtime 1726400991.9887896
DEBUG 2024-09-17 16:37:00,554 autoreload File /Users/kawamotonaoki/banhmilove/venv/lib/python3.12/site-packages/django/contrib/admin/migrations/0002_logentry_remove_auto_add.py first seen with mtime 1726468847.156349
DEBUG 2024-09-17 16:37:00,554 autoreload File /Users/kawamotonaoki/banhmilove/venv/lib/python3.12/site-packages/django/middleware/common.py first seen with mtime 1726468847.8314042
DEBUG 2024-09-17 16:37:00,554 autoreload File /Users/kawamotonaoki/banhmilove/venv/lib/python3.12/site-packages/django/contrib/admin/migrations/__init__.py first seen with mtime 1726468847.1565485
DEBUG 2024-09-17 16:37:00,554 autoreload File /Users/kawamotonaoki/banhmilove/venv/lib/python3.12/site-packages/django/contrib/sessions/migrations/0001_initial.py first seen with mtime 1726468847.6310077
DEBUG 2024-09-17 16:37:00,554 autoreload File /Users/kawamotonaoki/banhmilove/venv/lib/python3.12/site-packages/django/db/models/sql/compiler.py first seen with mtime 1726468847.789523
DEBUG 2024-09-17 16:37:00,554 autoreload File /Users/kawamotonaoki/banhmilove/venv/lib/python3.12/site-packages/django/db/migrations/graph.py first seen with mtime 1726468847.7658339
DEBUG 2024-09-17 16:37:00,554 autoreload File /Users/kawamotonaoki/banhmilove/venv/lib/python3.12/site-packages/django/contrib/admin/migrations/0001_initial.py first seen with mtime 1726468847.156207
DEBUG 2024-09-17 16:37:00,554 autoreload File /Users/kawamotonaoki/banhmilove/venv/lib/python3.12/site-packages/django/middleware/clickjacking.py first seen with mtime 1726468847.8310413
DEBUG 2024-09-17 16:37:00,554 autoreload File /Users/kawamotonaoki/banhmilove/venv/lib/python3.12/site-packages/django/contrib/auth/migrations/0005_alter_user_last_login_null.py first seen with mtime 1726468847.2873688
DEBUG 2024-09-17 16:37:00,555 autoreload File /Users/kawamotonaoki/banhmilove/venv/lib/python3.12/site-packages/django/db/migrations/loader.py first seen with mtime 1726468847.7662725
DEBUG 2024-09-17 16:37:00,555 autoreload File /Users/kawamotonaoki/banhmilove/venv/lib/python3.12/site-packages/django/contrib/auth/migrations/0003_alter_user_email_max_length.py first seen with mtime 1726468847.2870655
DEBUG 2024-09-17 16:37:00,555 autoreload File /Users/kawamotonaoki/banhmilove/venv/lib/python3.12/site-packages/django/contrib/auth/migrations/0012_alter_user_first_name_max_length.py first seen with mtime 1726468847.288741
DEBUG 2024-09-17 16:37:00,555 autoreload File /Users/kawamotonaoki/banhmilove/venv/lib/python3.12/site-packages/django/contrib/admin/migrations/0003_logentry_add_action_flag_choices.py first seen with mtime 1726468847.1564882
DEBUG 2024-09-17 16:37:00,555 autoreload File /Users/kawamotonaoki/banhmilove/banhmilove_app/migrations/0006_alter_monthlydata_ranking.py first seen with mtime 1726400991.8892267
DEBUG 2024-09-17 16:37:00,555 autoreload File /Users/kawamotonaoki/banhmilove/venv/lib/python3.12/site-packages/django/db/migrations/recorder.py first seen with mtime 1726468847.7681248
DEBUG 2024-09-17 16:37:00,555 autoreload File /Users/kawamotonaoki/banhmilove/venv/lib/python3.12/site-packages/django/conf/urls/__init__.py first seen with mtime 1726468847.0732393
DEBUG 2024-09-17 16:37:00,555 autoreload File /Users/kawamotonaoki/banhmilove/banhmilove_app/migrations/0005_store_prefecture_en.py first seen with mtime 1726400991.8409436
DEBUG 2024-09-17 16:37:00,556 autoreload File /Users/kawamotonaoki/banhmilove/venv/lib/python3.12/site-packages/django/views/defaults.py first seen with mtime 1726468847.8683872
DEBUG 2024-09-17 16:37:36,099 autoreload File /Users/kawamotonaoki/banhmilove/banhmilove_app/views.py previous mtime: 1726553733.7346625, current mtime: 1726558655.397564
DEBUG 2024-09-17 16:37:36,106 autoreload /Users/kawamotonaoki/banhmilove/banhmilove_app/views.py notified as changed. Signal results: [(<function template_changed at 0x1043d2fc0>, None), (<function translation_file_changed at 0x106d28220>, None)].
INFO 2024-09-17 16:37:36,106 autoreload /Users/kawamotonaoki/banhmilove/banhmilove_app/views.py changed, reloading.
INFO 2024-09-17 16:37:36,548 autoreload Watching for file changes with StatReloader
DEBUG 2024-09-17 16:37:36,549 autoreload Waiting for apps ready_event.
DEBUG 2024-09-17 16:37:36,688 autoreload Apps ready_event triggered. Sending autoreload_started signal.
DEBUG 2024-09-17 16:37:36,701 autoreload Watching dir /Users/kawamotonaoki/banhmilove/templates/banhmilove_app with glob **/*.
DEBUG 2024-09-17 16:37:36,701 autoreload Watching dir /Users/kawamotonaoki/banhmilove/banhmilove_app/templates with glob **/*.
DEBUG 2024-09-17 16:37:36,702 autoreload Watching dir /Users/kawamotonaoki/banhmilove/locale with glob **/*.mo.
DEBUG 2024-09-17 16:37:36,702 autoreload Watching dir /Users/kawamotonaoki/banhmilove/banhmilove_app/locale with glob **/*.mo.
DEBUG 2024-09-17 16:37:36,750 utils (0.005) 
            SELECT
                c.relname,
                CASE
                    WHEN c.relispartition THEN 'p'
                    WHEN c.relkind IN ('m', 'v') THEN 'v'
                    ELSE 't'
                END,
                obj_description(c.oid, 'pg_class')
            FROM pg_catalog.pg_class c
            LEFT JOIN pg_catalog.pg_namespace n ON n.oid = c.relnamespace
            WHERE c.relkind IN ('f', 'm', 'p', 'r', 'v')
                AND n.nspname NOT IN ('pg_catalog', 'pg_toast')
                AND pg_catalog.pg_table_is_visible(c.oid)
        ; args=None; alias=default
DEBUG 2024-09-17 16:37:36,752 utils (0.001) SELECT "django_migrations"."id", "django_migrations"."app", "django_migrations"."name", "django_migrations"."applied" FROM "django_migrations"; args=(); alias=default
DEBUG 2024-09-17 16:37:36,764 autoreload File /Users/kawamotonaoki/banhmilove/venv/lib/python3.12/site-packages/django/core/serializers/base.py first seen with mtime 1726468847.7309563
DEBUG 2024-09-17 16:37:36,764 autoreload File /Users/kawamotonaoki/banhmilove/venv/lib/python3.12/site-packages/django/core/files/uploadedfile.py first seen with mtime 1726468847.712577
DEBUG 2024-09-17 16:37:36,764 autoreload File /opt/homebrew/Cellar/python@3.12/3.12.5/Frameworks/Python.framework/Versions/3.12/lib/python3.12/numbers.py first seen with mtime 1722971329.0
DEBUG 2024-09-17 16:37:36,764 autoreload File /Users/kawamotonaoki/banhmilove/venv/lib/python3.12/site-packages/asgiref/__init__.py first seen with mtime 1726468846.6053693
DEBUG 2024-09-17 16:37:36,764 autoreload File /Users/kawamotonaoki/banhmilove/venv/lib/python3.12/site-packages/django/core/validators.py first seen with mtime 1726468847.7021914
DEBUG 2024-09-17 16:37:36,764 autoreload File /opt/homebrew/Cellar/python@3.12/3.12.5/Frameworks/Python.framework/Versions/3.12/lib/python3.12/lib-dynload/array.cpython-312-darwin.so first seen with mtime 1724644388.3601747
DEBUG 2024-09-17 16:37:36,764 autoreload File /Users/kawamotonaoki/banhmilove/venv/lib/python3.12/site-packages/django/db/backends/base/client.py first seen with mtime 1726468847.7380624
DEBUG 2024-09-17 16:37:36,764 autoreload File /opt/homebrew/Cellar/python@3.12/3.12.5/Frameworks/Python.framework/Versions/3.12/lib/python3.12/enum.py first seen with mtime 1722971329.0
DEBUG 2024-09-17 16:37:36,764 autoreload File /Users/kawamotonaoki/banhmilove/venv/lib/python3.12/site-packages/pyparsing/testing.py first seen with mtime 1726468845.7924323
DEBUG 2024-09-17 16:37:36,764 autoreload File /Users/kawamotonaoki/banhmilove/venv/lib/python3.12/site-packages/pyparsing/util.py first seen with mtime 1726468845.7934802
DEBUG 2024-09-17 16:37:36,764 autoreload File /opt/homebrew/Cellar/python@3.12/3.12.5/Frameworks/Python.framework/Versions/3.12/lib/python3.12/reprlib.py first seen with mtime 1722971329.0
DEBUG 2024-09-17 16:37:36,764 autoreload File /Users/kawamotonaoki/banhmilove/venv/lib/python3.12/site-packages/idna/package_data.py first seen with mtime 1726468846.344224
DEBUG 2024-09-17 16:37:36,764 autoreload File /Users/kawamotonaoki/banhmilove/venv/lib/python3.12/site-packages/asgiref/local.py first seen with mtime 1726468846.606164
DEBUG 2024-09-17 16:37:36,764 autoreload File /Users/kawamotonaoki/banhmilove/venv/lib/python3.12/site-packages/django/core/serializers/python.py first seen with mtime 1726468847.731971
DEBUG 2024-09-17 16:37:36,764 autoreload File /Users/kawamotonaoki/banhmilove/venv/lib/python3.12/site-packages/django/utils/text.py first seen with mtime 1726468847.863564
DEBUG 2024-09-17 16:37:36,764 autoreload File /Users/kawamotonaoki/banhmilove/venv/lib/python3.12/site-packages/psycopg2/extensions.py first seen with mtime 1726470534.0659032
DEBUG 2024-09-17 16:37:36,764 autoreload File /opt/homebrew/Cellar/python@3.12/3.12.5/Frameworks/Python.framework/Versions/3.12/lib/python3.12/asyncio/format_helpers.py first seen with mtime 1722971329.0
DEBUG 2024-09-17 16:37:36,764 autoreload File /Users/kawamotonaoki/banhmilove/venv/lib/python3.12/site-packages/django/utils/ipv6.py first seen with mtime 1726468847.8604324
DEBUG 2024-09-17 16:37:36,764 autoreload File /Users/kawamotonaoki/banhmilove/venv/lib/python3.12/site-packages/django/apps/registry.py first seen with mtime 1726468847.002687
DEBUG 2024-09-17 16:37:36,764 autoreload File /Users/kawamotonaoki/banhmilove/venv/lib/python3.12/site-packages/django/contrib/admin/templatetags/admin_list.py first seen with mtime 1726468847.1860998
DEBUG 2024-09-17 16:37:36,764 autoreload File /Users/kawamotonaoki/banhmilove/venv/lib/python3.12/site-packages/django/contrib/admin/__init__.py first seen with mtime 1726468847.0738366
DEBUG 2024-09-17 16:37:36,764 autoreload File /Users/kawamotonaoki/banhmilove/venv/lib/python3.12/site-packages/django/templatetags/l10n.py first seen with mtime 1726468847.8450615
DEBUG 2024-09-17 16:37:36,764 autoreload File /Users/kawamotonaoki/banhmilove/venv/lib/python3.12/site-packages/django/core/files/utils.py first seen with mtime 1726468847.7130985
DEBUG 2024-09-17 16:37:36,764 autoreload File /Users/kawamotonaoki/banhmilove/venv/lib/python3.12/site-packages/requests/models.py first seen with mtime 1726468846.6564791
DEBUG 2024-09-17 16:37:36,764 autoreload File /opt/homebrew/Cellar/python@3.12/3.12.5/Frameworks/Python.framework/Versions/3.12/lib/python3.12/asyncio/unix_events.py first seen with mtime 1722971329.0
DEBUG 2024-09-17 16:37:36,764 autoreload File /Users/kawamotonaoki/banhmilove/venv/lib/python3.12/site-packages/pyasn1/type/useful.py first seen with mtime 1726468845.9310937
DEBUG 2024-09-17 16:37:36,765 autoreload File /Users/kawamotonaoki/banhmilove/venv/lib/python3.12/site-packages/django/utils/log.py first seen with mtime 1726468847.8612742
DEBUG 2024-09-17 16:37:36,765 autoreload File /opt/homebrew/Cellar/python@3.12/3.12.5/Frameworks/Python.framework/Versions/3.12/lib/python3.12/textwrap.py first seen with mtime 1722971329.0
DEBUG 2024-09-17 16:37:36,765 autoreload File /Users/kawamotonaoki/banhmilove/venv/lib/python3.12/site-packages/django/db/backends/postgresql/creation.py first seen with mtime 1726468847.7527819
DEBUG 2024-09-17 16:37:36,765 autoreload File /Users/kawamotonaoki/banhmilove/venv/lib/python3.12/site-packages/django/forms/__init__.py first seen with mtime 1726468847.793867
DEBUG 2024-09-17 16:37:36,765 autoreload File /Users/kawamotonaoki/banhmilove/venv/lib/python3.12/site-packages/django/views/generic/dates.py first seen with mtime 1726468847.8722765
DEBUG 2024-09-17 16:37:36,765 autoreload File /Users/kawamotonaoki/banhmilove/venv/lib/python3.12/site-packages/django/http/__init__.py first seen with mtime 1726468847.8285983
DEBUG 2024-09-17 16:37:36,765 autoreload File /opt/homebrew/Cellar/python@3.12/3.12.5/Frameworks/Python.framework/Versions/3.12/lib/python3.12/copyreg.py first seen with mtime 1722971329.0
DEBUG 2024-09-17 16:37:36,765 autoreload File /opt/homebrew/Cellar/python@3.12/3.12.5/Frameworks/Python.framework/Versions/3.12/lib/python3.12/bisect.py first seen with mtime 1722971329.0
DEBUG 2024-09-17 16:37:36,765 autoreload File /Users/kawamotonaoki/banhmilove/venv/lib/python3.12/site-packages/django/db/models/sql/where.py first seen with mtime 1726468847.792134
DEBUG 2024-09-17 16:37:36,765 autoreload File /Users/kawamotonaoki/banhmilove/venv/lib/python3.12/site-packages/django/views/__init__.py first seen with mtime 1726468847.8673673
DEBUG 2024-09-17 16:37:36,765 autoreload File /opt/homebrew/Cellar/python@3.12/3.12.5/Frameworks/Python.framework/Versions/3.12/lib/python3.12/inspect.py first seen with mtime 1722971329.0
DEBUG 2024-09-17 16:37:36,765 autoreload File /Users/kawamotonaoki/banhmilove/venv/lib/python3.12/site-packages/django/core/checks/urls.py first seen with mtime 1726468847.7088826
DEBUG 2024-09-17 16:37:36,765 autoreload File /Users/kawamotonaoki/banhmilove/venv/lib/python3.12/site-packages/django/utils/datastructures.py first seen with mtime 1726468847.8541903
DEBUG 2024-09-17 16:37:36,765 autoreload File /Users/kawamotonaoki/banhmilove/venv/lib/python3.12/site-packages/googleapiclient/discovery.py first seen with mtime 1726468849.5171688
DEBUG 2024-09-17 16:37:36,765 autoreload File /opt/homebrew/Cellar/python@3.12/3.12.5/Frameworks/Python.framework/Versions/3.12/lib/python3.12/asyncio/constants.py first seen with mtime 1722971329.0
DEBUG 2024-09-17 16:37:36,765 autoreload File /Users/kawamotonaoki/banhmilove/venv/lib/python3.12/site-packages/charset_normalizer/__init__.py first seen with mtime 1726468846.524682
DEBUG 2024-09-17 16:37:36,765 autoreload File /Users/kawamotonaoki/banhmilove/venv/lib/python3.12/site-packages/django/contrib/auth/validators.py first seen with mtime 1726468847.2327392
DEBUG 2024-09-17 16:37:36,765 autoreload File /opt/homebrew/Cellar/python@3.12/3.12.5/Frameworks/Python.framework/Versions/3.12/lib/python3.12/logging/config.py first seen with mtime 1722971329.0
DEBUG 2024-09-17 16:37:36,765 autoreload File /Users/kawamotonaoki/banhmilove/venv/lib/python3.12/site-packages/django/middleware/common.py first seen with mtime 1726468847.8314042
DEBUG 2024-09-17 16:37:36,765 autoreload File /Users/kawamotonaoki/banhmilove/venv/lib/python3.12/site-packages/psycopg2/_ipaddress.py first seen with mtime 1726470534.0633771
DEBUG 2024-09-17 16:37:36,765 autoreload File /Users/kawamotonaoki/banhmilove/venv/lib/python3.12/site-packages/django/core/files/temp.py first seen with mtime 1726468847.7122889
DEBUG 2024-09-17 16:37:36,765 autoreload File /Users/kawamotonaoki/banhmilove/venv/lib/python3.12/site-packages/django/db/backends/postgresql/introspection.py first seen with mtime 1726468847.7537289
DEBUG 2024-09-17 16:37:36,765 autoreload File /Users/kawamotonaoki/banhmilove/venv/lib/python3.12/site-packages/django/http/multipartparser.py first seen with mtime 1726468847.829291
DEBUG 2024-09-17 16:37:36,765 autoreload File /opt/homebrew/Cellar/python@3.12/3.12.5/Frameworks/Python.framework/Versions/3.12/lib/python3.12/encodings/idna.py first seen with mtime 1722971329.0
DEBUG 2024-09-17 16:37:36,765 autoreload File /Users/kawamotonaoki/banhmilove/venv/lib/python3.12/site-packages/django/contrib/auth/apps.py first seen with mtime 1726468847.2302315
DEBUG 2024-09-17 16:37:36,765 autoreload File /Users/kawamotonaoki/banhmilove/venv/lib/python3.12/site-packages/django/contrib/staticfiles/views.py first seen with mtime 1726468847.6978502
DEBUG 2024-09-17 16:37:36,765 autoreload File /Users/kawamotonaoki/banhmilove/venv/lib/python3.12/site-packages/django/core/servers/basehttp.py first seen with mtime 1726468847.7334433
DEBUG 2024-09-17 16:37:36,765 autoreload File /Users/kawamotonaoki/banhmilove/venv/lib/python3.12/site-packages/google/auth/iam.py first seen with mtime 1726468849.3149223
DEBUG 2024-09-17 16:37:36,765 autoreload File /opt/homebrew/Cellar/python@3.12/3.12.5/Frameworks/Python.framework/Versions/3.12/lib/python3.12/hmac.py first seen with mtime 1722971329.0
DEBUG 2024-09-17 16:37:36,765 autoreload File /opt/homebrew/Cellar/python@3.12/3.12.5/Frameworks/Python.framework/Versions/3.12/lib/python3.12/importlib/readers.py first seen with mtime 1722971329.0
DEBUG 2024-09-17 16:37:36,765 autoreload File /Users/kawamotonaoki/banhmilove/venv/lib/python3.12/site-packages/uritemplate/variable.py first seen with mtime 1726468845.7032099
DEBUG 2024-09-17 16:37:36,766 autoreload File /Users/kawamotonaoki/banhmilove/venv/lib/python3.12/site-packages/django/contrib/auth/hashers.py first seen with mtime 1726468847.2315526
DEBUG 2024-09-17 16:37:36,766 autoreload File /Users/kawamotonaoki/banhmilove/venv/lib/python3.12/site-packages/requests/api.py first seen with mtime 1726468846.654782
DEBUG 2024-09-17 16:37:36,766 autoreload File /Users/kawamotonaoki/banhmilove/venv/lib/python3.12/site-packages/pyasn1/type/char.py first seen with mtime 1726468845.925965
DEBUG 2024-09-17 16:37:36,766 autoreload File /Users/kawamotonaoki/banhmilove/banhmilove_app/__init__.py first seen with mtime 1726400992.1569622
DEBUG 2024-09-17 16:37:36,766 autoreload File /Users/kawamotonaoki/banhmilove/venv/lib/python3.12/site-packages/django/core/handlers/base.py first seen with mtime 1726468847.7160373
DEBUG 2024-09-17 16:37:36,766 autoreload File /Users/kawamotonaoki/banhmilove/venv/lib/python3.12/site-packages/uritemplate/__init__.py first seen with mtime 1726468845.7018104
DEBUG 2024-09-17 16:37:36,766 autoreload File /opt/homebrew/Cellar/python@3.12/3.12.5/Frameworks/Python.framework/Versions/3.12/lib/python3.12/lib-dynload/_sha2.cpython-312-darwin.so first seen with mtime 1724644387.7848575
DEBUG 2024-09-17 16:37:36,766 autoreload File /Users/kawamotonaoki/banhmilove/venv/lib/python3.12/site-packages/django/db/models/functions/datetime.py first seen with mtime 1726468847.7868755
DEBUG 2024-09-17 16:37:36,766 autoreload File /Users/kawamotonaoki/banhmilove/venv/lib/python3.12/site-packages/googleapiclient/errors.py first seen with mtime 1726468849.5173929
DEBUG 2024-09-17 16:37:36,766 autoreload File /Users/kawamotonaoki/banhmilove/venv/lib/python3.12/site-packages/django/views/i18n.py first seen with mtime 1726468847.8688207
DEBUG 2024-09-17 16:37:36,766 autoreload File /Users/kawamotonaoki/banhmilove/venv/lib/python3.12/site-packages/urllib3/util/connection.py first seen with mtime 1726468845.6046946
DEBUG 2024-09-17 16:37:36,766 autoreload File /Users/kawamotonaoki/banhmilove/venv/lib/python3.12/site-packages/django/middleware/csrf.py first seen with mtime 1726468847.8317666
DEBUG 2024-09-17 16:37:36,766 autoreload File /Users/kawamotonaoki/banhmilove/venv/lib/python3.12/site-packages/django/contrib/auth/base_user.py first seen with mtime 1726468847.2305675
DEBUG 2024-09-17 16:37:36,766 autoreload File /opt/homebrew/Cellar/python@3.12/3.12.5/Frameworks/Python.framework/Versions/3.12/lib/python3.12/email/iterators.py first seen with mtime 1722971329.0
DEBUG 2024-09-17 16:37:36,766 autoreload File /Users/kawamotonaoki/banhmilove/venv/lib/python3.12/site-packages/rsa/core.py first seen with mtime 1726468846.628039
DEBUG 2024-09-17 16:37:36,766 autoreload File /opt/homebrew/Cellar/python@3.12/3.12.5/Frameworks/Python.framework/Versions/3.12/lib/python3.12/asyncio/base_subprocess.py first seen with mtime 1722971329.0
DEBUG 2024-09-17 16:37:36,766 autoreload File /Users/kawamotonaoki/banhmilove/venv/lib/python3.12/site-packages/django/db/backends/ddl_references.py first seen with mtime 1726468847.7357225
DEBUG 2024-09-17 16:37:36,766 autoreload File /Users/kawamotonaoki/banhmilove/venv/lib/python3.12/site-packages/rsa/pkcs1.py first seen with mtime 1726468846.6292505
DEBUG 2024-09-17 16:37:36,766 autoreload File /Users/kawamotonaoki/banhmilove/venv/lib/python3.12/site-packages/sqlparse/exceptions.py first seen with mtime 1726468845.7422597
DEBUG 2024-09-17 16:37:36,766 autoreload File /Users/kawamotonaoki/banhmilove/venv/lib/python3.12/site-packages/django/core/cache/backends/__init__.py first seen with mtime 1726468847.7032027
DEBUG 2024-09-17 16:37:36,767 autoreload File /Users/kawamotonaoki/banhmilove/venv/lib/python3.12/site-packages/django/core/paginator.py first seen with mtime 1726468847.7010949
DEBUG 2024-09-17 16:37:36,767 autoreload File /opt/homebrew/Cellar/python@3.12/3.12.5/Frameworks/Python.framework/Versions/3.12/lib/python3.12/linecache.py first seen with mtime 1722971329.0
DEBUG 2024-09-17 16:37:36,767 autoreload File /Users/kawamotonaoki/banhmilove/venv/lib/python3.12/site-packages/django/utils/numberformat.py first seen with mtime 1726468847.8620684
DEBUG 2024-09-17 16:37:36,767 autoreload File /opt/homebrew/Cellar/python@3.12/3.12.5/Frameworks/Python.framework/Versions/3.12/lib/python3.12/importlib/resources/_legacy.py first seen with mtime 1722971329.0
DEBUG 2024-09-17 16:37:36,767 autoreload File /Users/kawamotonaoki/banhmilove/venv/lib/python3.12/site-packages/django/db/models/sql/__init__.py first seen with mtime 1726468847.7888978
DEBUG 2024-09-17 16:37:36,767 autoreload File /Users/kawamotonaoki/banhmilove/venv/lib/python3.12/site-packages/django/shortcuts.py first seen with mtime 1726468847.0020988
DEBUG 2024-09-17 16:37:36,767 autoreload File /Users/kawamotonaoki/banhmilove/venv/lib/python3.12/site-packages/django/db/models/sql/datastructures.py first seen with mtime 1726468847.7902591
DEBUG 2024-09-17 16:37:36,767 autoreload File /Users/kawamotonaoki/banhmilove/venv/lib/python3.12/site-packages/django/views/generic/list.py first seen with mtime 1726468847.8733912
DEBUG 2024-09-17 16:37:36,767 autoreload File /Users/kawamotonaoki/banhmilove/venv/lib/python3.12/site-packages/django/contrib/admin/utils.py first seen with mtime 1726468847.076154
DEBUG 2024-09-17 16:37:36,767 autoreload File /Users/kawamotonaoki/banhmilove/venv/lib/python3.12/site-packages/django/contrib/sites/shortcuts.py first seen with mtime 1726468847.6349385
DEBUG 2024-09-17 16:37:36,767 autoreload File /Users/kawamotonaoki/banhmilove/venv/lib/python3.12/site-packages/pyasn1_modules/rfc2459.py first seen with mtime 1726468846.6961782
DEBUG 2024-09-17 16:37:36,767 autoreload File /Users/kawamotonaoki/banhmilove/venv/lib/python3.12/site-packages/django/utils/formats.py first seen with mtime 1726468847.8583035
DEBUG 2024-09-17 16:37:36,767 autoreload File /Users/kawamotonaoki/banhmilove/venv/lib/python3.12/site-packages/django/contrib/messages/utils.py first seen with mtime 1726468847.493215
DEBUG 2024-09-17 16:37:36,768 autoreload File /Users/kawamotonaoki/banhmilove/venv/lib/python3.12/site-packages/django/views/decorators/__init__.py first seen with mtime 1726468847.8693051
DEBUG 2024-09-17 16:37:36,768 autoreload File /opt/homebrew/Cellar/python@3.12/3.12.5/Frameworks/Python.framework/Versions/3.12/lib/python3.12/lib-dynload/_uuid.cpython-312-darwin.so first seen with mtime 1724644388.2024264
DEBUG 2024-09-17 16:37:36,768 autoreload File /Users/kawamotonaoki/banhmilove/venv/lib/python3.12/site-packages/googleapiclient/schema.py first seen with mtime 1726468849.5188823
DEBUG 2024-09-17 16:37:36,768 autoreload File /opt/homebrew/Cellar/python@3.12/3.12.5/Frameworks/Python.framework/Versions/3.12/lib/python3.12/json/__init__.py first seen with mtime 1722971329.0
DEBUG 2024-09-17 16:37:36,768 autoreload File /Users/kawamotonaoki/banhmilove/venv/lib/python3.12/site-packages/django/contrib/auth/checks.py first seen with mtime 1726468847.2307656
DEBUG 2024-09-17 16:37:36,768 autoreload File /Users/kawamotonaoki/banhmilove/venv/lib/python3.12/site-packages/sqlparse/filters/output.py first seen with mtime 1726468845.7474551
DEBUG 2024-09-17 16:37:36,768 autoreload File /Users/kawamotonaoki/banhmilove/venv/lib/python3.12/site-packages/google/api_core/version.py first seen with mtime 1726468849.4309494
DEBUG 2024-09-17 16:37:36,768 autoreload File /Users/kawamotonaoki/banhmilove/venv/lib/python3.12/site-packages/django/views/csrf.py first seen with mtime 1726468847.867809
DEBUG 2024-09-17 16:37:36,768 autoreload File /opt/homebrew/Cellar/python@3.12/3.12.5/Frameworks/Python.framework/Versions/3.12/lib/python3.12/socket.py first seen with mtime 1722971329.0
DEBUG 2024-09-17 16:37:36,768 autoreload File /Users/kawamotonaoki/banhmilove/venv/lib/python3.12/site-packages/django/views/decorators/cache.py first seen with mtime 1726468847.8695817
DEBUG 2024-09-17 16:37:36,768 autoreload File /opt/homebrew/Cellar/python@3.12/3.12.5/Frameworks/Python.framework/Versions/3.12/lib/python3.12/lib-dynload/binascii.cpython-312-darwin.so first seen with mtime 1724644388.419361
DEBUG 2024-09-17 16:37:36,768 autoreload File /Users/kawamotonaoki/banhmilove/venv/lib/python3.12/site-packages/django/template/loaders/app_directories.py first seen with mtime 1726468847.842621
DEBUG 2024-09-17 16:37:36,768 autoreload File /opt/homebrew/Cellar/python@3.12/3.12.5/Frameworks/Python.framework/Versions/3.12/lib/python3.12/gettext.py first seen with mtime 1722971329.0
DEBUG 2024-09-17 16:37:36,768 autoreload File /Users/kawamotonaoki/banhmilove/venv/lib/python3.12/site-packages/cachetools/__init__.py first seen with mtime 1726468846.587416
DEBUG 2024-09-17 16:37:36,768 autoreload File /Users/kawamotonaoki/banhmilove/venv/lib/python3.12/site-packages/django/db/models/options.py first seen with mtime 1726468847.777915
DEBUG 2024-09-17 16:37:36,768 autoreload File /opt/homebrew/Cellar/python@3.12/3.12.5/Frameworks/Python.framework/Versions/3.12/lib/python3.12/zoneinfo/_common.py first seen with mtime 1722971329.0
DEBUG 2024-09-17 16:37:36,768 autoreload File /Users/kawamotonaoki/banhmilove/venv/lib/python3.12/site-packages/django/forms/forms.py first seen with mtime 1726468847.7953255
DEBUG 2024-09-17 16:37:36,768 autoreload File /Users/kawamotonaoki/banhmilove/venv/lib/python3.12/site-packages/django/db/models/sql/subqueries.py first seen with mtime 1726468847.791514
DEBUG 2024-09-17 16:37:36,768 autoreload File /opt/homebrew/Cellar/python@3.12/3.12.5/Frameworks/Python.framework/Versions/3.12/lib/python3.12/email/_policybase.py first seen with mtime 1722971329.0
DEBUG 2024-09-17 16:37:36,768 autoreload File /opt/homebrew/Cellar/python@3.12/3.12.5/Frameworks/Python.framework/Versions/3.12/lib/python3.12/lib-dynload/_lzma.cpython-312-darwin.so first seen with mtime 1724644387.4257164
DEBUG 2024-09-17 16:37:36,768 autoreload File /Users/kawamotonaoki/banhmilove/venv/lib/python3.12/site-packages/django/template/library.py first seen with mtime 1726468847.8375041
DEBUG 2024-09-17 16:37:36,768 autoreload File /Users/kawamotonaoki/banhmilove/venv/lib/python3.12/site-packages/httplib2/iri2uri.py first seen with mtime 1726468846.896058
DEBUG 2024-09-17 16:37:36,768 autoreload File /Users/kawamotonaoki/banhmilove/venv/lib/python3.12/site-packages/google/auth/transport/_http_client.py first seen with mtime 1726468849.3195114
DEBUG 2024-09-17 16:37:36,769 autoreload File /Users/kawamotonaoki/banhmilove/venv/lib/python3.12/site-packages/django/contrib/sessions/middleware.py first seen with mtime 1726468847.5837417
DEBUG 2024-09-17 16:37:36,769 autoreload File /Users/kawamotonaoki/banhmilove/venv/lib/python3.12/site-packages/django/db/models/constants.py first seen with mtime 1726468847.7742643
DEBUG 2024-09-17 16:37:36,769 autoreload File /opt/homebrew/Cellar/python@3.12/3.12.5/Frameworks/Python.framework/Versions/3.12/lib/python3.12/asyncio/staggered.py first seen with mtime 1722971329.0
DEBUG 2024-09-17 16:37:36,769 autoreload File /Users/kawamotonaoki/banhmilove/venv/lib/python3.12/site-packages/sqlparse/cli.py first seen with mtime 1726468845.741905
DEBUG 2024-09-17 16:37:36,769 autoreload File /Users/kawamotonaoki/banhmilove/venv/lib/python3.12/site-packages/pyasn1/type/namedval.py first seen with mtime 1726468845.9279244
DEBUG 2024-09-17 16:37:36,769 autoreload File /Users/kawamotonaoki/banhmilove/venv/lib/python3.12/site-packages/django/core/signals.py first seen with mtime 1726468847.7013316
DEBUG 2024-09-17 16:37:36,769 autoreload File /Users/kawamotonaoki/banhmilove/venv/lib/python3.12/site-packages/django/core/checks/templates.py first seen with mtime 1726468847.7082038
DEBUG 2024-09-17 16:37:36,769 autoreload File /Users/kawamotonaoki/banhmilove/venv/lib/python3.12/site-packages/urllib3/util/proxy.py first seen with mtime 1726468845.6051922
DEBUG 2024-09-17 16:37:36,769 autoreload File /Users/kawamotonaoki/banhmilove/venv/lib/python3.12/site-packages/django/contrib/auth/admin.py first seen with mtime 1726468847.2300963
DEBUG 2024-09-17 16:37:36,769 autoreload File /Users/kawamotonaoki/banhmilove/venv/lib/python3.12/site-packages/django/db/backends/base/operations.py first seen with mtime 1726468847.7400417
DEBUG 2024-09-17 16:37:36,769 autoreload File /Users/kawamotonaoki/banhmilove/venv/lib/python3.12/site-packages/django/db/models/constraints.py first seen with mtime 1726468847.7748613
DEBUG 2024-09-17 16:37:36,769 autoreload File /Users/kawamotonaoki/banhmilove/venv/lib/python3.12/site-packages/django/contrib/messages/api.py first seen with mtime 1726468847.4924977
DEBUG 2024-09-17 16:37:36,769 autoreload File /Users/kawamotonaoki/banhmilove/venv/lib/python3.12/site-packages/idna/idnadata.py first seen with mtime 1726468846.343657
DEBUG 2024-09-17 16:37:36,769 autoreload File /Users/kawamotonaoki/banhmilove/venv/lib/python3.12/site-packages/django/contrib/staticfiles/utils.py first seen with mtime 1726468847.6976182
DEBUG 2024-09-17 16:37:36,770 autoreload File /Users/kawamotonaoki/banhmilove/venv/lib/python3.12/site-packages/requests/status_codes.py first seen with mtime 1726468846.6571143
DEBUG 2024-09-17 16:37:36,770 autoreload File /Users/kawamotonaoki/banhmilove/venv/lib/python3.12/site-packages/django/db/models/__init__.py first seen with mtime 1726468847.7728355
DEBUG 2024-09-17 16:37:36,770 autoreload File /Users/kawamotonaoki/banhmilove/venv/lib/python3.12/site-packages/django/db/models/expressions.py first seen with mtime 1726468847.7761273
DEBUG 2024-09-17 16:37:36,771 autoreload File /Users/kawamotonaoki/banhmilove/venv/lib/python3.12/site-packages/django/db/migrations/migration.py first seen with mtime 1726468847.766847
DEBUG 2024-09-17 16:37:36,771 autoreload File /Users/kawamotonaoki/banhmilove/venv/lib/python3.12/site-packages/django/contrib/admin/widgets.py first seen with mtime 1726468847.076321
DEBUG 2024-09-17 16:37:36,771 autoreload File /Users/kawamotonaoki/banhmilove/venv/lib/python3.12/site-packages/django/contrib/staticfiles/management/commands/__init__.py first seen with mtime 1726468847.6982806
DEBUG 2024-09-17 16:37:36,771 autoreload File /Users/kawamotonaoki/banhmilove/venv/lib/python3.12/site-packages/rsa/transform.py first seen with mtime 1726468846.6303236
DEBUG 2024-09-17 16:37:36,771 autoreload File /opt/homebrew/Cellar/python@3.12/3.12.5/Frameworks/Python.framework/Versions/3.12/lib/python3.12/encodings/utf_8.py first seen with mtime 1722971329.0
DEBUG 2024-09-17 16:37:36,771 autoreload File /Users/kawamotonaoki/banhmilove/venv/lib/python3.12/site-packages/certifi/__init__.py first seen with mtime 1726468846.578071
DEBUG 2024-09-17 16:37:36,771 autoreload File /Users/kawamotonaoki/banhmilove/venv/lib/python3.12/site-packages/django/urls/resolvers.py first seen with mtime 1726468847.8510318
DEBUG 2024-09-17 16:37:36,772 autoreload File /Users/kawamotonaoki/banhmilove/venv/lib/python3.12/site-packages/django/utils/termcolors.py first seen with mtime 1726468847.8632724
DEBUG 2024-09-17 16:37:36,772 autoreload File /Users/kawamotonaoki/banhmilove/venv/lib/python3.12/site-packages/django/utils/translation/reloader.py first seen with mtime 1726468847.8661377
DEBUG 2024-09-17 16:37:36,772 autoreload File /opt/homebrew/Cellar/python@3.12/3.12.5/Frameworks/Python.framework/Versions/3.12/lib/python3.12/email/feedparser.py first seen with mtime 1722971329.0
DEBUG 2024-09-17 16:37:36,772 autoreload File /Users/kawamotonaoki/banhmilove/venv/lib/python3.12/site-packages/django/contrib/sites/__init__.py first seen with mtime 1726468847.6331632
DEBUG 2024-09-17 16:37:36,772 autoreload File /Users/kawamotonaoki/banhmilove/venv/lib/python3.12/site-packages/django/core/mail/utils.py first seen with mtime 1726468847.7175248
DEBUG 2024-09-17 16:37:36,772 autoreload File /opt/homebrew/Cellar/python@3.12/3.12.5/Frameworks/Python.framework/Versions/3.12/lib/python3.12/html/parser.py first seen with mtime 1722971329.0
DEBUG 2024-09-17 16:37:36,772 autoreload File /Users/kawamotonaoki/banhmilove/venv/lib/python3.12/site-packages/pyasn1/codec/der/decoder.py first seen with mtime 1726468845.9157028
DEBUG 2024-09-17 16:37:36,772 autoreload File /Users/kawamotonaoki/banhmilove/venv/lib/python3.12/site-packages/googleapiclient/mimeparse.py first seen with mtime 1726468849.5179944
DEBUG 2024-09-17 16:37:36,772 autoreload File /Users/kawamotonaoki/banhmilove/venv/lib/python3.12/site-packages/django/db/models/query_utils.py first seen with mtime 1726468847.7792194
DEBUG 2024-09-17 16:37:36,772 autoreload File /Users/kawamotonaoki/banhmilove/venv/lib/python3.12/site-packages/django/db/models/query.py first seen with mtime 1726468847.7785745
DEBUG 2024-09-17 16:37:36,772 autoreload File /Users/kawamotonaoki/banhmilove/venv/lib/python3.12/site-packages/django/template/smartif.py first seen with mtime 1726468847.8393235
DEBUG 2024-09-17 16:37:36,772 autoreload File /Users/kawamotonaoki/banhmilove/venv/lib/python3.12/site-packages/requests/hooks.py first seen with mtime 1726468846.6562192
DEBUG 2024-09-17 16:37:36,772 autoreload File /Users/kawamotonaoki/banhmilove/venv/lib/python3.12/site-packages/django/core/files/storage/memory.py first seen with mtime 1726468847.71472
DEBUG 2024-09-17 16:37:36,772 autoreload File /Users/kawamotonaoki/banhmilove/venv/lib/python3.12/site-packages/django/db/migrations/operations/models.py first seen with mtime 1726468847.7719514
DEBUG 2024-09-17 16:37:36,772 autoreload File /Users/kawamotonaoki/banhmilove/venv/lib/python3.12/site-packages/django/utils/deprecation.py first seen with mtime 1726468847.8566525
DEBUG 2024-09-17 16:37:36,772 autoreload File /opt/homebrew/Cellar/python@3.12/3.12.5/Frameworks/Python.framework/Versions/3.12/lib/python3.12/re/_constants.py first seen with mtime 1722971329.0
DEBUG 2024-09-17 16:37:36,772 autoreload File /Users/kawamotonaoki/banhmilove/venv/lib/python3.12/site-packages/googleapiclient/model.py first seen with mtime 1726468849.518369
DEBUG 2024-09-17 16:37:36,772 autoreload File /opt/homebrew/Cellar/python@3.12/3.12.5/Frameworks/Python.framework/Versions/3.12/lib/python3.12/token.py first seen with mtime 1722971329.0
DEBUG 2024-09-17 16:37:36,772 autoreload File /opt/homebrew/Cellar/python@3.12/3.12.5/Frameworks/Python.framework/Versions/3.12/lib/python3.12/asyncio/queues.py first seen with mtime 1722971329.0
DEBUG 2024-09-17 16:37:36,772 autoreload File /Users/kawamotonaoki/banhmilove/venv/lib/python3.12/site-packages/pyasn1/type/univ.py first seen with mtime 1726468845.9301438
DEBUG 2024-09-17 16:37:36,772 autoreload File /Users/kawamotonaoki/banhmilove/venv/lib/python3.12/site-packages/google/auth/_default.py first seen with mtime 1726468849.3111506
DEBUG 2024-09-17 16:37:36,772 autoreload File /Users/kawamotonaoki/banhmilove/venv/lib/python3.12/site-packages/django/core/cache/backends/filebased.py first seen with mtime 1726468847.704868
DEBUG 2024-09-17 16:37:36,773 autoreload File /opt/homebrew/Cellar/python@3.12/3.12.5/Frameworks/Python.framework/Versions/3.12/lib/python3.12/configparser.py first seen with mtime 1722971329.0
DEBUG 2024-09-17 16:37:36,773 autoreload File /Users/kawamotonaoki/banhmilove/venv/lib/python3.12/site-packages/django/contrib/sessions/base_session.py first seen with mtime 1726468847.5833864
DEBUG 2024-09-17 16:37:36,773 autoreload File /Users/kawamotonaoki/banhmilove/venv/lib/python3.12/site-packages/django/core/serializers/__init__.py first seen with mtime 1726468847.730385
DEBUG 2024-09-17 16:37:36,773 autoreload File /opt/homebrew/Cellar/python@3.12/3.12.5/Frameworks/Python.framework/Versions/3.12/lib/python3.12/email/_parseaddr.py first seen with mtime 1722971329.0
DEBUG 2024-09-17 16:37:36,773 autoreload File /Users/kawamotonaoki/banhmilove/venv/lib/python3.12/site-packages/rsa/pem.py first seen with mtime 1726468846.629028
DEBUG 2024-09-17 16:37:36,773 autoreload File /opt/homebrew/Cellar/python@3.12/3.12.5/Frameworks/Python.framework/Versions/3.12/lib/python3.12/traceback.py first seen with mtime 1722971329.0
DEBUG 2024-09-17 16:37:36,773 autoreload File /Users/kawamotonaoki/banhmilove/venv/lib/python3.12/site-packages/django/db/models/functions/window.py first seen with mtime 1726468847.7884395
DEBUG 2024-09-17 16:37:36,773 autoreload File /Users/kawamotonaoki/banhmilove/venv/lib/python3.12/site-packages/django/db/models/fields/related.py first seen with mtime 1726468847.7837136
DEBUG 2024-09-17 16:37:36,773 autoreload File /opt/homebrew/Cellar/python@3.12/3.12.5/Frameworks/Python.framework/Versions/3.12/lib/python3.12/weakref.py first seen with mtime 1722971329.0
DEBUG 2024-09-17 16:37:36,773 autoreload File /Users/kawamotonaoki/banhmilove/venv/lib/python3.12/site-packages/django/template/loader.py first seen with mtime 1726468847.8378158
DEBUG 2024-09-17 16:37:36,773 autoreload File /opt/homebrew/Cellar/python@3.12/3.12.5/Frameworks/Python.framework/Versions/3.12/lib/python3.12/_osx_support.py first seen with mtime 1722971329.0
DEBUG 2024-09-17 16:37:36,773 autoreload File /Users/kawamotonaoki/banhmilove/venv/lib/python3.12/site-packages/django/contrib/__init__.py first seen with mtime 1726468847.0736368
DEBUG 2024-09-17 16:37:36,773 autoreload File /opt/homebrew/Cellar/python@3.12/3.12.5/Frameworks/Python.framework/Versions/3.12/lib/python3.12/threading.py first seen with mtime 1722971329.0
DEBUG 2024-09-17 16:37:36,773 autoreload File /opt/homebrew/Cellar/python@3.12/3.12.5/Frameworks/Python.framework/Versions/3.12/lib/python3.12/asyncio/log.py first seen with mtime 1722971329.0
DEBUG 2024-09-17 16:37:36,773 autoreload File /opt/homebrew/Cellar/python@3.12/3.12.5/Frameworks/Python.framework/Versions/3.12/lib/python3.12/email/encoders.py first seen with mtime 1722971329.0
DEBUG 2024-09-17 16:37:36,773 autoreload File /Users/kawamotonaoki/banhmilove/venv/lib/python3.12/site-packages/django/conf/global_settings.py first seen with mtime 1726468847.0031688
DEBUG 2024-09-17 16:37:36,773 autoreload File /Users/kawamotonaoki/banhmilove/venv/lib/python3.12/site-packages/django/db/backends/base/introspection.py first seen with mtime 1726468847.739639
DEBUG 2024-09-17 16:37:36,773 autoreload File /opt/homebrew/Cellar/python@3.12/3.12.5/Frameworks/Python.framework/Versions/3.12/lib/python3.12/importlib/resources/_itertools.py first seen with mtime 1722971329.0
DEBUG 2024-09-17 16:37:36,773 autoreload File /Users/kawamotonaoki/banhmilove/venv/lib/python3.12/site-packages/django/core/cache/__init__.py first seen with mtime 1726468847.7027814
DEBUG 2024-09-17 16:37:36,773 autoreload File /Users/kawamotonaoki/banhmilove/venv/lib/python3.12/site-packages/django/contrib/admin/decorators.py first seen with mtime 1726468847.0744483
DEBUG 2024-09-17 16:37:36,773 autoreload File /Users/kawamotonaoki/banhmilove/venv/lib/python3.12/site-packages/django/db/backends/postgresql/base.py first seen with mtime 1726468847.7520902
DEBUG 2024-09-17 16:37:36,773 autoreload File /Users/kawamotonaoki/banhmilove/venv/lib/python3.12/site-packages/django/contrib/auth/tokens.py first seen with mtime 1726468847.232465
DEBUG 2024-09-17 16:37:36,773 autoreload File /opt/homebrew/Cellar/python@3.12/3.12.5/Frameworks/Python.framework/Versions/3.12/lib/python3.12/email/headerregistry.py first seen with mtime 1722971329.0
DEBUG 2024-09-17 16:37:36,773 autoreload File /Users/kawamotonaoki/banhmilove/venv/lib/python3.12/site-packages/google/auth/_service_account_info.py first seen with mtime 1726468849.3127499
DEBUG 2024-09-17 16:37:36,773 autoreload File /Users/kawamotonaoki/banhmilove/venv/lib/python3.12/site-packages/pyasn1/codec/__init__.py first seen with mtime 1726468845.9096546
DEBUG 2024-09-17 16:37:36,773 autoreload File /opt/homebrew/Cellar/python@3.12/3.12.5/Frameworks/Python.framework/Versions/3.12/lib/python3.12/asyncio/coroutines.py first seen with mtime 1722971329.0
DEBUG 2024-09-17 16:37:36,773 autoreload File /Users/kawamotonaoki/banhmilove/venv/lib/python3.12/site-packages/django/db/migrations/operations/special.py first seen with mtime 1726468847.7723823
DEBUG 2024-09-17 16:37:36,773 autoreload File /Users/kawamotonaoki/banhmilove/venv/lib/python3.12/site-packages/django/utils/translation/__init__.py first seen with mtime 1726468847.8658926
DEBUG 2024-09-17 16:37:36,773 autoreload File /Users/kawamotonaoki/banhmilove/venv/lib/python3.12/site-packages/google/auth/_helpers.py first seen with mtime 1726468849.3119094
DEBUG 2024-09-17 16:37:36,773 autoreload File /Users/kawamotonaoki/banhmilove/venv/lib/python3.12/site-packages/django/http/cookie.py first seen with mtime 1726468847.828887
DEBUG 2024-09-17 16:37:36,774 autoreload File /opt/homebrew/Cellar/python@3.12/3.12.5/Frameworks/Python.framework/Versions/3.12/lib/python3.12/lib-dynload/unicodedata.cpython-312-darwin.so first seen with mtime 1724644388.8515284
DEBUG 2024-09-17 16:37:36,774 autoreload File /Users/kawamotonaoki/banhmilove/venv/lib/python3.12/site-packages/charset_normalizer/md.cpython-312-darwin.so first seen with mtime 1726468846.5264103
DEBUG 2024-09-17 16:37:36,774 autoreload File /opt/homebrew/Cellar/python@3.12/3.12.5/Frameworks/Python.framework/Versions/3.12/lib/python3.12/mimetypes.py first seen with mtime 1722971329.0
DEBUG 2024-09-17 16:37:36,774 autoreload File /Users/kawamotonaoki/banhmilove/venv/lib/python3.12/site-packages/uritemplate/orderedset.py first seen with mtime 1726468845.7024577
DEBUG 2024-09-17 16:37:36,774 autoreload File /opt/homebrew/Cellar/python@3.12/3.12.5/Frameworks/Python.framework/Versions/3.12/lib/python3.12/datetime.py first seen with mtime 1722971329.0
DEBUG 2024-09-17 16:37:36,774 autoreload File /opt/homebrew/Cellar/python@3.12/3.12.5/Frameworks/Python.framework/Versions/3.12/lib/python3.12/email/mime/__init__.py first seen with mtime 1722971329.0
DEBUG 2024-09-17 16:37:36,774 autoreload File /opt/homebrew/Cellar/python@3.12/3.12.5/Frameworks/Python.framework/Versions/3.12/lib/python3.12/concurrent/futures/__init__.py first seen with mtime 1722971329.0
DEBUG 2024-09-17 16:37:36,774 autoreload File /Users/kawamotonaoki/banhmilove/venv/lib/python3.12/site-packages/pyparsing/results.py first seen with mtime 1726468845.79216
DEBUG 2024-09-17 16:37:36,774 autoreload File /opt/homebrew/Cellar/python@3.12/3.12.5/Frameworks/Python.framework/Versions/3.12/lib/python3.12/http/client.py first seen with mtime 1722971329.0
DEBUG 2024-09-17 16:37:36,774 autoreload File /opt/homebrew/Cellar/python@3.12/3.12.5/Frameworks/Python.framework/Versions/3.12/lib/python3.12/copy.py first seen with mtime 1722971329.0
DEBUG 2024-09-17 16:37:36,774 autoreload File /Users/kawamotonaoki/banhmilove/venv/lib/python3.12/site-packages/django/core/checks/compatibility/django_4_0.py first seen with mtime 1726468847.7094755
DEBUG 2024-09-17 16:37:36,774 autoreload File /Users/kawamotonaoki/banhmilove/venv/lib/python3.12/site-packages/django/contrib/sessions/exceptions.py first seen with mtime 1726468847.583565
DEBUG 2024-09-17 16:37:36,774 autoreload File /opt/homebrew/Cellar/python@3.12/3.12.5/Frameworks/Python.framework/Versions/3.12/lib/python3.12/opcode.py first seen with mtime 1722971329.0
DEBUG 2024-09-17 16:37:36,774 autoreload File /Users/kawamotonaoki/banhmilove/venv/lib/python3.12/site-packages/django/apps/config.py first seen with mtime 1726468847.0025177
DEBUG 2024-09-17 16:37:36,774 autoreload File /Users/kawamotonaoki/banhmilove/venv/lib/python3.12/site-packages/django/core/files/move.py first seen with mtime 1726468847.712019
DEBUG 2024-09-17 16:37:36,774 autoreload File /Users/kawamotonaoki/banhmilove/banhmilove_app/models.py first seen with mtime 1726550073.7027345
DEBUG 2024-09-17 16:37:36,774 autoreload File /Users/kawamotonaoki/banhmilove/venv/lib/python3.12/site-packages/googleapiclient/__init__.py first seen with mtime 1726468849.5160954
DEBUG 2024-09-17 16:37:36,774 autoreload File /Users/kawamotonaoki/banhmilove/venv/lib/python3.12/site-packages/django/contrib/staticfiles/checks.py first seen with mtime 1726468847.6957698
DEBUG 2024-09-17 16:37:36,774 autoreload File /opt/homebrew/Cellar/python@3.12/3.12.5/Frameworks/Python.framework/Versions/3.12/lib/python3.12/html/__init__.py first seen with mtime 1722971329.0
DEBUG 2024-09-17 16:37:36,774 autoreload File /Users/kawamotonaoki/banhmilove/venv/lib/python3.12/site-packages/django/contrib/admin/sites.py first seen with mtime 1726468847.0756505
DEBUG 2024-09-17 16:37:36,774 autoreload File /opt/homebrew/Cellar/python@3.12/3.12.5/Frameworks/Python.framework/Versions/3.12/lib/python3.12/email/mime/multipart.py first seen with mtime 1722971329.0
DEBUG 2024-09-17 16:37:36,774 autoreload File /opt/homebrew/Cellar/python@3.12/3.12.5/Frameworks/Python.framework/Versions/3.12/lib/python3.12/pprint.py first seen with mtime 1722971329.0
DEBUG 2024-09-17 16:37:36,774 autoreload File /Users/kawamotonaoki/banhmilove/venv/lib/python3.12/site-packages/django/db/models/fields/json.py first seen with mtime 1726468847.781748
DEBUG 2024-09-17 16:37:36,774 autoreload File /opt/homebrew/Cellar/python@3.12/3.12.5/Frameworks/Python.framework/Versions/3.12/lib/python3.12/lib-dynload/_contextvars.cpython-312-darwin.so first seen with mtime 1724644386.9708333
DEBUG 2024-09-17 16:37:36,774 autoreload File /opt/homebrew/Cellar/python@3.12/3.12.5/Frameworks/Python.framework/Versions/3.12/lib/python3.12/tokenize.py first seen with mtime 1722971329.0
DEBUG 2024-09-17 16:37:36,775 autoreload File /Users/kawamotonaoki/banhmilove/venv/lib/python3.12/site-packages/google/auth/_refresh_worker.py first seen with mtime 1726468849.3125503
DEBUG 2024-09-17 16:37:36,775 autoreload File /Users/kawamotonaoki/banhmilove/venv/lib/python3.12/site-packages/django/contrib/admin/views/__init__.py first seen with mtime 1726468847.1867795
DEBUG 2024-09-17 16:37:36,775 autoreload File /Users/kawamotonaoki/banhmilove/venv/lib/python3.12/site-packages/rsa/prime.py first seen with mtime 1726468846.6296675
DEBUG 2024-09-17 16:37:36,775 autoreload File /Users/kawamotonaoki/banhmilove/venv/lib/python3.12/site-packages/django/contrib/auth/__init__.py first seen with mtime 1726468847.229896
DEBUG 2024-09-17 16:37:36,775 autoreload File /opt/homebrew/Cellar/python@3.12/3.12.5/Frameworks/Python.framework/Versions/3.12/lib/python3.12/wsgiref/simple_server.py first seen with mtime 1722971329.0
DEBUG 2024-09-17 16:37:36,775 autoreload File /opt/homebrew/Cellar/python@3.12/3.12.5/Frameworks/Python.framework/Versions/3.12/lib/python3.12/lib-dynload/_datetime.cpython-312-darwin.so first seen with mtime 1724644387.1857738
DEBUG 2024-09-17 16:37:36,775 autoreload File /Users/kawamotonaoki/banhmilove/venv/lib/python3.12/site-packages/django/db/backends/postgresql/operations.py first seen with mtime 1726468847.7543638
DEBUG 2024-09-17 16:37:36,775 autoreload File /Users/kawamotonaoki/banhmilove/venv/lib/python3.12/site-packages/django/forms/formsets.py first seen with mtime 1726468847.7956886
DEBUG 2024-09-17 16:37:36,775 autoreload File /opt/homebrew/Cellar/python@3.12/3.12.5/Frameworks/Python.framework/Versions/3.12/lib/python3.12/sysconfig.py first seen with mtime 1724644389.0183308
DEBUG 2024-09-17 16:37:36,775 autoreload File /Users/kawamotonaoki/banhmilove/venv/lib/python3.12/site-packages/httplib2/__init__.py first seen with mtime 1726468846.8945215
DEBUG 2024-09-17 16:37:36,775 autoreload File /Users/kawamotonaoki/banhmilove/venv/lib/python3.12/site-packages/django/utils/html.py first seen with mtime 1726468847.8594778
DEBUG 2024-09-17 16:37:36,775 autoreload File /opt/homebrew/Cellar/python@3.12/3.12.5/Frameworks/Python.framework/Versions/3.12/lib/python3.12/html/entities.py first seen with mtime 1722971329.0
DEBUG 2024-09-17 16:37:36,776 autoreload File /Users/kawamotonaoki/banhmilove/venv/lib/python3.12/site-packages/google/auth/_exponential_backoff.py first seen with mtime 1726468849.3116312
DEBUG 2024-09-17 16:37:36,776 autoreload File /opt/homebrew/Cellar/python@3.12/3.12.5/Frameworks/Python.framework/Versions/3.12/lib/python3.12/lib-dynload/math.cpython-312-darwin.so first seen with mtime 1724644388.5385356
DEBUG 2024-09-17 16:37:36,776 autoreload File /opt/homebrew/Cellar/python@3.12/3.12.5/Frameworks/Python.framework/Versions/3.12/lib/python3.12/asyncio/sslproto.py first seen with mtime 1722971329.0
DEBUG 2024-09-17 16:37:36,776 autoreload File /Users/kawamotonaoki/banhmilove/venv/lib/python3.12/site-packages/django/core/files/storage/handler.py first seen with mtime 1726468847.7142522
DEBUG 2024-09-17 16:37:36,776 autoreload File /Users/kawamotonaoki/banhmilove/venv/lib/python3.12/site-packages/django/contrib/messages/apps.py first seen with mtime 1726468847.4926383
DEBUG 2024-09-17 16:37:36,776 autoreload File /Users/kawamotonaoki/banhmilove/venv/lib/python3.12/site-packages/django/views/decorators/common.py first seen with mtime 1726468847.870053
DEBUG 2024-09-17 16:37:36,776 autoreload File /Users/kawamotonaoki/banhmilove/venv/lib/python3.12/site-packages/django/db/models/sql/query.py first seen with mtime 1726468847.7911046
DEBUG 2024-09-17 16:37:36,776 autoreload File /opt/homebrew/Cellar/python@3.12/3.12.5/Frameworks/Python.framework/Versions/3.12/lib/python3.12/encodings/__init__.py first seen with mtime 1722971329.0
DEBUG 2024-09-17 16:37:36,776 autoreload File /opt/homebrew/Cellar/python@3.12/3.12.5/Frameworks/Python.framework/Versions/3.12/lib/python3.12/pkgutil.py first seen with mtime 1722971329.0
DEBUG 2024-09-17 16:37:36,776 autoreload File /Users/kawamotonaoki/banhmilove/venv/lib/python3.12/site-packages/sqlparse/sql.py first seen with mtime 1726468845.7431693
DEBUG 2024-09-17 16:37:36,776 autoreload File /Users/kawamotonaoki/banhmilove/venv/lib/python3.12/site-packages/google/oauth2/__init__.py first seen with mtime 1726468849.3210692
DEBUG 2024-09-17 16:37:36,776 autoreload File /opt/homebrew/Cellar/python@3.12/3.12.5/Frameworks/Python.framework/Versions/3.12/lib/python3.12/concurrent/futures/_base.py first seen with mtime 1722971329.0
DEBUG 2024-09-17 16:37:36,776 autoreload File /Users/kawamotonaoki/banhmilove/venv/lib/python3.12/site-packages/django/utils/module_loading.py first seen with mtime 1726468847.8618267
DEBUG 2024-09-17 16:37:36,776 autoreload File /Users/kawamotonaoki/banhmilove/venv/lib/python3.12/site-packages/psycopg2/_psycopg.cpython-312-darwin.so first seen with mtime 1726470534.0645995
DEBUG 2024-09-17 16:37:36,776 autoreload File /Users/kawamotonaoki/banhmilove/venv/lib/python3.12/site-packages/sqlparse/filters/__init__.py first seen with mtime 1726468845.7460396
DEBUG 2024-09-17 16:37:36,776 autoreload File /Users/kawamotonaoki/banhmilove/venv/lib/python3.12/site-packages/django/core/files/storage/__init__.py first seen with mtime 1726468847.7134252
DEBUG 2024-09-17 16:37:36,776 autoreload File /Users/kawamotonaoki/banhmilove/venv/lib/python3.12/site-packages/django/contrib/auth/management/__init__.py first seen with mtime 1726468847.2859526
DEBUG 2024-09-17 16:37:36,776 autoreload File /Users/kawamotonaoki/banhmilove/venv/lib/python3.12/site-packages/requests/adapters.py first seen with mtime 1726468846.6545348
DEBUG 2024-09-17 16:37:36,776 autoreload File /opt/homebrew/Cellar/python@3.12/3.12.5/Frameworks/Python.framework/Versions/3.12/lib/python3.12/types.py first seen with mtime 1722971329.0
DEBUG 2024-09-17 16:37:36,776 autoreload File /Users/kawamotonaoki/banhmilove/venv/lib/python3.12/site-packages/django/templatetags/cache.py first seen with mtime 1726468847.8444126
DEBUG 2024-09-17 16:37:36,776 autoreload File /opt/homebrew/Cellar/python@3.12/3.12.5/Frameworks/Python.framework/Versions/3.12/lib/python3.12/lib-dynload/_bz2.cpython-312-darwin.so first seen with mtime 1724644386.7615125
DEBUG 2024-09-17 16:37:36,776 autoreload File /Users/kawamotonaoki/banhmilove/venv/lib/python3.12/site-packages/idna/intranges.py first seen with mtime 1726468846.3439522
DEBUG 2024-09-17 16:37:36,776 autoreload File /Users/kawamotonaoki/banhmilove/venv/lib/python3.12/site-packages/httplib2/error.py first seen with mtime 1726468846.895891
DEBUG 2024-09-17 16:37:36,776 autoreload File /Users/kawamotonaoki/banhmilove/venv/lib/python3.12/site-packages/django/core/checks/security/base.py first seen with mtime 1726468847.7100894
DEBUG 2024-09-17 16:37:36,776 autoreload File /Users/kawamotonaoki/banhmilove/venv/lib/python3.12/site-packages/django/core/exceptions.py first seen with mtime 1726468847.700806
DEBUG 2024-09-17 16:37:36,776 autoreload File /Users/kawamotonaoki/banhmilove/venv/lib/python3.12/site-packages/django/urls/exceptions.py first seen with mtime 1726468847.8507178
DEBUG 2024-09-17 16:37:36,776 autoreload File /Users/kawamotonaoki/banhmilove/venv/lib/python3.12/site-packages/pyparsing/unicode.py first seen with mtime 1726468845.792854
DEBUG 2024-09-17 16:37:36,777 autoreload File /opt/homebrew/Cellar/python@3.12/3.12.5/Frameworks/Python.framework/Versions/3.12/lib/python3.12/shutil.py first seen with mtime 1722971329.0
DEBUG 2024-09-17 16:37:36,777 autoreload File /Users/kawamotonaoki/banhmilove/venv/lib/python3.12/site-packages/psycopg2/_json.py first seen with mtime 1726470534.0636294
DEBUG 2024-09-17 16:37:36,777 autoreload File /Users/kawamotonaoki/banhmilove/venv/lib/python3.12/site-packages/requests/cookies.py first seen with mtime 1726468846.6556768
DEBUG 2024-09-17 16:37:36,777 autoreload File /Users/kawamotonaoki/banhmilove/venv/lib/python3.12/site-packages/django/template/backends/django.py first seen with mtime 1726468847.84107
DEBUG 2024-09-17 16:37:36,777 autoreload File /opt/homebrew/Cellar/python@3.12/3.12.5/Frameworks/Python.framework/Versions/3.12/lib/python3.12/email/generator.py first seen with mtime 1722971329.0
DEBUG 2024-09-17 16:37:36,777 autoreload File /Users/kawamotonaoki/banhmilove/venv/lib/python3.12/site-packages/django/core/checks/registry.py first seen with mtime 1726468847.7079582
DEBUG 2024-09-17 16:37:36,777 autoreload File /opt/homebrew/Cellar/python@3.12/3.12.5/Frameworks/Python.framework/Versions/3.12/lib/python3.12/stringprep.py first seen with mtime 1722971329.0
DEBUG 2024-09-17 16:37:36,777 autoreload File /Users/kawamotonaoki/banhmilove/venv/lib/python3.12/site-packages/django/db/models/functions/comparison.py first seen with mtime 1726468847.786277
DEBUG 2024-09-17 16:37:36,777 autoreload File /Users/kawamotonaoki/banhmilove/venv/lib/python3.12/site-packages/pyparsing/exceptions.py first seen with mtime 1726468845.791525
DEBUG 2024-09-17 16:37:36,777 autoreload File /Users/kawamotonaoki/banhmilove/venv/lib/python3.12/site-packages/django/db/models/utils.py first seen with mtime 1726468847.7798493
DEBUG 2024-09-17 16:37:36,777 autoreload File /Users/kawamotonaoki/banhmilove/venv/lib/python3.12/site-packages/httplib2/certs.py first seen with mtime 1726468846.895736
DEBUG 2024-09-17 16:37:36,777 autoreload File /Users/kawamotonaoki/banhmilove/venv/lib/python3.12/site-packages/psycopg2/extras.py first seen with mtime 1726470534.0661795
DEBUG 2024-09-17 16:37:36,777 autoreload File /Users/kawamotonaoki/banhmilove/venv/lib/python3.12/site-packages/psycopg2/errors.py first seen with mtime 1726470534.065618
DEBUG 2024-09-17 16:37:36,777 autoreload File /opt/homebrew/Cellar/python@3.12/3.12.5/Frameworks/Python.framework/Versions/3.12/lib/python3.12/urllib/request.py first seen with mtime 1722971329.0
DEBUG 2024-09-17 16:37:36,777 autoreload File /Users/kawamotonaoki/banhmilove/venv/lib/python3.12/site-packages/django/http/request.py first seen with mtime 1726468847.8296864
DEBUG 2024-09-17 16:37:36,777 autoreload File /opt/homebrew/Cellar/python@3.12/3.12.5/Frameworks/Python.framework/Versions/3.12/lib/python3.12/email/utils.py first seen with mtime 1722971329.0
DEBUG 2024-09-17 16:37:36,777 autoreload File /Users/kawamotonaoki/banhmilove/venv/lib/python3.12/site-packages/django/contrib/auth/password_validation.py first seen with mtime 1726468847.2321854
DEBUG 2024-09-17 16:37:36,777 autoreload File /Users/kawamotonaoki/banhmilove/venv/lib/python3.12/site-packages/rsa/randnum.py first seen with mtime 1726468846.6301217
DEBUG 2024-09-17 16:37:36,777 autoreload File /opt/homebrew/Cellar/python@3.12/3.12.5/Frameworks/Python.framework/Versions/3.12/lib/python3.12/string.py first seen with mtime 1722971329.0
DEBUG 2024-09-17 16:37:36,777 autoreload File /Users/kawamotonaoki/banhmilove/venv/lib/python3.12/site-packages/django/contrib/contenttypes/__init__.py first seen with mtime 1726468847.2895675
DEBUG 2024-09-17 16:37:36,777 autoreload File /Users/kawamotonaoki/banhmilove/venv/lib/python3.12/site-packages/django/templatetags/i18n.py first seen with mtime 1726468847.8447635
DEBUG 2024-09-17 16:37:36,777 autoreload File /opt/homebrew/Cellar/python@3.12/3.12.5/Frameworks/Python.framework/Versions/3.12/lib/python3.12/lib-dynload/_queue.cpython-312-darwin.so first seen with mtime 1724644387.667401
DEBUG 2024-09-17 16:37:36,777 autoreload File /Users/kawamotonaoki/banhmilove/venv/lib/python3.12/site-packages/django/apps/__init__.py first seen with mtime 1726468847.002295
DEBUG 2024-09-17 16:37:36,777 autoreload File /Users/kawamotonaoki/banhmilove/venv/lib/python3.12/site-packages/django/template/response.py first seen with mtime 1726468847.8389466
DEBUG 2024-09-17 16:37:36,777 autoreload File /opt/homebrew/Cellar/python@3.12/3.12.5/Frameworks/Python.framework/Versions/3.12/lib/python3.12/urllib/error.py first seen with mtime 1722971329.0
DEBUG 2024-09-17 16:37:36,777 autoreload File /Users/kawamotonaoki/banhmilove/venv/lib/python3.12/site-packages/django/forms/boundfield.py first seen with mtime 1726468847.794427
DEBUG 2024-09-17 16:37:36,777 autoreload File /Users/kawamotonaoki/banhmilove/venv/lib/python3.12/site-packages/django/contrib/sites/requests.py first seen with mtime 1726468847.634741
DEBUG 2024-09-17 16:37:36,777 autoreload File /Users/kawamotonaoki/banhmilove/venv/lib/python3.12/site-packages/google/auth/exceptions.py first seen with mtime 1726468849.3141735
DEBUG 2024-09-17 16:37:36,777 autoreload File /Users/kawamotonaoki/banhmilove/venv/lib/python3.12/site-packages/django/utils/_os.py first seen with mtime 1726468847.8517764
DEBUG 2024-09-17 16:37:36,777 autoreload File /opt/homebrew/Cellar/python@3.12/3.12.5/Frameworks/Python.framework/Versions/3.12/lib/python3.12/importlib/resources/abc.py first seen with mtime 1722971329.0
DEBUG 2024-09-17 16:37:36,778 autoreload File /opt/homebrew/Cellar/python@3.12/3.12.5/Frameworks/Python.framework/Versions/3.12/lib/python3.12/asyncio/transports.py first seen with mtime 1722971329.0
DEBUG 2024-09-17 16:37:36,778 autoreload File /Users/kawamotonaoki/banhmilove/venv/lib/python3.12/site-packages/sqlparse/__init__.py first seen with mtime 1726468845.7413821
DEBUG 2024-09-17 16:37:36,778 autoreload File /Users/kawamotonaoki/banhmilove/venv/lib/python3.12/site-packages/pyasn1/codec/streaming.py first seen with mtime 1726468845.9101794
DEBUG 2024-09-17 16:37:36,778 autoreload File /opt/homebrew/Cellar/python@3.12/3.12.5/Frameworks/Python.framework/Versions/3.12/lib/python3.12/__future__.py first seen with mtime 1722971329.0
DEBUG 2024-09-17 16:37:36,778 autoreload File /opt/homebrew/Cellar/python@3.12/3.12.5/Frameworks/Python.framework/Versions/3.12/lib/python3.12/zoneinfo/_tzpath.py first seen with mtime 1722971329.0
DEBUG 2024-09-17 16:37:36,778 autoreload File /opt/homebrew/Cellar/python@3.12/3.12.5/Frameworks/Python.framework/Versions/3.12/lib/python3.12/lib-dynload/_socket.cpython-312-darwin.so first seen with mtime 1724644387.8439562
DEBUG 2024-09-17 16:37:36,778 autoreload File /Users/kawamotonaoki/banhmilove/venv/lib/python3.12/site-packages/django/contrib/admin/templatetags/admin_urls.py first seen with mtime 1726468847.1863933
DEBUG 2024-09-17 16:37:36,778 autoreload File /Users/kawamotonaoki/banhmilove/venv/lib/python3.12/site-packages/django/db/models/fields/proxy.py first seen with mtime 1726468847.7830777
DEBUG 2024-09-17 16:37:36,778 autoreload File /Users/kawamotonaoki/banhmilove/venv/lib/python3.12/site-packages/django/utils/dates.py first seen with mtime 1726468847.8551753
DEBUG 2024-09-17 16:37:36,778 autoreload File /opt/homebrew/Cellar/python@3.12/3.12.5/Frameworks/Python.framework/Versions/3.12/lib/python3.12/email/errors.py first seen with mtime 1722971329.0
DEBUG 2024-09-17 16:37:36,778 autoreload File /Users/kawamotonaoki/banhmilove/venv/lib/python3.12/site-packages/urllib3/contrib/__init__.py first seen with mtime 1726468845.6005988
DEBUG 2024-09-17 16:37:36,778 autoreload File /opt/homebrew/Cellar/python@3.12/3.12.5/Frameworks/Python.framework/Versions/3.12/lib/python3.12/asyncio/tasks.py first seen with mtime 1722971329.0
DEBUG 2024-09-17 16:37:36,778 autoreload File /Users/kawamotonaoki/banhmilove/venv/lib/python3.12/site-packages/google/auth/transport/_mtls_helper.py first seen with mtime 1726468849.31977
DEBUG 2024-09-17 16:37:36,778 autoreload File /Users/kawamotonaoki/banhmilove/venv/lib/python3.12/site-packages/django/utils/deconstruct.py first seen with mtime 1726468847.8557093
DEBUG 2024-09-17 16:37:36,778 autoreload File /Users/kawamotonaoki/banhmilove/venv/lib/python3.12/site-packages/django/dispatch/__init__.py first seen with mtime 1726468847.7926269
DEBUG 2024-09-17 16:37:36,778 autoreload File /Users/kawamotonaoki/banhmilove/venv/lib/python3.12/site-packages/django/contrib/admin/templatetags/__init__.py first seen with mtime 1726468847.1859314
DEBUG 2024-09-17 16:37:36,778 autoreload File /Users/kawamotonaoki/banhmilove/venv/lib/python3.12/site-packages/pyasn1/debug.py first seen with mtime 1726468845.908575
DEBUG 2024-09-17 16:37:36,778 autoreload File /Users/kawamotonaoki/banhmilove/venv/lib/python3.12/site-packages/django/contrib/contenttypes/fields.py first seen with mtime 1726468847.290299
DEBUG 2024-09-17 16:37:36,778 autoreload File /Users/kawamotonaoki/banhmilove/venv/lib/python3.12/site-packages/django/contrib/contenttypes/apps.py first seen with mtime 1726468847.2899368
DEBUG 2024-09-17 16:37:36,778 autoreload File /Users/kawamotonaoki/banhmilove/venv/lib/python3.12/site-packages/django/db/backends/__init__.py first seen with mtime 1726468847.7353323
DEBUG 2024-09-17 16:37:36,778 autoreload File /Users/kawamotonaoki/banhmilove/venv/lib/python3.12/site-packages/urllib3/util/retry.py first seen with mtime 1726468845.6062765
DEBUG 2024-09-17 16:37:36,778 autoreload File /Users/kawamotonaoki/banhmilove/venv/lib/python3.12/site-packages/django/db/backends/base/validation.py first seen with mtime 1726468847.7409182
DEBUG 2024-09-17 16:37:36,778 autoreload File /Users/kawamotonaoki/banhmilove/venv/lib/python3.12/site-packages/django/db/migrations/utils.py first seen with mtime 1726468847.769575
DEBUG 2024-09-17 16:37:36,778 autoreload File /Users/kawamotonaoki/banhmilove/venv/lib/python3.12/site-packages/urllib3/filepost.py first seen with mtime 1726468845.599569
DEBUG 2024-09-17 16:37:36,778 autoreload File /opt/homebrew/Cellar/python@3.12/3.12.5/Frameworks/Python.framework/Versions/3.12/lib/python3.12/getpass.py first seen with mtime 1722971329.0
DEBUG 2024-09-17 16:37:36,778 autoreload File /opt/homebrew/Cellar/python@3.12/3.12.5/Frameworks/Python.framework/Versions/3.12/lib/python3.12/_sysconfigdata__darwin_darwin.py first seen with mtime 1724644389.0151618
DEBUG 2024-09-17 16:37:36,779 autoreload File /Users/kawamotonaoki/banhmilove/venv/lib/python3.12/site-packages/django/db/models/fields/reverse_related.py first seen with mtime 1726468847.7852824
DEBUG 2024-09-17 16:37:36,779 autoreload File /opt/homebrew/Cellar/python@3.12/3.12.5/Frameworks/Python.framework/Versions/3.12/lib/python3.12/re/_casefix.py first seen with mtime 1722971329.0
DEBUG 2024-09-17 16:37:36,779 autoreload File /opt/homebrew/Cellar/python@3.12/3.12.5/Frameworks/Python.framework/Versions/3.12/lib/python3.12/email/charset.py first seen with mtime 1722971329.0
DEBUG 2024-09-17 16:37:36,779 autoreload File /Users/kawamotonaoki/banhmilove/venv/lib/python3.12/site-packages/google/auth/environment_vars.py first seen with mtime 1726468849.3140032
DEBUG 2024-09-17 16:37:36,779 autoreload File /opt/homebrew/Cellar/python@3.12/3.12.5/Frameworks/Python.framework/Versions/3.12/lib/python3.12/importlib/__init__.py first seen with mtime 1722971329.0
DEBUG 2024-09-17 16:37:36,779 autoreload File /Users/kawamotonaoki/banhmilove/venv/lib/python3.12/site-packages/django/db/migrations/state.py first seen with mtime 1726468847.7691824
DEBUG 2024-09-17 16:37:36,779 autoreload File /Users/kawamotonaoki/banhmilove/venv/lib/python3.12/site-packages/django/core/wsgi.py first seen with mtime 1726468847.702431
DEBUG 2024-09-17 16:37:36,779 autoreload File /Users/kawamotonaoki/banhmilove/venv/lib/python3.12/site-packages/django/db/backends/postgresql/psycopg_any.py first seen with mtime 1726468847.7547252
DEBUG 2024-09-17 16:37:36,779 autoreload File /Users/kawamotonaoki/banhmilove/venv/lib/python3.12/site-packages/django/db/models/manager.py first seen with mtime 1726468847.7774472
DEBUG 2024-09-17 16:37:36,779 autoreload File /Users/kawamotonaoki/banhmilove/venv/lib/python3.12/site-packages/google/auth/crypt/rsa.py first seen with mtime 1726468849.3184907
DEBUG 2024-09-17 16:37:36,779 autoreload File /Users/kawamotonaoki/banhmilove/venv/lib/python3.12/site-packages/django/core/checks/caches.py first seen with mtime 1726468847.7066138
DEBUG 2024-09-17 16:37:36,779 autoreload File /Users/kawamotonaoki/banhmilove/venv/lib/python3.12/site-packages/pyasn1/type/base.py first seen with mtime 1726468845.9251175
DEBUG 2024-09-17 16:37:36,779 autoreload File /opt/homebrew/Cellar/python@3.12/3.12.5/Frameworks/Python.framework/Versions/3.12/lib/python3.12/email/base64mime.py first seen with mtime 1722971329.0
DEBUG 2024-09-17 16:37:36,779 autoreload File /opt/homebrew/Cellar/python@3.12/3.12.5/Frameworks/Python.framework/Versions/3.12/lib/python3.12/asyncio/__init__.py first seen with mtime 1722971329.0
DEBUG 2024-09-17 16:37:36,779 autoreload File /Users/kawamotonaoki/banhmilove/venv/lib/python3.12/site-packages/django/utils/lorem_ipsum.py first seen with mtime 1726468847.8615682
DEBUG 2024-09-17 16:37:36,779 autoreload File /Users/kawamotonaoki/banhmilove/venv/lib/python3.12/site-packages/django/template/loaders/filesystem.py first seen with mtime 1726468847.8435194
DEBUG 2024-09-17 16:37:36,779 autoreload File /opt/homebrew/Cellar/python@3.12/3.12.5/Frameworks/Python.framework/Versions/3.12/lib/python3.12/json/scanner.py first seen with mtime 1722971329.0
DEBUG 2024-09-17 16:37:36,779 autoreload File /Users/kawamotonaoki/banhmilove/venv/lib/python3.12/site-packages/django/conf/__init__.py first seen with mtime 1726468847.0029774
DEBUG 2024-09-17 16:37:36,780 autoreload File /Users/kawamotonaoki/banhmilove/venv/lib/python3.12/site-packages/urllib3/_collections.py first seen with mtime 1726468845.5976815
DEBUG 2024-09-17 16:37:36,780 autoreload File /Users/kawamotonaoki/banhmilove/venv/lib/python3.12/site-packages/django/views/static.py first seen with mtime 1726468847.8691044
DEBUG 2024-09-17 16:37:36,780 autoreload File /Users/kawamotonaoki/banhmilove/venv/lib/python3.12/site-packages/django/contrib/contenttypes/models.py first seen with mtime 1726468847.2906494
DEBUG 2024-09-17 16:37:36,780 autoreload File /opt/homebrew/Cellar/python@3.12/3.12.5/Frameworks/Python.framework/Versions/3.12/lib/python3.12/importlib/resources/readers.py first seen with mtime 1722971329.0
DEBUG 2024-09-17 16:37:36,780 autoreload File /Users/kawamotonaoki/banhmilove/venv/lib/python3.12/site-packages/pyasn1/codec/ber/decoder.py first seen with mtime 1726468845.9113941
DEBUG 2024-09-17 16:37:36,780 autoreload File /Users/kawamotonaoki/banhmilove/venv/lib/python3.12/site-packages/django/utils/cache.py first seen with mtime 1726468847.8533134
DEBUG 2024-09-17 16:37:36,780 autoreload File /opt/homebrew/Cellar/python@3.12/3.12.5/Frameworks/Python.framework/Versions/3.12/lib/python3.12/lib-dynload/fcntl.cpython-312-darwin.so first seen with mtime 1724644388.478759
DEBUG 2024-09-17 16:37:36,780 autoreload File /Users/kawamotonaoki/banhmilove/venv/lib/python3.12/site-packages/django/contrib/messages/__init__.py first seen with mtime 1726468847.4923441
DEBUG 2024-09-17 16:37:36,780 autoreload File /opt/homebrew/Cellar/python@3.12/3.12.5/Frameworks/Python.framework/Versions/3.12/lib/python3.12/asyncio/selector_events.py first seen with mtime 1722971329.0
DEBUG 2024-09-17 16:37:36,780 autoreload File /Users/kawamotonaoki/banhmilove/venv/lib/python3.12/site-packages/google/auth/crypt/base.py first seen with mtime 1726468849.3181098
DEBUG 2024-09-17 16:37:36,780 autoreload File /Users/kawamotonaoki/banhmilove/venv/lib/python3.12/site-packages/django/views/generic/__init__.py first seen with mtime 1726468847.871621
DEBUG 2024-09-17 16:37:36,780 autoreload File /Users/kawamotonaoki/banhmilove/venv/lib/python3.12/site-packages/django/template/base.py first seen with mtime 1726468847.8341827
DEBUG 2024-09-17 16:37:36,781 autoreload File /opt/homebrew/Cellar/python@3.12/3.12.5/Frameworks/Python.framework/Versions/3.12/lib/python3.12/asyncio/base_tasks.py first seen with mtime 1722971329.0
DEBUG 2024-09-17 16:37:36,781 autoreload File /Users/kawamotonaoki/banhmilove/venv/lib/python3.12/site-packages/asgiref/current_thread_executor.py first seen with mtime 1726468846.60588
DEBUG 2024-09-17 16:37:36,781 autoreload File /Users/kawamotonaoki/banhmilove/venv/lib/python3.12/site-packages/django/views/generic/detail.py first seen with mtime 1726468847.872729
DEBUG 2024-09-17 16:37:36,781 autoreload File /Users/kawamotonaoki/banhmilove/banhmilove_project/urls.py first seen with mtime 1726401000.4491608
DEBUG 2024-09-17 16:37:36,781 autoreload File /Users/kawamotonaoki/banhmilove/venv/lib/python3.12/site-packages/charset_normalizer/cd.py first seen with mtime 1726468846.5308657
DEBUG 2024-09-17 16:37:36,781 autoreload File /Users/kawamotonaoki/banhmilove/venv/lib/python3.12/site-packages/urllib3/util/ssl_match_hostname.py first seen with mtime 1726468845.6072268
DEBUG 2024-09-17 16:37:36,781 autoreload File /opt/homebrew/Cellar/python@3.12/3.12.5/Frameworks/Python.framework/Versions/3.12/lib/python3.12/lib-dynload/_struct.cpython-312-darwin.so first seen with mtime 1724644387.9650416
DEBUG 2024-09-17 16:37:36,781 autoreload File /Users/kawamotonaoki/banhmilove/venv/lib/python3.12/site-packages/pyasn1/type/namedtype.py first seen with mtime 1726468845.9275267
DEBUG 2024-09-17 16:37:36,781 autoreload File /Users/kawamotonaoki/banhmilove/venv/lib/python3.12/site-packages/pyasn1/codec/ber/__init__.py first seen with mtime 1726468845.9106607
DEBUG 2024-09-17 16:37:36,781 autoreload File /Users/kawamotonaoki/banhmilove/venv/lib/python3.12/site-packages/pyasn1/compat/octets.py first seen with mtime 1726468845.9218268
DEBUG 2024-09-17 16:37:36,781 autoreload File /Users/kawamotonaoki/banhmilove/venv/lib/python3.12/site-packages/uritemplate/template.py first seen with mtime 1726468845.702917
DEBUG 2024-09-17 16:37:36,781 autoreload File /opt/homebrew/Cellar/python@3.12/3.12.5/Frameworks/Python.framework/Versions/3.12/lib/python3.12/asyncio/base_events.py first seen with mtime 1722971329.0
DEBUG 2024-09-17 16:37:36,781 autoreload File /Users/kawamotonaoki/banhmilove/venv/lib/python3.12/site-packages/django/db/utils.py first seen with mtime 1726468847.735084
DEBUG 2024-09-17 16:37:36,781 autoreload File /Users/kawamotonaoki/banhmilove/venv/lib/python3.12/site-packages/django/db/migrations/operations/fields.py first seen with mtime 1726468847.771522
DEBUG 2024-09-17 16:37:36,781 autoreload File /Users/kawamotonaoki/banhmilove/venv/lib/python3.12/site-packages/django/utils/timezone.py first seen with mtime 1726468847.864391
DEBUG 2024-09-17 16:37:36,781 autoreload File /Users/kawamotonaoki/banhmilove/venv/lib/python3.12/site-packages/django/template/loaders/base.py first seen with mtime 1726468847.842925
DEBUG 2024-09-17 16:37:36,781 autoreload File /Users/kawamotonaoki/banhmilove/venv/lib/python3.12/site-packages/django/db/models/functions/text.py first seen with mtime 1726468847.7881083
DEBUG 2024-09-17 16:37:36,781 autoreload File /Users/kawamotonaoki/banhmilove/venv/lib/python3.12/site-packages/django/contrib/staticfiles/apps.py first seen with mtime 1726468847.6955447
DEBUG 2024-09-17 16:37:36,781 autoreload File /Users/kawamotonaoki/banhmilove/venv/lib/python3.12/site-packages/django/templatetags/__init__.py first seen with mtime 1726468847.8440664
DEBUG 2024-09-17 16:37:36,781 autoreload File /Users/kawamotonaoki/banhmilove/banhmilove_app/admin.py first seen with mtime 1726400991.6513827
DEBUG 2024-09-17 16:37:36,781 autoreload File /Users/kawamotonaoki/banhmilove/venv/lib/python3.12/site-packages/django/urls/conf.py first seen with mtime 1726468847.8502448
DEBUG 2024-09-17 16:37:36,781 autoreload File /Users/kawamotonaoki/banhmilove/venv/lib/python3.12/site-packages/django/views/generic/base.py first seen with mtime 1726468847.8719823
DEBUG 2024-09-17 16:37:36,781 autoreload File /opt/homebrew/Cellar/python@3.12/3.12.5/Frameworks/Python.framework/Versions/3.12/lib/python3.12/email/__init__.py first seen with mtime 1722971329.0
DEBUG 2024-09-17 16:37:36,781 autoreload File /opt/homebrew/Cellar/python@3.12/3.12.5/Frameworks/Python.framework/Versions/3.12/lib/python3.12/warnings.py first seen with mtime 1722971329.0
DEBUG 2024-09-17 16:37:36,781 autoreload File /Users/kawamotonaoki/banhmilove/venv/lib/python3.12/site-packages/google/auth/version.py first seen with mtime 1726468849.3164349
DEBUG 2024-09-17 16:37:36,781 autoreload File /opt/homebrew/Cellar/python@3.12/3.12.5/Frameworks/Python.framework/Versions/3.12/lib/python3.12/shlex.py first seen with mtime 1722971329.0
DEBUG 2024-09-17 16:37:36,782 autoreload File /Users/kawamotonaoki/banhmilove/venv/lib/python3.12/site-packages/sqlparse/engine/__init__.py first seen with mtime 1726468845.7445395
DEBUG 2024-09-17 16:37:36,782 autoreload File /opt/homebrew/Cellar/python@3.12/3.12.5/Frameworks/Python.framework/Versions/3.12/lib/python3.12/fnmatch.py first seen with mtime 1722971329.0
DEBUG 2024-09-17 16:37:36,782 autoreload File /opt/homebrew/Cellar/python@3.12/3.12.5/Frameworks/Python.framework/Versions/3.12/lib/python3.12/email/_encoded_words.py first seen with mtime 1722971329.0
DEBUG 2024-09-17 16:37:36,782 autoreload File /opt/homebrew/Cellar/python@3.12/3.12.5/Frameworks/Python.framework/Versions/3.12/lib/python3.12/asyncio/taskgroups.py first seen with mtime 1722971329.0
DEBUG 2024-09-17 16:37:36,782 autoreload File /Users/kawamotonaoki/banhmilove/venv/lib/python3.12/site-packages/django/core/cache/utils.py first seen with mtime 1726468847.7030098
DEBUG 2024-09-17 16:37:36,782 autoreload File /Users/kawamotonaoki/banhmilove/venv/lib/python3.12/site-packages/django/views/generic/edit.py first seen with mtime 1726468847.8731053
DEBUG 2024-09-17 16:37:36,782 autoreload File /Users/kawamotonaoki/banhmilove/venv/lib/python3.12/site-packages/cachetools/keys.py first seen with mtime 1726468846.5880682
DEBUG 2024-09-17 16:37:36,782 autoreload File /Users/kawamotonaoki/banhmilove/venv/lib/python3.12/site-packages/django/core/cache/backends/locmem.py first seen with mtime 1726468847.7051337
DEBUG 2024-09-17 16:37:36,782 autoreload File /Users/kawamotonaoki/banhmilove/venv/lib/python3.12/site-packages/urllib3/util/wait.py first seen with mtime 1726468845.6123476
DEBUG 2024-09-17 16:37:36,782 autoreload File /Users/kawamotonaoki/banhmilove/venv/lib/python3.12/site-packages/django/db/__init__.py first seen with mtime 1726468847.7338598
DEBUG 2024-09-17 16:37:36,782 autoreload File /Users/kawamotonaoki/banhmilove/venv/lib/python3.12/site-packages/sqlparse/tokens.py first seen with mtime 1726468845.7434723
DEBUG 2024-09-17 16:37:36,782 autoreload File /Users/kawamotonaoki/banhmilove/venv/lib/python3.12/site-packages/django/db/models/lookups.py first seen with mtime 1726468847.777066
DEBUG 2024-09-17 16:37:36,782 autoreload File /opt/homebrew/Cellar/python@3.12/3.12.5/Frameworks/Python.framework/Versions/3.12/lib/python3.12/asyncio/timeouts.py first seen with mtime 1722971329.0
DEBUG 2024-09-17 16:37:36,782 autoreload File /Users/kawamotonaoki/banhmilove/venv/lib/python3.12/site-packages/django/conf/locale/__init__.py first seen with mtime 1726468847.004351
DEBUG 2024-09-17 16:37:36,782 autoreload File /opt/homebrew/Cellar/python@3.12/3.12.5/Frameworks/Python.framework/Versions/3.12/lib/python3.12/argparse.py first seen with mtime 1722971329.0
DEBUG 2024-09-17 16:37:36,782 autoreload File /Users/kawamotonaoki/banhmilove/venv/lib/python3.12/site-packages/django/core/checks/security/csrf.py first seen with mtime 1726468847.7103474
DEBUG 2024-09-17 16:37:36,782 autoreload File /Users/kawamotonaoki/banhmilove/venv/lib/python3.12/site-packages/django/db/models/fields/mixins.py first seen with mtime 1726468847.7821414
DEBUG 2024-09-17 16:37:36,782 autoreload File /opt/homebrew/Cellar/python@3.12/3.12.5/Frameworks/Python.framework/Versions/3.12/lib/python3.12/hashlib.py first seen with mtime 1722971329.0
DEBUG 2024-09-17 16:37:36,782 autoreload File /Users/kawamotonaoki/banhmilove/venv/lib/python3.12/site-packages/requests/auth.py first seen with mtime 1726468846.6550903
DEBUG 2024-09-17 16:37:36,782 autoreload File /opt/homebrew/Cellar/python@3.12/3.12.5/Frameworks/Python.framework/Versions/3.12/lib/python3.12/dataclasses.py first seen with mtime 1722971329.0
DEBUG 2024-09-17 16:37:36,782 autoreload File /Users/kawamotonaoki/banhmilove/venv/lib/python3.12/site-packages/django/contrib/messages/storage/base.py first seen with mtime 1726468847.4937263
DEBUG 2024-09-17 16:37:36,782 autoreload File /Users/kawamotonaoki/banhmilove/venv/lib/python3.12/site-packages/uritemplate/api.py first seen with mtime 1726468845.7021222
DEBUG 2024-09-17 16:37:36,782 autoreload File /Users/kawamotonaoki/banhmilove/venv/lib/python3.12/site-packages/idna/__init__.py first seen with mtime 1726468846.34197
DEBUG 2024-09-17 16:37:36,782 autoreload File /Users/kawamotonaoki/banhmilove/venv/lib/python3.12/site-packages/django/utils/dateformat.py first seen with mtime 1726468847.8546157
DEBUG 2024-09-17 16:37:36,782 autoreload File /Users/kawamotonaoki/banhmilove/venv/lib/python3.12/site-packages/pyasn1/codec/ber/eoo.py first seen with mtime 1726468845.9125915
DEBUG 2024-09-17 16:37:36,782 autoreload File /Users/kawamotonaoki/banhmilove/venv/lib/python3.12/site-packages/pyasn1/type/__init__.py first seen with mtime 1726468845.92259
DEBUG 2024-09-17 16:37:36,783 autoreload File /Users/kawamotonaoki/banhmilove/venv/lib/python3.12/site-packages/django/contrib/admin/exceptions.py first seen with mtime 1726468847.0745833
DEBUG 2024-09-17 16:37:36,783 autoreload File /Users/kawamotonaoki/banhmilove/venv/lib/python3.12/site-packages/django/db/backends/utils.py first seen with mtime 1726468847.7367616
DEBUG 2024-09-17 16:37:36,783 autoreload File /Users/kawamotonaoki/banhmilove/venv/lib/python3.12/site-packages/django/db/models/fields/related_descriptors.py first seen with mtime 1726468847.7842948
DEBUG 2024-09-17 16:37:36,783 autoreload File /Users/kawamotonaoki/banhmilove/venv/lib/python3.12/site-packages/django/core/management/commands/__init__.py first seen with mtime 1726468847.7217495
DEBUG 2024-09-17 16:37:36,783 autoreload File /Users/kawamotonaoki/banhmilove/venv/lib/python3.12/site-packages/django/core/files/storage/filesystem.py first seen with mtime 1726468847.7139933
DEBUG 2024-09-17 16:37:36,783 autoreload File /Users/kawamotonaoki/banhmilove/venv/lib/python3.12/site-packages/django/templatetags/static.py first seen with mtime 1726468847.8454041
DEBUG 2024-09-17 16:37:36,783 autoreload File /Users/kawamotonaoki/banhmilove/venv/lib/python3.12/site-packages/django/template/context.py first seen with mtime 1726468847.8346558
DEBUG 2024-09-17 16:37:36,783 autoreload File /opt/homebrew/Cellar/python@3.12/3.12.5/Frameworks/Python.framework/Versions/3.12/lib/python3.12/email/quoprimime.py first seen with mtime 1722971329.0
DEBUG 2024-09-17 16:37:36,783 autoreload File /Users/kawamotonaoki/banhmilove/venv/lib/python3.12/site-packages/django/urls/converters.py first seen with mtime 1726468847.8504884
DEBUG 2024-09-17 16:37:36,783 autoreload File /opt/homebrew/Cellar/python@3.12/3.12.5/Frameworks/Python.framework/Versions/3.12/lib/python3.12/email/contentmanager.py first seen with mtime 1722971329.0
DEBUG 2024-09-17 16:37:36,783 autoreload File /opt/homebrew/Cellar/python@3.12/3.12.5/Frameworks/Python.framework/Versions/3.12/lib/python3.12/email/header.py first seen with mtime 1722971329.0
DEBUG 2024-09-17 16:37:36,783 autoreload File /Users/kawamotonaoki/banhmilove/venv/lib/python3.12/site-packages/google/oauth2/_client.py first seen with mtime 1726468849.3213992
DEBUG 2024-09-17 16:37:36,783 autoreload File /Users/kawamotonaoki/banhmilove/venv/lib/python3.12/site-packages/google_auth_httplib2.py first seen with mtime 1726468849.4195929
DEBUG 2024-09-17 16:37:36,783 autoreload File /Users/kawamotonaoki/banhmilove/venv/lib/python3.12/site-packages/urllib3/connectionpool.py first seen with mtime 1726468845.5988438
DEBUG 2024-09-17 16:37:36,783 autoreload File /opt/homebrew/Cellar/python@3.12/3.12.5/Frameworks/Python.framework/Versions/3.12/lib/python3.12/lib-dynload/zlib.cpython-312-darwin.so first seen with mtime 1724644388.9975545
DEBUG 2024-09-17 16:37:36,783 autoreload File /Users/kawamotonaoki/banhmilove/venv/lib/python3.12/site-packages/django/views/decorators/csrf.py first seen with mtime 1726468847.870294
DEBUG 2024-09-17 16:37:36,783 autoreload File /Users/kawamotonaoki/banhmilove/venv/lib/python3.12/site-packages/django/db/backends/base/creation.py first seen with mtime 1726468847.738653
DEBUG 2024-09-17 16:37:36,783 autoreload File /Users/kawamotonaoki/banhmilove/venv/lib/python3.12/site-packages/google/api_core/client_options.py first seen with mtime 1726468849.4258134
DEBUG 2024-09-17 16:37:36,783 autoreload File /Users/kawamotonaoki/banhmilove/venv/lib/python3.12/site-packages/google/auth/jwt.py first seen with mtime 1726468849.315702
DEBUG 2024-09-17 16:37:36,784 autoreload File /Users/kawamotonaoki/banhmilove/venv/lib/python3.12/site-packages/pyasn1/type/tagmap.py first seen with mtime 1726468845.929554
DEBUG 2024-09-17 16:37:36,784 autoreload File /Users/kawamotonaoki/banhmilove/venv/lib/python3.12/site-packages/pyasn1/codec/der/__init__.py first seen with mtime 1726468845.9151258
DEBUG 2024-09-17 16:37:36,784 autoreload File /Users/kawamotonaoki/banhmilove/venv/lib/python3.12/site-packages/django/db/models/signals.py first seen with mtime 1726468847.7795198
DEBUG 2024-09-17 16:37:36,784 autoreload File /Users/kawamotonaoki/banhmilove/venv/lib/python3.12/site-packages/pyasn1/compat/__init__.py first seen with mtime 1726468845.9204092
DEBUG 2024-09-17 16:37:36,784 autoreload File /Users/kawamotonaoki/banhmilove/venv/lib/python3.12/site-packages/decouple.py first seen with mtime 1726468927.0029411
DEBUG 2024-09-17 16:37:36,784 autoreload File /Users/kawamotonaoki/banhmilove/venv/lib/python3.12/site-packages/django/template/loaders/__init__.py first seen with mtime 1726468847.8422725
DEBUG 2024-09-17 16:37:36,784 autoreload File /Users/kawamotonaoki/banhmilove/venv/lib/python3.12/site-packages/requests/packages.py first seen with mtime 1726468846.6566577
DEBUG 2024-09-17 16:37:36,784 autoreload File /Users/kawamotonaoki/banhmilove/venv/lib/python3.12/site-packages/django/utils/asyncio.py first seen with mtime 1726468847.8524914
DEBUG 2024-09-17 16:37:36,784 autoreload File /opt/homebrew/Cellar/python@3.12/3.12.5/Frameworks/Python.framework/Versions/3.12/lib/python3.12/platform.py first seen with mtime 1722971329.0
DEBUG 2024-09-17 16:37:36,784 autoreload File /Users/kawamotonaoki/banhmilove/venv/lib/python3.12/site-packages/sqlparse/engine/grouping.py first seen with mtime 1726468845.745326
DEBUG 2024-09-17 16:37:36,784 autoreload File /Users/kawamotonaoki/banhmilove/venv/lib/python3.12/site-packages/requests/sessions.py first seen with mtime 1726468846.6568918
DEBUG 2024-09-17 16:37:36,784 autoreload File /opt/homebrew/Cellar/python@3.12/3.12.5/Frameworks/Python.framework/Versions/3.12/lib/python3.12/struct.py first seen with mtime 1722971329.0
DEBUG 2024-09-17 16:37:36,784 autoreload File /Users/kawamotonaoki/banhmilove/venv/lib/python3.12/site-packages/django/core/checks/model_checks.py first seen with mtime 1726468847.707709
DEBUG 2024-09-17 16:37:36,785 autoreload File /Users/kawamotonaoki/banhmilove/venv/lib/python3.12/site-packages/urllib3/connection.py first seen with mtime 1726468845.5985215
DEBUG 2024-09-17 16:37:36,785 autoreload File /Users/kawamotonaoki/banhmilove/venv/lib/python3.12/site-packages/requests/structures.py first seen with mtime 1726468846.6573164
DEBUG 2024-09-17 16:37:36,785 autoreload File /Users/kawamotonaoki/banhmilove/venv/lib/python3.12/site-packages/django/urls/__init__.py first seen with mtime 1726468847.8495643
DEBUG 2024-09-17 16:37:36,785 autoreload File /Users/kawamotonaoki/banhmilove/venv/lib/python3.12/site-packages/urllib3/util/util.py first seen with mtime 1726468845.6120267
DEBUG 2024-09-17 16:37:36,785 autoreload File /Users/kawamotonaoki/banhmilove/venv/lib/python3.12/site-packages/django/urls/base.py first seen with mtime 1726468847.8499968
DEBUG 2024-09-17 16:37:36,785 autoreload File /Users/kawamotonaoki/banhmilove/venv/lib/python3.12/site-packages/django/utils/hashable.py first seen with mtime 1726468847.8590255
DEBUG 2024-09-17 16:37:36,785 autoreload File /Users/kawamotonaoki/banhmilove/venv/lib/python3.12/site-packages/django/core/checks/compatibility/__init__.py first seen with mtime 1726468847.7091858
DEBUG 2024-09-17 16:37:36,785 autoreload File /Users/kawamotonaoki/banhmilove/venv/lib/python3.12/site-packages/django/core/checks/database.py first seen with mtime 1726468847.70685
DEBUG 2024-09-17 16:37:36,785 autoreload File /Users/kawamotonaoki/banhmilove/venv/lib/python3.12/site-packages/google/auth/crypt/__init__.py first seen with mtime 1726468849.3173914
DEBUG 2024-09-17 16:37:36,785 autoreload File /Users/kawamotonaoki/banhmilove/venv/lib/python3.12/site-packages/sqlparse/engine/filter_stack.py first seen with mtime 1726468845.744853
DEBUG 2024-09-17 16:37:36,785 autoreload File /Users/kawamotonaoki/banhmilove/venv/lib/python3.12/site-packages/django/db/migrations/operations/__init__.py first seen with mtime 1726468847.7705495
DEBUG 2024-09-17 16:37:36,785 autoreload File /opt/homebrew/Cellar/python@3.12/3.12.5/Frameworks/Python.framework/Versions/3.12/lib/python3.12/contextlib.py first seen with mtime 1722971329.0
DEBUG 2024-09-17 16:37:36,785 autoreload File /Users/kawamotonaoki/banhmilove/venv/lib/python3.12/site-packages/django/contrib/auth/models.py first seen with mtime 1726468847.231988
DEBUG 2024-09-17 16:37:36,786 autoreload File /Users/kawamotonaoki/banhmilove/venv/lib/python3.12/site-packages/django/core/__init__.py first seen with mtime 1726468847.7002728
DEBUG 2024-09-17 16:37:36,786 autoreload File /opt/homebrew/Cellar/python@3.12/3.12.5/Frameworks/Python.framework/Versions/3.12/lib/python3.12/asyncio/base_futures.py first seen with mtime 1722971329.0
DEBUG 2024-09-17 16:37:36,786 autoreload File /Users/kawamotonaoki/banhmilove/venv/lib/python3.12/site-packages/charset_normalizer/utils.py first seen with mtime 1726468846.5260437
DEBUG 2024-09-17 16:37:36,786 autoreload File /Users/kawamotonaoki/banhmilove/venv/lib/python3.12/site-packages/django/utils/safestring.py first seen with mtime 1726468847.8629785
DEBUG 2024-09-17 16:37:36,786 autoreload File /opt/homebrew/Cellar/python@3.12/3.12.5/Frameworks/Python.framework/Versions/3.12/lib/python3.12/asyncio/mixins.py first seen with mtime 1722971329.0
DEBUG 2024-09-17 16:37:36,786 autoreload File /Users/kawamotonaoki/banhmilove/venv/lib/python3.12/site-packages/django/utils/connection.py first seen with mtime 1726468847.853547
DEBUG 2024-09-17 16:37:36,786 autoreload File /opt/homebrew/Cellar/python@3.12/3.12.5/Frameworks/Python.framework/Versions/3.12/lib/python3.12/zipfile/__init__.py first seen with mtime 1722971329.0
DEBUG 2024-09-17 16:37:36,787 autoreload File /Users/kawamotonaoki/banhmilove/venv/lib/python3.12/site-packages/django/contrib/admin/actions.py first seen with mtime 1726468847.0739768
DEBUG 2024-09-17 16:37:36,787 autoreload File /opt/homebrew/Cellar/python@3.12/3.12.5/Frameworks/Python.framework/Versions/3.12/lib/python3.12/lib-dynload/_pickle.cpython-312-darwin.so first seen with mtime 1724644387.5741038
DEBUG 2024-09-17 16:37:36,787 autoreload File /Users/kawamotonaoki/banhmilove/venv/lib/python3.12/site-packages/django/utils/dateparse.py first seen with mtime 1726468847.8549218
DEBUG 2024-09-17 16:37:36,787 autoreload File /Users/kawamotonaoki/banhmilove/venv/lib/python3.12/site-packages/django/utils/inspect.py first seen with mtime 1726468847.8601975
DEBUG 2024-09-17 16:37:36,787 autoreload File /Users/kawamotonaoki/banhmilove/venv/lib/python3.12/site-packages/django/contrib/admin/options.py first seen with mtime 1726468847.0754852
DEBUG 2024-09-17 16:37:36,787 autoreload File /opt/homebrew/Cellar/python@3.12/3.12.5/Frameworks/Python.framework/Versions/3.12/lib/python3.12/asyncio/events.py first seen with mtime 1722971329.0
DEBUG 2024-09-17 16:37:36,787 autoreload File /opt/homebrew/Cellar/python@3.12/3.12.5/Frameworks/Python.framework/Versions/3.12/lib/python3.12/random.py first seen with mtime 1722971329.0
DEBUG 2024-09-17 16:37:36,787 autoreload File /opt/homebrew/Cellar/python@3.12/3.12.5/Frameworks/Python.framework/Versions/3.12/lib/python3.12/dis.py first seen with mtime 1722971329.0
DEBUG 2024-09-17 16:37:36,787 autoreload File /Users/kawamotonaoki/banhmilove/venv/lib/python3.12/site-packages/django/templatetags/tz.py first seen with mtime 1726468847.8457644
DEBUG 2024-09-17 16:37:36,787 autoreload File /opt/homebrew/Cellar/python@3.12/3.12.5/Frameworks/Python.framework/Versions/3.12/lib/python3.12/lib-dynload/_bisect.cpython-312-darwin.so first seen with mtime 1724644386.7020602
DEBUG 2024-09-17 16:37:36,787 autoreload File /Users/kawamotonaoki/banhmilove/venv/lib/python3.12/site-packages/django/contrib/sessions/apps.py first seen with mtime 1726468847.5832155
DEBUG 2024-09-17 16:37:36,787 autoreload File /Users/kawamotonaoki/banhmilove/venv/lib/python3.12/site-packages/requests/exceptions.py first seen with mtime 1726468846.6558619
DEBUG 2024-09-17 16:37:36,787 autoreload File /opt/homebrew/Cellar/python@3.12/3.12.5/Frameworks/Python.framework/Versions/3.12/lib/python3.12/email/_header_value_parser.py first seen with mtime 1722971329.0
DEBUG 2024-09-17 16:37:36,787 autoreload File /Users/kawamotonaoki/banhmilove/venv/lib/python3.12/site-packages/django/core/mail/message.py first seen with mtime 1726468847.71729
DEBUG 2024-09-17 16:37:36,787 autoreload File /opt/homebrew/Cellar/python@3.12/3.12.5/Frameworks/Python.framework/Versions/3.12/lib/python3.12/zipfile/_path/glob.py first seen with mtime 1722971329.0
DEBUG 2024-09-17 16:37:36,787 autoreload File /opt/homebrew/Cellar/python@3.12/3.12.5/Frameworks/Python.framework/Versions/3.12/lib/python3.12/asyncio/trsock.py first seen with mtime 1722971329.0
DEBUG 2024-09-17 16:37:36,787 autoreload File /opt/homebrew/Cellar/python@3.12/3.12.5/Frameworks/Python.framework/Versions/3.12/lib/python3.12/asyncio/exceptions.py first seen with mtime 1722971329.0
DEBUG 2024-09-17 16:37:36,787 autoreload File /Users/kawamotonaoki/banhmilove/venv/lib/python3.12/site-packages/urllib3/exceptions.py first seen with mtime 1726468845.5991359
DEBUG 2024-09-17 16:37:36,787 autoreload File /Users/kawamotonaoki/banhmilove/venv/lib/python3.12/site-packages/sqlparse/engine/statement_splitter.py first seen with mtime 1726468845.745546
DEBUG 2024-09-17 16:37:36,787 autoreload File /opt/homebrew/Cellar/python@3.12/3.12.5/Frameworks/Python.framework/Versions/3.12/lib/python3.12/asyncio/runners.py first seen with mtime 1722971329.0
DEBUG 2024-09-17 16:37:36,787 autoreload File /opt/homebrew/Cellar/python@3.12/3.12.5/Frameworks/Python.framework/Versions/3.12/lib/python3.12/re/_compiler.py first seen with mtime 1722971329.0
DEBUG 2024-09-17 16:37:36,787 autoreload File /Users/kawamotonaoki/banhmilove/venv/lib/python3.12/site-packages/django/db/models/fields/__init__.py first seen with mtime 1726468847.780593
DEBUG 2024-09-17 16:37:36,787 autoreload File /opt/homebrew/Cellar/python@3.12/3.12.5/Frameworks/Python.framework/Versions/3.12/lib/python3.12/keyword.py first seen with mtime 1722971329.0
DEBUG 2024-09-17 16:37:36,788 autoreload File /opt/homebrew/Cellar/python@3.12/3.12.5/Frameworks/Python.framework/Versions/3.12/lib/python3.12/glob.py first seen with mtime 1722971329.0
DEBUG 2024-09-17 16:37:36,788 autoreload File /Users/kawamotonaoki/banhmilove/venv/lib/python3.12/site-packages/urllib3/util/url.py first seen with mtime 1726468845.6113043
DEBUG 2024-09-17 16:37:36,788 autoreload File /opt/homebrew/Cellar/python@3.12/3.12.5/Frameworks/Python.framework/Versions/3.12/lib/python3.12/email/message.py first seen with mtime 1722971329.0
DEBUG 2024-09-17 16:37:36,788 autoreload File /Users/kawamotonaoki/banhmilove/venv/lib/python3.12/site-packages/rsa/common.py first seen with mtime 1726468846.6278253
DEBUG 2024-09-17 16:37:36,788 autoreload File /Users/kawamotonaoki/banhmilove/venv/lib/python3.12/site-packages/django/template/exceptions.py first seen with mtime 1726468847.8369393
DEBUG 2024-09-17 16:37:36,788 autoreload File /Users/kawamotonaoki/banhmilove/venv/lib/python3.12/site-packages/urllib3/util/ssl_.py first seen with mtime 1726468845.6066835
DEBUG 2024-09-17 16:37:36,788 autoreload File /opt/homebrew/Cellar/python@3.12/3.12.5/Frameworks/Python.framework/Versions/3.12/lib/python3.12/importlib/_abc.py first seen with mtime 1722971329.0
DEBUG 2024-09-17 16:37:36,788 autoreload File /Users/kawamotonaoki/banhmilove/venv/lib/python3.12/site-packages/django/template/defaulttags.py first seen with mtime 1726468847.8362174
DEBUG 2024-09-17 16:37:36,788 autoreload File /Users/kawamotonaoki/banhmilove/venv/lib/python3.12/site-packages/pyparsing/core.py first seen with mtime 1726468845.7909923
DEBUG 2024-09-17 16:37:36,788 autoreload File /Users/kawamotonaoki/banhmilove/venv/lib/python3.12/site-packages/django/contrib/contenttypes/views.py first seen with mtime 1726468847.2908165
DEBUG 2024-09-17 16:37:36,788 autoreload File /opt/homebrew/Cellar/python@3.12/3.12.5/Frameworks/Python.framework/Versions/3.12/lib/python3.12/tempfile.py first seen with mtime 1722971329.0
DEBUG 2024-09-17 16:37:36,789 autoreload File /opt/homebrew/Cellar/python@3.12/3.12.5/Frameworks/Python.framework/Versions/3.12/lib/python3.12/_compat_pickle.py first seen with mtime 1722971329.0
DEBUG 2024-09-17 16:37:36,789 autoreload File /opt/homebrew/Cellar/python@3.12/3.12.5/Frameworks/Python.framework/Versions/3.12/lib/python3.12/_weakrefset.py first seen with mtime 1722971329.0
DEBUG 2024-09-17 16:37:36,789 autoreload File /Users/kawamotonaoki/banhmilove/venv/lib/python3.12/site-packages/django/db/models/fields/files.py first seen with mtime 1726468847.7810304
DEBUG 2024-09-17 16:37:36,789 autoreload File /Users/kawamotonaoki/banhmilove/venv/lib/python3.12/site-packages/urllib3/__init__.py first seen with mtime 1726468845.5971704
DEBUG 2024-09-17 16:37:36,789 autoreload File /Users/kawamotonaoki/banhmilove/venv/lib/python3.12/site-packages/django/utils/regex_helper.py first seen with mtime 1726468847.862731
DEBUG 2024-09-17 16:37:36,789 autoreload File /opt/homebrew/Cellar/python@3.12/3.12.5/Frameworks/Python.framework/Versions/3.12/lib/python3.12/_markupbase.py first seen with mtime 1722971329.0
DEBUG 2024-09-17 16:37:36,789 autoreload File /Users/kawamotonaoki/banhmilove/venv/lib/python3.12/site-packages/pyasn1/type/constraint.py first seen with mtime 1726468845.9264894
DEBUG 2024-09-17 16:37:36,789 autoreload File /Users/kawamotonaoki/banhmilove/venv/lib/python3.12/site-packages/django/contrib/contenttypes/checks.py first seen with mtime 1726468847.290093
DEBUG 2024-09-17 16:37:36,789 autoreload File /opt/homebrew/Cellar/python@3.12/3.12.5/Frameworks/Python.framework/Versions/3.12/lib/python3.12/asyncio/threads.py first seen with mtime 1722971329.0
DEBUG 2024-09-17 16:37:36,789 autoreload File /Users/kawamotonaoki/banhmilove/venv/lib/python3.12/site-packages/django/template/defaultfilters.py first seen with mtime 1726468847.835362
DEBUG 2024-09-17 16:37:36,789 autoreload File /opt/homebrew/Cellar/python@3.12/3.12.5/Frameworks/Python.framework/Versions/3.12/lib/python3.12/concurrent/__init__.py first seen with mtime 1722971329.0
DEBUG 2024-09-17 16:37:36,789 autoreload File /Users/kawamotonaoki/banhmilove/venv/lib/python3.12/site-packages/django/utils/version.py first seen with mtime 1726468847.8651698
DEBUG 2024-09-17 16:37:36,789 autoreload File /Users/kawamotonaoki/banhmilove/venv/lib/python3.12/site-packages/pyasn1/error.py first seen with mtime 1726468845.908982
DEBUG 2024-09-17 16:37:36,790 autoreload File /Users/kawamotonaoki/banhmilove/venv/lib/python3.12/site-packages/django/contrib/admin/templatetags/admin_modify.py first seen with mtime 1726468847.1862612
DEBUG 2024-09-17 16:37:36,790 autoreload File /Users/kawamotonaoki/banhmilove/venv/lib/python3.12/site-packages/django/core/handlers/__init__.py first seen with mtime 1726468847.7151628
DEBUG 2024-09-17 16:37:36,790 autoreload File /Users/kawamotonaoki/banhmilove/venv/lib/python3.12/site-packages/django/core/handlers/asgi.py first seen with mtime 1726468847.7155824
DEBUG 2024-09-17 16:37:36,790 autoreload File /opt/homebrew/Cellar/python@3.12/3.12.5/Frameworks/Python.framework/Versions/3.12/lib/python3.12/wsgiref/handlers.py first seen with mtime 1722971329.0
DEBUG 2024-09-17 16:37:36,790 autoreload File /Users/kawamotonaoki/banhmilove/venv/lib/python3.12/site-packages/django/forms/fields.py first seen with mtime 1726468847.7948961
DEBUG 2024-09-17 16:37:36,790 autoreload File /Users/kawamotonaoki/banhmilove/venv/lib/python3.12/site-packages/google/api_core/__init__.py first seen with mtime 1726468849.425156
DEBUG 2024-09-17 16:37:36,790 autoreload File /Users/kawamotonaoki/banhmilove/venv/lib/python3.12/site-packages/django/contrib/messages/constants.py first seen with mtime 1726468847.4927804
DEBUG 2024-09-17 16:37:36,790 autoreload File /Users/kawamotonaoki/banhmilove/venv/lib/python3.12/site-packages/django/contrib/admin/apps.py first seen with mtime 1726468847.074111
DEBUG 2024-09-17 16:37:36,790 autoreload File /Users/kawamotonaoki/banhmilove/venv/lib/python3.12/site-packages/django/db/migrations/operations/base.py first seen with mtime 1726468847.7709672
DEBUG 2024-09-17 16:37:36,790 autoreload File /Users/kawamotonaoki/banhmilove/venv/lib/python3.12/site-packages/pyasn1/codec/cer/decoder.py first seen with mtime 1726468845.9136121
DEBUG 2024-09-17 16:37:36,790 autoreload File /Users/kawamotonaoki/banhmilove/venv/lib/python3.12/site-packages/google/auth/metrics.py first seen with mtime 1726468849.3159053
DEBUG 2024-09-17 16:37:36,790 autoreload File /opt/homebrew/Cellar/python@3.12/3.12.5/Frameworks/Python.framework/Versions/3.12/lib/python3.12/lib-dynload/_asyncio.cpython-312-darwin.so first seen with mtime 1724644386.6719038
DEBUG 2024-09-17 16:37:36,790 autoreload File /opt/homebrew/Cellar/python@3.12/3.12.5/Frameworks/Python.framework/Versions/3.12/lib/python3.12/email/mime/text.py first seen with mtime 1722971329.0
DEBUG 2024-09-17 16:37:36,790 autoreload File /Users/kawamotonaoki/banhmilove/venv/lib/python3.12/site-packages/sqlparse/utils.py first seen with mtime 1726468845.7440937
DEBUG 2024-09-17 16:37:36,790 autoreload File /Users/kawamotonaoki/banhmilove/venv/lib/python3.12/site-packages/django/utils/__init__.py first seen with mtime 1726468847.8514993
DEBUG 2024-09-17 16:37:36,790 autoreload File /opt/homebrew/Cellar/python@3.12/3.12.5/Frameworks/Python.framework/Versions/3.12/lib/python3.12/asyncio/futures.py first seen with mtime 1722971329.0
DEBUG 2024-09-17 16:37:36,790 autoreload File /Users/kawamotonaoki/banhmilove/venv/lib/python3.12/site-packages/django/core/checks/messages.py first seen with mtime 1726468847.707336
DEBUG 2024-09-17 16:37:36,790 autoreload File /opt/homebrew/Cellar/python@3.12/3.12.5/Frameworks/Python.framework/Versions/3.12/lib/python3.12/email/parser.py first seen with mtime 1722971329.0
DEBUG 2024-09-17 16:37:36,790 autoreload File /Users/kawamotonaoki/banhmilove/venv/lib/python3.12/site-packages/django/template/autoreload.py first seen with mtime 1726468847.8336656
DEBUG 2024-09-17 16:37:36,790 autoreload File /opt/homebrew/Cellar/python@3.12/3.12.5/Frameworks/Python.framework/Versions/3.12/lib/python3.12/email/mime/base.py first seen with mtime 1722971329.0
DEBUG 2024-09-17 16:37:36,790 autoreload File /Users/kawamotonaoki/banhmilove/venv/lib/python3.12/site-packages/django/core/files/storage/mixins.py first seen with mtime 1726468847.7149644
DEBUG 2024-09-17 16:37:36,790 autoreload File /Users/kawamotonaoki/banhmilove/venv/lib/python3.12/site-packages/sqlparse/filters/reindent.py first seen with mtime 1726468845.7476864
DEBUG 2024-09-17 16:37:36,790 autoreload File /Users/kawamotonaoki/banhmilove/venv/lib/python3.12/site-packages/django/core/files/locks.py first seen with mtime 1726468847.711726
DEBUG 2024-09-17 16:37:36,790 autoreload File /Users/kawamotonaoki/banhmilove/venv/lib/python3.12/site-packages/charset_normalizer/api.py first seen with mtime 1726468846.5250914
DEBUG 2024-09-17 16:37:36,791 autoreload File /Users/kawamotonaoki/banhmilove/venv/lib/python3.12/site-packages/django/http/response.py first seen with mtime 1726468847.8300703
DEBUG 2024-09-17 16:37:36,791 autoreload File /opt/homebrew/Cellar/python@3.12/3.12.5/Frameworks/Python.framework/Versions/3.12/lib/python3.12/http/__init__.py first seen with mtime 1722971329.0
DEBUG 2024-09-17 16:37:36,791 autoreload File /Users/kawamotonaoki/banhmilove/venv/lib/python3.12/site-packages/django/middleware/__init__.py first seen with mtime 1726468847.8303375
DEBUG 2024-09-17 16:37:36,791 autoreload File /Users/kawamotonaoki/banhmilove/venv/lib/python3.12/site-packages/django/contrib/staticfiles/__init__.py first seen with mtime 1726468847.6952868
DEBUG 2024-09-17 16:37:36,791 autoreload File /Users/kawamotonaoki/banhmilove/venv/lib/python3.12/site-packages/django/core/files/images.py first seen with mtime 1726468847.7114546
DEBUG 2024-09-17 16:37:36,791 autoreload File /opt/homebrew/Cellar/python@3.12/3.12.5/Frameworks/Python.framework/Versions/3.12/lib/python3.12/pathlib.py first seen with mtime 1722971329.0
DEBUG 2024-09-17 16:37:36,791 autoreload File /Users/kawamotonaoki/banhmilove/venv/lib/python3.12/site-packages/django/utils/duration.py first seen with mtime 1726468847.8568995
DEBUG 2024-09-17 16:37:36,791 autoreload File /Users/kawamotonaoki/banhmilove/venv/lib/python3.12/site-packages/sqlparse/lexer.py first seen with mtime 1726468845.7429507
DEBUG 2024-09-17 16:37:36,791 autoreload File /opt/homebrew/Cellar/python@3.12/3.12.5/Frameworks/Python.framework/Versions/3.12/lib/python3.12/asyncio/protocols.py first seen with mtime 1722971329.0
DEBUG 2024-09-17 16:37:36,791 autoreload File /Users/kawamotonaoki/banhmilove/venv/lib/python3.12/site-packages/pyparsing/__init__.py first seen with mtime 1726468845.789752
DEBUG 2024-09-17 16:37:36,791 autoreload File /Users/kawamotonaoki/banhmilove/venv/lib/python3.12/site-packages/charset_normalizer/md__mypyc.cpython-312-darwin.so first seen with mtime 1726468846.5291052
DEBUG 2024-09-17 16:37:36,791 autoreload File /Users/kawamotonaoki/banhmilove/venv/lib/python3.12/site-packages/urllib3/util/ssltransport.py first seen with mtime 1726468845.607988
DEBUG 2024-09-17 16:37:36,791 autoreload File /opt/homebrew/Cellar/python@3.12/3.12.5/Frameworks/Python.framework/Versions/3.12/lib/python3.12/email/mime/message.py first seen with mtime 1722971329.0
DEBUG 2024-09-17 16:37:36,791 autoreload File /opt/homebrew/Cellar/python@3.12/3.12.5/Frameworks/Python.framework/Versions/3.12/lib/python3.12/typing.py first seen with mtime 1722971329.0
DEBUG 2024-09-17 16:37:36,791 autoreload File /Users/kawamotonaoki/banhmilove/venv/lib/python3.12/site-packages/django/middleware/cache.py first seen with mtime 1726468847.8307338
DEBUG 2024-09-17 16:37:36,791 autoreload File /Users/kawamotonaoki/banhmilove/venv/lib/python3.12/site-packages/django/db/migrations/exceptions.py first seen with mtime 1726468847.761159
DEBUG 2024-09-17 16:37:36,791 autoreload File /opt/homebrew/Cellar/python@3.12/3.12.5/Frameworks/Python.framework/Versions/3.12/lib/python3.12/lib-dynload/_multibytecodec.cpython-312-darwin.so first seen with mtime 1724644387.4851885
DEBUG 2024-09-17 16:37:36,791 autoreload File /Users/kawamotonaoki/banhmilove/venv/lib/python3.12/site-packages/httplib2/auth.py first seen with mtime 1726468846.8947043
DEBUG 2024-09-17 16:37:36,791 autoreload File /Users/kawamotonaoki/banhmilove/venv/lib/python3.12/site-packages/django/core/cache/backends/base.py first seen with mtime 1726468847.7037463
DEBUG 2024-09-17 16:37:36,791 autoreload File /opt/homebrew/Cellar/python@3.12/3.12.5/Frameworks/Python.framework/Versions/3.12/lib/python3.12/lib-dynload/_blake2.cpython-312-darwin.so first seen with mtime 1724644386.732081
DEBUG 2024-09-17 16:37:36,791 autoreload File /Users/kawamotonaoki/banhmilove/venv/lib/python3.12/site-packages/pyasn1_modules/pem.py first seen with mtime 1726468846.6944187
DEBUG 2024-09-17 16:37:36,791 autoreload File /Users/kawamotonaoki/banhmilove/venv/lib/python3.12/site-packages/django/db/backends/base/__init__.py first seen with mtime 1726468847.737096
DEBUG 2024-09-17 16:37:36,791 autoreload File /Users/kawamotonaoki/banhmilove/venv/lib/python3.12/site-packages/django/forms/widgets.py first seen with mtime 1726468847.7973578
DEBUG 2024-09-17 16:37:36,791 autoreload File /Users/kawamotonaoki/banhmilove/venv/lib/python3.12/site-packages/django/core/servers/__init__.py first seen with mtime 1726468847.732924
DEBUG 2024-09-17 16:37:36,791 autoreload File /Users/kawamotonaoki/banhmilove/venv/lib/python3.12/site-packages/django/template/loader_tags.py first seen with mtime 1726468847.8383877
DEBUG 2024-09-17 16:37:36,791 autoreload File /opt/homebrew/Cellar/python@3.12/3.12.5/Frameworks/Python.framework/Versions/3.12/lib/python3.12/encodings/aliases.py first seen with mtime 1722971329.0
DEBUG 2024-09-17 16:37:36,791 autoreload File /Users/kawamotonaoki/banhmilove/banhmilove_app/views.py first seen with mtime 1726558655.397564
DEBUG 2024-09-17 16:37:36,791 autoreload File /Users/kawamotonaoki/banhmilove/venv/lib/python3.12/site-packages/django/db/backends/postgresql/features.py first seen with mtime 1726468847.7531998
DEBUG 2024-09-17 16:37:36,791 autoreload File /Users/kawamotonaoki/banhmilove/venv/lib/python3.12/site-packages/google/api_core/universe.py first seen with mtime 1726468849.4307802
DEBUG 2024-09-17 16:37:36,791 autoreload File /Users/kawamotonaoki/banhmilove/venv/lib/python3.12/site-packages/django/core/checks/security/__init__.py first seen with mtime 1726468847.7096808
DEBUG 2024-09-17 16:37:36,791 autoreload File /opt/homebrew/Cellar/python@3.12/3.12.5/Frameworks/Python.framework/Versions/3.12/lib/python3.12/lib-dynload/termios.cpython-312-darwin.so first seen with mtime 1724644388.8064084
DEBUG 2024-09-17 16:37:36,791 autoreload File /Users/kawamotonaoki/banhmilove/venv/lib/python3.12/site-packages/django/core/management/color.py first seen with mtime 1726468847.7202644
DEBUG 2024-09-17 16:37:36,791 autoreload File /Users/kawamotonaoki/banhmilove/venv/lib/python3.12/site-packages/googleapiclient/http.py first seen with mtime 1726468849.5177546
DEBUG 2024-09-17 16:37:36,791 autoreload File /opt/homebrew/Cellar/python@3.12/3.12.5/Frameworks/Python.framework/Versions/3.12/lib/python3.12/json/encoder.py first seen with mtime 1722971329.0
DEBUG 2024-09-17 16:37:36,792 autoreload File /Users/kawamotonaoki/banhmilove/venv/lib/python3.12/site-packages/sqlparse/filters/right_margin.py first seen with mtime 1726468845.747842
DEBUG 2024-09-17 16:37:36,792 autoreload File /Users/kawamotonaoki/banhmilove/venv/lib/python3.12/site-packages/django/template/backends/__init__.py first seen with mtime 1726468847.8401554
DEBUG 2024-09-17 16:37:36,792 autoreload File /Users/kawamotonaoki/banhmilove/venv/lib/python3.12/site-packages/django/contrib/auth/backends.py first seen with mtime 1726468847.2304301
DEBUG 2024-09-17 16:37:36,792 autoreload File /Users/kawamotonaoki/banhmilove/venv/lib/python3.12/site-packages/django/db/models/functions/mixins.py first seen with mtime 1726468847.7875938
DEBUG 2024-09-17 16:37:36,792 autoreload File /Users/kawamotonaoki/banhmilove/venv/lib/python3.12/site-packages/django/utils/tree.py first seen with mtime 1726468847.8649213
DEBUG 2024-09-17 16:37:36,792 autoreload File /Users/kawamotonaoki/banhmilove/venv/lib/python3.12/site-packages/django/db/backends/postgresql/client.py first seen with mtime 1726468847.7524421
DEBUG 2024-09-17 16:37:36,792 autoreload File /opt/homebrew/Cellar/python@3.12/3.12.5/Frameworks/Python.framework/Versions/3.12/lib/python3.12/lib-dynload/_posixsubprocess.cpython-312-darwin.so first seen with mtime 1724644387.6377218
DEBUG 2024-09-17 16:37:36,792 autoreload File /Users/kawamotonaoki/banhmilove/venv/lib/python3.12/site-packages/django/db/models/deletion.py first seen with mtime 1726468847.7752423
DEBUG 2024-09-17 16:37:36,792 autoreload File /opt/homebrew/Cellar/python@3.12/3.12.5/Frameworks/Python.framework/Versions/3.12/lib/python3.12/logging/handlers.py first seen with mtime 1722971329.0
DEBUG 2024-09-17 16:37:36,792 autoreload File /Users/kawamotonaoki/banhmilove/venv/lib/python3.12/site-packages/pyasn1/codec/cer/__init__.py first seen with mtime 1726468845.9132657
DEBUG 2024-09-17 16:37:36,792 autoreload File /Users/kawamotonaoki/banhmilove/venv/lib/python3.12/site-packages/django/core/signing.py first seen with mtime 1726468847.7018912
DEBUG 2024-09-17 16:37:36,792 autoreload File /Users/kawamotonaoki/banhmilove/venv/lib/python3.12/site-packages/django/forms/utils.py first seen with mtime 1726468847.7969306
DEBUG 2024-09-17 16:37:36,792 autoreload File /Users/kawamotonaoki/banhmilove/venv/lib/python3.12/site-packages/google/auth/transport/mtls.py first seen with mtime 1726468849.3202782
DEBUG 2024-09-17 16:37:36,792 autoreload File /opt/homebrew/Cellar/python@3.12/3.12.5/Frameworks/Python.framework/Versions/3.12/lib/python3.12/asyncio/locks.py first seen with mtime 1722971329.0
DEBUG 2024-09-17 16:37:36,792 autoreload File /opt/homebrew/Cellar/python@3.12/3.12.5/Frameworks/Python.framework/Versions/3.12/lib/python3.12/http/cookiejar.py first seen with mtime 1722971329.0
DEBUG 2024-09-17 16:37:36,792 autoreload File /opt/homebrew/Cellar/python@3.12/3.12.5/Frameworks/Python.framework/Versions/3.12/lib/python3.12/contextvars.py first seen with mtime 1722971329.0
DEBUG 2024-09-17 16:37:36,792 autoreload File /opt/homebrew/Cellar/python@3.12/3.12.5/Frameworks/Python.framework/Versions/3.12/lib/python3.12/bz2.py first seen with mtime 1722971329.0
DEBUG 2024-09-17 16:37:36,792 autoreload File /Users/kawamotonaoki/banhmilove/venv/lib/python3.12/site-packages/django/db/migrations/__init__.py first seen with mtime 1726468847.7599766
DEBUG 2024-09-17 16:37:36,792 autoreload File /opt/homebrew/Cellar/python@3.12/3.12.5/Frameworks/Python.framework/Versions/3.12/lib/python3.12/lib-dynload/_scproxy.cpython-312-darwin.so first seen with mtime 1724644387.7260668
DEBUG 2024-09-17 16:37:36,792 autoreload File /Users/kawamotonaoki/banhmilove/venv/lib/python3.12/site-packages/django/template/backends/base.py first seen with mtime 1726468847.8405163
DEBUG 2024-09-17 16:37:36,792 autoreload File /Users/kawamotonaoki/banhmilove/venv/lib/python3.12/site-packages/asgiref/sync.py first seen with mtime 1726468846.6067748
DEBUG 2024-09-17 16:37:36,792 autoreload File /Users/kawamotonaoki/banhmilove/venv/lib/python3.12/site-packages/psycopg2/__init__.py first seen with mtime 1726470534.0631227
DEBUG 2024-09-17 16:37:36,792 autoreload File /Users/kawamotonaoki/banhmilove/manage.py first seen with mtime 1726401000.2653365
DEBUG 2024-09-17 16:37:36,792 autoreload File /Users/kawamotonaoki/banhmilove/venv/lib/python3.12/site-packages/django/core/management/commands/runserver.py first seen with mtime 1726468847.7259789
DEBUG 2024-09-17 16:37:36,792 autoreload File /Users/kawamotonaoki/banhmilove/venv/lib/python3.12/site-packages/django/contrib/sessions/__init__.py first seen with mtime 1726468847.5830073
DEBUG 2024-09-17 16:37:36,792 autoreload File /Users/kawamotonaoki/banhmilove/venv/lib/python3.12/site-packages/pyasn1/compat/integer.py first seen with mtime 1726468845.921004
DEBUG 2024-09-17 16:37:36,792 autoreload File /Users/kawamotonaoki/banhmilove/venv/lib/python3.12/site-packages/django/db/backends/postgresql/__init__.py first seen with mtime 1726468847.7508337
DEBUG 2024-09-17 16:37:36,792 autoreload File /Users/kawamotonaoki/banhmilove/venv/lib/python3.12/site-packages/django/template/loaders/cached.py first seen with mtime 1726468847.843229
DEBUG 2024-09-17 16:37:36,792 autoreload File /Users/kawamotonaoki/banhmilove/venv/lib/python3.12/site-packages/django/db/backends/base/features.py first seen with mtime 1726468847.7392626
DEBUG 2024-09-17 16:37:36,792 autoreload File /opt/homebrew/Cellar/python@3.12/3.12.5/Frameworks/Python.framework/Versions/3.12/lib/python3.12/lib-dynload/_heapq.cpython-312-darwin.so first seen with mtime 1724644387.3350086
DEBUG 2024-09-17 16:37:36,795 autoreload File /Users/kawamotonaoki/banhmilove/venv/lib/python3.12/site-packages/psycopg2/sql.py first seen with mtime 1726470534.0666113
DEBUG 2024-09-17 16:37:36,795 autoreload File /opt/homebrew/Cellar/python@3.12/3.12.5/Frameworks/Python.framework/Versions/3.12/lib/python3.12/lib-dynload/select.cpython-312-darwin.so first seen with mtime 1724644388.7275302
DEBUG 2024-09-17 16:37:36,795 autoreload File /Users/kawamotonaoki/banhmilove/venv/lib/python3.12/site-packages/django/contrib/admin/models.py first seen with mtime 1726468847.0752113
DEBUG 2024-09-17 16:37:36,795 autoreload File /Users/kawamotonaoki/banhmilove/venv/lib/python3.12/site-packages/django/contrib/contenttypes/management/__init__.py first seen with mtime 1726468847.3308516
DEBUG 2024-09-17 16:37:36,795 autoreload File /opt/homebrew/Cellar/python@3.12/3.12.5/Frameworks/Python.framework/Versions/3.12/lib/python3.12/quopri.py first seen with mtime 1722971329.0
DEBUG 2024-09-17 16:37:36,795 autoreload File /opt/homebrew/Cellar/python@3.12/3.12.5/Frameworks/Python.framework/Versions/3.12/lib/python3.12/lib-dynload/_zoneinfo.cpython-312-darwin.so first seen with mtime 1724644388.3310714
DEBUG 2024-09-17 16:37:36,795 autoreload File /Users/kawamotonaoki/banhmilove/venv/lib/python3.12/site-packages/psycopg2/_range.py first seen with mtime 1726470534.0649097
DEBUG 2024-09-17 16:37:36,795 autoreload File /opt/homebrew/Cellar/python@3.12/3.12.5/Frameworks/Python.framework/Versions/3.12/lib/python3.12/secrets.py first seen with mtime 1722971329.0
DEBUG 2024-09-17 16:37:36,795 autoreload File /Users/kawamotonaoki/banhmilove/venv/lib/python3.12/site-packages/django/forms/renderers.py first seen with mtime 1726468847.7965384
DEBUG 2024-09-17 16:37:36,795 autoreload File /Users/kawamotonaoki/banhmilove/venv/lib/python3.12/site-packages/urllib3/_version.py first seen with mtime 1726468845.598196
DEBUG 2024-09-17 16:37:36,795 autoreload File /Users/kawamotonaoki/banhmilove/venv/lib/python3.12/site-packages/requests/utils.py first seen with mtime 1726468846.657579
DEBUG 2024-09-17 16:37:36,795 autoreload File /opt/homebrew/Cellar/python@3.12/3.12.5/Frameworks/Python.framework/Versions/3.12/lib/python3.12/lib-dynload/_random.cpython-312-darwin.so first seen with mtime 1724644387.696608
DEBUG 2024-09-17 16:37:36,795 autoreload File /Users/kawamotonaoki/banhmilove/venv/lib/python3.12/site-packages/django/contrib/contenttypes/admin.py first seen with mtime 1726468847.2897675
DEBUG 2024-09-17 16:37:36,795 autoreload File /Users/kawamotonaoki/banhmilove/venv/lib/python3.12/site-packages/django/db/models/indexes.py first seen with mtime 1726468847.7766387
DEBUG 2024-09-17 16:37:36,795 autoreload File /opt/homebrew/Cellar/python@3.12/3.12.5/Frameworks/Python.framework/Versions/3.12/lib/python3.12/uuid.py first seen with mtime 1722971329.0
DEBUG 2024-09-17 16:37:36,796 autoreload File /Users/kawamotonaoki/banhmilove/venv/lib/python3.12/site-packages/django/core/management/base.py first seen with mtime 1726468847.7200193
DEBUG 2024-09-17 16:37:36,796 autoreload File /Users/kawamotonaoki/banhmilove/venv/lib/python3.12/site-packages/django/contrib/admin/templatetags/base.py first seen with mtime 1726468847.1865208
DEBUG 2024-09-17 16:37:36,796 autoreload File /Users/kawamotonaoki/banhmilove/venv/lib/python3.12/site-packages/requests/compat.py first seen with mtime 1726468846.6554615
DEBUG 2024-09-17 16:37:36,796 autoreload File /Users/kawamotonaoki/banhmilove/venv/lib/python3.12/site-packages/django/contrib/staticfiles/finders.py first seen with mtime 1726468847.696208
DEBUG 2024-09-17 16:37:36,796 autoreload File /Users/kawamotonaoki/banhmilove/venv/lib/python3.12/site-packages/django/core/checks/files.py first seen with mtime 1726468847.707091
DEBUG 2024-09-17 16:37:36,796 autoreload File /Users/kawamotonaoki/banhmilove/venv/lib/python3.12/site-packages/django/db/transaction.py first seen with mtime 1726468847.7344136
DEBUG 2024-09-17 16:37:36,796 autoreload File /opt/homebrew/Cellar/python@3.12/3.12.5/Frameworks/Python.framework/Versions/3.12/lib/python3.12/re/_parser.py first seen with mtime 1722971329.0
DEBUG 2024-09-17 16:37:36,796 autoreload File /Users/kawamotonaoki/banhmilove/venv/lib/python3.12/site-packages/requests/certs.py first seen with mtime 1726468846.6552806
DEBUG 2024-09-17 16:37:36,796 autoreload File /Users/kawamotonaoki/banhmilove/venv/lib/python3.12/site-packages/django/core/serializers/json.py first seen with mtime 1726468847.7312815
DEBUG 2024-09-17 16:37:36,796 autoreload File /opt/homebrew/Cellar/python@3.12/3.12.5/Frameworks/Python.framework/Versions/3.12/lib/python3.12/asyncio/subprocess.py first seen with mtime 1722971329.0
DEBUG 2024-09-17 16:37:36,796 autoreload File /Users/kawamotonaoki/banhmilove/venv/lib/python3.12/site-packages/google/auth/__init__.py first seen with mtime 1726468849.310433
DEBUG 2024-09-17 16:37:36,796 autoreload File /Users/kawamotonaoki/banhmilove/venv/lib/python3.12/site-packages/django/utils/functional.py first seen with mtime 1726468847.858789
DEBUG 2024-09-17 16:37:36,796 autoreload File /Users/kawamotonaoki/banhmilove/venv/lib/python3.12/site-packages/charset_normalizer/constant.py first seen with mtime 1726468846.5271833
DEBUG 2024-09-17 16:37:36,796 autoreload File /Users/kawamotonaoki/banhmilove/venv/lib/python3.12/site-packages/django/core/checks/translation.py first seen with mtime 1726468847.7086027
DEBUG 2024-09-17 16:37:36,796 autoreload File /opt/homebrew/Cellar/python@3.12/3.12.5/Frameworks/Python.framework/Versions/3.12/lib/python3.12/urllib/__init__.py first seen with mtime 1722971329.0
DEBUG 2024-09-17 16:37:36,796 autoreload File /Users/kawamotonaoki/banhmilove/venv/lib/python3.12/site-packages/django/contrib/admin/filters.py first seen with mtime 1726468847.0747442
DEBUG 2024-09-17 16:37:36,796 autoreload File /Users/kawamotonaoki/banhmilove/venv/lib/python3.12/site-packages/httplib2/socks.py first seen with mtime 1726468846.8964257
DEBUG 2024-09-17 16:37:36,796 autoreload File /Users/kawamotonaoki/banhmilove/venv/lib/python3.12/site-packages/django/contrib/staticfiles/management/__init__.py first seen with mtime 1726468847.6980507
DEBUG 2024-09-17 16:37:36,796 autoreload File /opt/homebrew/Cellar/python@3.12/3.12.5/Frameworks/Python.framework/Versions/3.12/lib/python3.12/wsgiref/__init__.py first seen with mtime 1722971329.0
DEBUG 2024-09-17 16:37:36,797 autoreload File /opt/homebrew/Cellar/python@3.12/3.12.5/Frameworks/Python.framework/Versions/3.12/lib/python3.12/lib-dynload/_ssl.cpython-312-darwin.so first seen with mtime 1724644387.9059868
DEBUG 2024-09-17 16:37:36,797 autoreload File /opt/homebrew/Cellar/python@3.12/3.12.5/Frameworks/Python.framework/Versions/3.12/lib/python3.12/difflib.py first seen with mtime 1722971329.0
DEBUG 2024-09-17 16:37:36,797 autoreload File /Users/kawamotonaoki/banhmilove/venv/lib/python3.12/site-packages/urllib3/poolmanager.py first seen with mtime 1726468845.6000264
DEBUG 2024-09-17 16:37:36,797 autoreload File /Users/kawamotonaoki/banhmilove/venv/lib/python3.12/site-packages/urllib3/util/timeout.py first seen with mtime 1726468845.6103005
DEBUG 2024-09-17 16:37:36,797 autoreload File /Users/kawamotonaoki/banhmilove/venv/lib/python3.12/site-packages/sqlparse/keywords.py first seen with mtime 1726468845.7427273
DEBUG 2024-09-17 16:37:36,797 autoreload File /opt/homebrew/Cellar/python@3.12/3.12.5/Frameworks/Python.framework/Versions/3.12/lib/python3.12/selectors.py first seen with mtime 1722971329.0
DEBUG 2024-09-17 16:37:36,797 autoreload File /Users/kawamotonaoki/banhmilove/venv/lib/python3.12/site-packages/django/template/engine.py first seen with mtime 1726468847.8366284
DEBUG 2024-09-17 16:37:36,797 autoreload File /Users/kawamotonaoki/banhmilove/venv/lib/python3.12/site-packages/django/contrib/auth/forms.py first seen with mtime 1726468847.2313898
DEBUG 2024-09-17 16:37:36,797 autoreload File /opt/homebrew/Cellar/python@3.12/3.12.5/Frameworks/Python.framework/Versions/3.12/lib/python3.12/urllib/response.py first seen with mtime 1722971329.0
DEBUG 2024-09-17 16:37:36,797 autoreload File /opt/homebrew/Cellar/python@3.12/3.12.5/Frameworks/Python.framework/Versions/3.12/lib/python3.12/wsgiref/util.py first seen with mtime 1722971329.0
DEBUG 2024-09-17 16:37:36,797 autoreload File /Users/kawamotonaoki/banhmilove/banhmilove_project/settings.py first seen with mtime 1726558617.658692
DEBUG 2024-09-17 16:37:36,797 autoreload File /Users/kawamotonaoki/banhmilove/venv/lib/python3.12/site-packages/charset_normalizer/legacy.py first seen with mtime 1726468846.5210087
DEBUG 2024-09-17 16:37:36,797 autoreload File /Users/kawamotonaoki/banhmilove/venv/lib/python3.12/site-packages/django/contrib/sessions/backends/__init__.py first seen with mtime 1726468847.5842533
DEBUG 2024-09-17 16:37:36,797 autoreload File /opt/homebrew/Cellar/python@3.12/3.12.5/Frameworks/Python.framework/Versions/3.12/lib/python3.12/urllib/parse.py first seen with mtime 1722971329.0
DEBUG 2024-09-17 16:37:36,797 autoreload File /opt/homebrew/Cellar/python@3.12/3.12.5/Frameworks/Python.framework/Versions/3.12/lib/python3.12/subprocess.py first seen with mtime 1722971329.0
DEBUG 2024-09-17 16:37:36,797 autoreload File /opt/homebrew/Cellar/python@3.12/3.12.5/Frameworks/Python.framework/Versions/3.12/lib/python3.12/signal.py first seen with mtime 1722971329.0
DEBUG 2024-09-17 16:37:36,797 autoreload File /opt/homebrew/Cellar/python@3.12/3.12.5/Frameworks/Python.framework/Versions/3.12/lib/python3.12/concurrent/futures/thread.py first seen with mtime 1722971329.0
DEBUG 2024-09-17 16:37:36,797 autoreload File /Users/kawamotonaoki/banhmilove/venv/lib/python3.12/site-packages/django/db/models/enums.py first seen with mtime 1726468847.7756002
DEBUG 2024-09-17 16:37:36,797 autoreload File /Users/kawamotonaoki/banhmilove/venv/lib/python3.12/site-packages/django/utils/crypto.py first seen with mtime 1726468847.8538098
DEBUG 2024-09-17 16:37:36,797 autoreload File /Users/kawamotonaoki/banhmilove/venv/lib/python3.12/site-packages/django/core/files/__init__.py first seen with mtime 1726468847.7109187
DEBUG 2024-09-17 16:37:36,797 autoreload File /Users/kawamotonaoki/banhmilove/venv/lib/python3.12/site-packages/django/utils/http.py first seen with mtime 1726468847.8599494
DEBUG 2024-09-17 16:37:36,797 autoreload File /Users/kawamotonaoki/banhmilove/venv/lib/python3.12/site-packages/django/template/utils.py first seen with mtime 1726468847.8398473
DEBUG 2024-09-17 16:37:36,797 autoreload File /Users/kawamotonaoki/banhmilove/venv/lib/python3.12/site-packages/urllib3/_base_connection.py first seen with mtime 1726468845.5974548
DEBUG 2024-09-17 16:37:36,797 autoreload File /Users/kawamotonaoki/banhmilove/venv/lib/python3.12/site-packages/urllib3/_request_methods.py first seen with mtime 1726468845.5979595
DEBUG 2024-09-17 16:37:36,797 autoreload File /Users/kawamotonaoki/banhmilove/venv/lib/python3.12/site-packages/pyasn1_modules/rfc5208.py first seen with mtime 1726468846.705297
DEBUG 2024-09-17 16:37:36,797 autoreload File /opt/homebrew/Cellar/python@3.12/3.12.5/Frameworks/Python.framework/Versions/3.12/lib/python3.12/pickle.py first seen with mtime 1722971329.0
DEBUG 2024-09-17 16:37:36,798 autoreload File /Users/kawamotonaoki/banhmilove/venv/lib/python3.12/site-packages/pyasn1/type/tag.py first seen with mtime 1726468845.9289777
DEBUG 2024-09-17 16:37:36,798 autoreload File /Users/kawamotonaoki/banhmilove/venv/lib/python3.12/site-packages/charset_normalizer/version.py first seen with mtime 1726468846.5206628
DEBUG 2024-09-17 16:37:36,798 autoreload File /Users/kawamotonaoki/banhmilove/venv/lib/python3.12/site-packages/google/auth/transport/__init__.py first seen with mtime 1726468849.3187294
DEBUG 2024-09-17 16:37:36,798 autoreload File /opt/homebrew/Cellar/python@3.12/3.12.5/Frameworks/Python.framework/Versions/3.12/lib/python3.12/json/decoder.py first seen with mtime 1722971329.0
DEBUG 2024-09-17 16:37:36,798 autoreload File /Users/kawamotonaoki/banhmilove/venv/lib/python3.12/site-packages/django/urls/utils.py first seen with mtime 1726468847.8512821
DEBUG 2024-09-17 16:37:36,798 autoreload File /Users/kawamotonaoki/banhmilove/venv/lib/python3.12/site-packages/django/contrib/staticfiles/management/commands/runserver.py first seen with mtime 1726468847.6992347
DEBUG 2024-09-17 16:37:36,798 autoreload File /opt/homebrew/Cellar/python@3.12/3.12.5/Frameworks/Python.framework/Versions/3.12/lib/python3.12/lib-dynload/_json.cpython-312-darwin.so first seen with mtime 1724644387.364618
DEBUG 2024-09-17 16:37:36,798 autoreload File /Users/kawamotonaoki/banhmilove/venv/lib/python3.12/site-packages/django/template/__init__.py first seen with mtime 1726468847.8333726
DEBUG 2024-09-17 16:37:36,798 autoreload File /Users/kawamotonaoki/banhmilove/venv/lib/python3.12/site-packages/django/contrib/admin/views/autocomplete.py first seen with mtime 1726468847.1869469
DEBUG 2024-09-17 16:37:36,798 autoreload File /Users/kawamotonaoki/banhmilove/venv/lib/python3.12/site-packages/django/core/files/base.py first seen with mtime 1726468847.711198
DEBUG 2024-09-17 16:37:36,798 autoreload File /Users/kawamotonaoki/banhmilove/venv/lib/python3.12/site-packages/django/db/models/base.py first seen with mtime 1726468847.7739348
DEBUG 2024-09-17 16:37:36,798 autoreload File /opt/homebrew/Cellar/python@3.12/3.12.5/Frameworks/Python.framework/Versions/3.12/lib/python3.12/email/mime/nonmultipart.py first seen with mtime 1722971329.0
DEBUG 2024-09-17 16:37:36,798 autoreload File /Users/kawamotonaoki/banhmilove/venv/lib/python3.12/site-packages/sqlparse/filters/tokens.py first seen with mtime 1726468845.7480407
DEBUG 2024-09-17 16:37:36,798 autoreload File /Users/kawamotonaoki/banhmilove/venv/lib/python3.12/site-packages/googleapiclient/_helpers.py first seen with mtime 1726468849.516556
DEBUG 2024-09-17 16:37:36,798 autoreload File /opt/homebrew/Cellar/python@3.12/3.12.5/Frameworks/Python.framework/Versions/3.12/lib/python3.12/http/server.py first seen with mtime 1722971329.0
DEBUG 2024-09-17 16:37:36,798 autoreload File /opt/homebrew/Cellar/python@3.12/3.12.5/Frameworks/Python.framework/Versions/3.12/lib/python3.12/importlib/resources/__init__.py first seen with mtime 1722971329.0
DEBUG 2024-09-17 16:37:36,798 autoreload File /opt/homebrew/Cellar/python@3.12/3.12.5/Frameworks/Python.framework/Versions/3.12/lib/python3.12/lib-dynload/_hashlib.cpython-312-darwin.so first seen with mtime 1724644387.3053753
DEBUG 2024-09-17 16:37:36,798 autoreload File /Users/kawamotonaoki/banhmilove/venv/lib/python3.12/site-packages/django/core/management/__init__.py first seen with mtime 1726468847.7197113
DEBUG 2024-09-17 16:37:36,798 autoreload File /Users/kawamotonaoki/banhmilove/venv/lib/python3.12/site-packages/django/contrib/staticfiles/handlers.py first seen with mtime 1726468847.696608
DEBUG 2024-09-17 16:37:36,798 autoreload File /Users/kawamotonaoki/banhmilove/venv/lib/python3.12/site-packages/django/core/checks/async_checks.py first seen with mtime 1726468847.7063606
DEBUG 2024-09-17 16:37:36,798 autoreload File /opt/homebrew/Cellar/python@3.12/3.12.5/Frameworks/Python.framework/Versions/3.12/lib/python3.12/gzip.py first seen with mtime 1722971329.0
DEBUG 2024-09-17 16:37:36,798 autoreload File /Users/kawamotonaoki/banhmilove/venv/lib/python3.12/site-packages/django/contrib/admin/templatetags/log.py first seen with mtime 1726468847.1866705
DEBUG 2024-09-17 16:37:36,798 autoreload File /opt/homebrew/Cellar/python@3.12/3.12.5/Frameworks/Python.framework/Versions/3.12/lib/python3.12/ast.py first seen with mtime 1722971329.0
DEBUG 2024-09-17 16:37:36,798 autoreload File /Users/kawamotonaoki/banhmilove/venv/lib/python3.12/site-packages/pyasn1/type/error.py first seen with mtime 1726468845.9269042
DEBUG 2024-09-17 16:37:36,798 autoreload File /Users/kawamotonaoki/banhmilove/venv/lib/python3.12/site-packages/django/utils/encoding.py first seen with mtime 1726468847.857274
DEBUG 2024-09-17 16:37:36,798 autoreload File /opt/homebrew/Cellar/python@3.12/3.12.5/Frameworks/Python.framework/Versions/3.12/lib/python3.12/zoneinfo/__init__.py first seen with mtime 1722971329.0
DEBUG 2024-09-17 16:37:36,798 autoreload File /Users/kawamotonaoki/banhmilove/venv/lib/python3.12/site-packages/pyparsing/actions.py first seen with mtime 1726468845.790025
DEBUG 2024-09-17 16:37:36,798 autoreload File /Users/kawamotonaoki/banhmilove/venv/lib/python3.12/site-packages/django/utils/decorators.py first seen with mtime 1726468847.8561862
DEBUG 2024-09-17 16:37:36,798 autoreload File /Users/kawamotonaoki/banhmilove/venv/lib/python3.12/site-packages/sqlparse/filters/aligned_indent.py first seen with mtime 1726468845.7466118
DEBUG 2024-09-17 16:37:36,799 autoreload File /Users/kawamotonaoki/banhmilove/venv/lib/python3.12/site-packages/django/core/checks/__init__.py first seen with mtime 1726468847.7061107
DEBUG 2024-09-17 16:37:36,799 autoreload File /opt/homebrew/Cellar/python@3.12/3.12.5/Frameworks/Python.framework/Versions/3.12/lib/python3.12/email/policy.py first seen with mtime 1722971329.0
DEBUG 2024-09-17 16:37:36,799 autoreload File /Users/kawamotonaoki/banhmilove/venv/lib/python3.12/site-packages/django/contrib/admin/views/main.py first seen with mtime 1726468847.1872375
DEBUG 2024-09-17 16:37:36,799 autoreload File /opt/homebrew/Cellar/python@3.12/3.12.5/Frameworks/Python.framework/Versions/3.12/lib/python3.12/lib-dynload/_opcode.cpython-312-darwin.so first seen with mtime 1724644387.543922
DEBUG 2024-09-17 16:37:36,799 autoreload File /opt/homebrew/Cellar/python@3.12/3.12.5/Frameworks/Python.framework/Versions/3.12/lib/python3.12/sitecustomize.py first seen with mtime 1724644389.0177665
DEBUG 2024-09-17 16:37:36,799 autoreload File /Users/kawamotonaoki/banhmilove/venv/lib/python3.12/site-packages/django/dispatch/dispatcher.py first seen with mtime 1726468847.7931058
DEBUG 2024-09-17 16:37:36,799 autoreload File /opt/homebrew/Cellar/python@3.12/3.12.5/Frameworks/Python.framework/Versions/3.12/lib/python3.12/re/__init__.py first seen with mtime 1722971329.0
DEBUG 2024-09-17 16:37:36,799 autoreload File /Users/kawamotonaoki/banhmilove/venv/lib/python3.12/site-packages/urllib3/util/request.py first seen with mtime 1726468845.6056216
DEBUG 2024-09-17 16:37:36,799 autoreload File /Users/kawamotonaoki/banhmilove/venv/lib/python3.12/site-packages/pyasn1/__init__.py first seen with mtime 1726468845.9080029
DEBUG 2024-09-17 16:37:36,799 autoreload File /Users/kawamotonaoki/banhmilove/venv/lib/python3.12/site-packages/django/utils/autoreload.py first seen with mtime 1726468847.8528042
DEBUG 2024-09-17 16:37:36,799 autoreload File /Users/kawamotonaoki/banhmilove/venv/lib/python3.12/site-packages/django/contrib/sessions/backends/base.py first seen with mtime 1726468847.584607
DEBUG 2024-09-17 16:37:36,799 autoreload File /Users/kawamotonaoki/banhmilove/venv/lib/python3.12/site-packages/google/auth/credentials.py first seen with mtime 1726468849.3136222
DEBUG 2024-09-17 16:37:36,799 autoreload File /Users/kawamotonaoki/banhmilove/venv/lib/python3.12/site-packages/django/db/backends/signals.py first seen with mtime 1726468847.736061
DEBUG 2024-09-17 16:37:36,799 autoreload File /opt/homebrew/Cellar/python@3.12/3.12.5/Frameworks/Python.framework/Versions/3.12/lib/python3.12/importlib/resources/_common.py first seen with mtime 1722971329.0
DEBUG 2024-09-17 16:37:36,799 autoreload File /opt/homebrew/Cellar/python@3.12/3.12.5/Frameworks/Python.framework/Versions/3.12/lib/python3.12/ssl.py first seen with mtime 1722971329.0
DEBUG 2024-09-17 16:37:36,799 autoreload File /opt/homebrew/Cellar/python@3.12/3.12.5/Frameworks/Python.framework/Versions/3.12/lib/python3.12/http/cookies.py first seen with mtime 1722971329.0
DEBUG 2024-09-17 16:37:36,799 autoreload File /opt/homebrew/Cellar/python@3.12/3.12.5/Frameworks/Python.framework/Versions/3.12/lib/python3.12/zipfile/_path/__init__.py first seen with mtime 1722971329.0
DEBUG 2024-09-17 16:37:36,799 autoreload File /Users/kawamotonaoki/banhmilove/venv/lib/python3.12/site-packages/django/utils/itercompat.py first seen with mtime 1726468847.8606699
DEBUG 2024-09-17 16:37:36,799 autoreload File /opt/homebrew/Cellar/python@3.12/3.12.5/Frameworks/Python.framework/Versions/3.12/lib/python3.12/heapq.py first seen with mtime 1722971329.0
DEBUG 2024-09-17 16:37:36,799 autoreload File /Users/kawamotonaoki/banhmilove/venv/lib/python3.12/site-packages/charset_normalizer/models.py first seen with mtime 1726468846.5214531
DEBUG 2024-09-17 16:37:36,799 autoreload File /Users/kawamotonaoki/banhmilove/venv/lib/python3.12/site-packages/django/core/files/storage/base.py first seen with mtime 1726468847.7137017
DEBUG 2024-09-17 16:37:36,799 autoreload File /opt/homebrew/Cellar/python@3.12/3.12.5/Frameworks/Python.framework/Versions/3.12/lib/python3.12/queue.py first seen with mtime 1722971329.0
DEBUG 2024-09-17 16:37:36,799 autoreload File /opt/homebrew/Cellar/python@3.12/3.12.5/Frameworks/Python.framework/Versions/3.12/lib/python3.12/operator.py first seen with mtime 1722971329.0
DEBUG 2024-09-17 16:37:36,799 autoreload File /Users/kawamotonaoki/banhmilove/venv/lib/python3.12/site-packages/django/core/handlers/wsgi.py first seen with mtime 1726468847.7166343
DEBUG 2024-09-17 16:37:36,799 autoreload File /Users/kawamotonaoki/banhmilove/venv/lib/python3.12/site-packages/sqlparse/formatter.py first seen with mtime 1726468845.7424932
DEBUG 2024-09-17 16:37:36,799 autoreload File /Users/kawamotonaoki/banhmilove/venv/lib/python3.12/site-packages/django/contrib/admin/checks.py first seen with mtime 1726468847.0743039
DEBUG 2024-09-17 16:37:36,799 autoreload File /Users/kawamotonaoki/banhmilove/venv/lib/python3.12/site-packages/django/forms/models.py first seen with mtime 1726468847.7962215
DEBUG 2024-09-17 16:37:36,799 autoreload File /Users/kawamotonaoki/banhmilove/venv/lib/python3.12/site-packages/django/core/handlers/exception.py first seen with mtime 1726468847.716344
DEBUG 2024-09-17 16:37:36,800 autoreload File /opt/homebrew/Cellar/python@3.12/3.12.5/Frameworks/Python.framework/Versions/3.12/lib/python3.12/decimal.py first seen with mtime 1722971329.0
DEBUG 2024-09-17 16:37:36,800 autoreload File /Users/kawamotonaoki/banhmilove/venv/lib/python3.12/site-packages/pyasn1/type/opentype.py first seen with mtime 1726468845.928278
DEBUG 2024-09-17 16:37:36,800 autoreload File /Users/kawamotonaoki/banhmilove/venv/lib/python3.12/site-packages/django/contrib/auth/middleware.py first seen with mtime 1726468847.2316995
DEBUG 2024-09-17 16:37:36,800 autoreload File /Users/kawamotonaoki/banhmilove/venv/lib/python3.12/site-packages/urllib3/util/__init__.py first seen with mtime 1726468845.6038828
DEBUG 2024-09-17 16:37:36,801 autoreload File /Users/kawamotonaoki/banhmilove/banhmilove_project/__init__.py first seen with mtime 1726401000.6866286
DEBUG 2024-09-17 16:37:36,801 autoreload File /Users/kawamotonaoki/banhmilove/venv/lib/python3.12/site-packages/requests/_internal_utils.py first seen with mtime 1726468846.6542685
DEBUG 2024-09-17 16:37:36,801 autoreload File /Users/kawamotonaoki/banhmilove/venv/lib/python3.12/site-packages/django/middleware/security.py first seen with mtime 1726468847.8329659
DEBUG 2024-09-17 16:37:36,801 autoreload File /Users/kawamotonaoki/banhmilove/venv/lib/python3.12/site-packages/pyasn1_modules/rfc2251.py first seen with mtime 1726468846.695396
DEBUG 2024-09-17 16:37:36,801 autoreload File /opt/homebrew/Cellar/python@3.12/3.12.5/Frameworks/Python.framework/Versions/3.12/lib/python3.12/collections/__init__.py first seen with mtime 1722971329.0
DEBUG 2024-09-17 16:37:36,801 autoreload File /Users/kawamotonaoki/banhmilove/venv/lib/python3.12/site-packages/django/db/models/fields/related_lookups.py first seen with mtime 1726468847.784683
DEBUG 2024-09-17 16:37:36,801 autoreload File /Users/kawamotonaoki/banhmilove/venv/lib/python3.12/site-packages/django/core/checks/security/sessions.py first seen with mtime 1726468847.7106013
DEBUG 2024-09-17 16:37:36,801 autoreload File /Users/kawamotonaoki/banhmilove/venv/lib/python3.12/site-packages/requests/__init__.py first seen with mtime 1726468846.6538646
DEBUG 2024-09-17 16:37:36,801 autoreload File /Users/kawamotonaoki/banhmilove/venv/lib/python3.12/site-packages/django/utils/translation/trans_real.py first seen with mtime 1726468847.8670497
DEBUG 2024-09-17 16:37:36,801 autoreload File /opt/homebrew/Cellar/python@3.12/3.12.5/Frameworks/Python.framework/Versions/3.12/lib/python3.12/locale.py first seen with mtime 1722971329.0
DEBUG 2024-09-17 16:37:36,801 autoreload File /opt/homebrew/Cellar/python@3.12/3.12.5/Frameworks/Python.framework/Versions/3.12/lib/python3.12/lzma.py first seen with mtime 1722971329.0
DEBUG 2024-09-17 16:37:36,801 autoreload File /opt/homebrew/Cellar/python@3.12/3.12.5/Frameworks/Python.framework/Versions/3.12/lib/python3.12/ipaddress.py first seen with mtime 1722971329.0
DEBUG 2024-09-17 16:37:36,801 autoreload File /Users/kawamotonaoki/banhmilove/venv/lib/python3.12/site-packages/django/contrib/admin/helpers.py first seen with mtime 1726468847.075038
DEBUG 2024-09-17 16:37:36,801 autoreload File /Users/kawamotonaoki/banhmilove/venv/lib/python3.12/site-packages/django/contrib/auth/signals.py first seen with mtime 1726468847.2323167
DEBUG 2024-09-17 16:37:36,801 autoreload File /Users/kawamotonaoki/banhmilove/venv/lib/python3.12/site-packages/django/views/debug.py first seen with mtime 1726468847.8681078
DEBUG 2024-09-17 16:37:36,801 autoreload File /Users/kawamotonaoki/banhmilove/venv/lib/python3.12/site-packages/idna/core.py first seen with mtime 1726468846.3431222
DEBUG 2024-09-17 16:37:36,802 autoreload File /Users/kawamotonaoki/banhmilove/venv/lib/python3.12/site-packages/django/__init__.py first seen with mtime 1726468847.0017502
DEBUG 2024-09-17 16:37:36,802 autoreload File /opt/homebrew/Cellar/python@3.12/3.12.5/Frameworks/Python.framework/Versions/3.12/lib/python3.12/lib-dynload/_decimal.cpython-312-darwin.so first seen with mtime 1724644387.245572
DEBUG 2024-09-17 16:37:36,802 autoreload File /Users/kawamotonaoki/banhmilove/venv/lib/python3.12/site-packages/google/auth/crypt/_python_rsa.py first seen with mtime 1726468849.3179064
DEBUG 2024-09-17 16:37:36,802 autoreload File /Users/kawamotonaoki/banhmilove/venv/lib/python3.12/site-packages/pyasn1_modules/__init__.py first seen with mtime 1726468846.6942422
DEBUG 2024-09-17 16:37:36,802 autoreload File /Users/kawamotonaoki/banhmilove/venv/lib/python3.12/site-packages/requests/__version__.py first seen with mtime 1726468846.6540768
DEBUG 2024-09-17 16:37:36,802 autoreload File /Users/kawamotonaoki/banhmilove/venv/lib/python3.12/site-packages/django/contrib/messages/storage/__init__.py first seen with mtime 1726468847.493555
DEBUG 2024-09-17 16:37:36,802 autoreload File /Users/kawamotonaoki/banhmilove/venv/lib/python3.12/site-packages/google/oauth2/service_account.py first seen with mtime 1726468849.324603
DEBUG 2024-09-17 16:37:36,802 autoreload File /opt/homebrew/Cellar/python@3.12/3.12.5/Frameworks/Python.framework/Versions/3.12/lib/python3.12/asyncio/streams.py first seen with mtime 1722971329.0
DEBUG 2024-09-17 16:37:36,802 autoreload File /Users/kawamotonaoki/banhmilove/venv/lib/python3.12/site-packages/urllib3/fields.py first seen with mtime 1726468845.599393
DEBUG 2024-09-17 16:37:36,802 autoreload File /Users/kawamotonaoki/banhmilove/venv/lib/python3.12/site-packages/certifi/core.py first seen with mtime 1726468846.5809026
DEBUG 2024-09-17 16:37:36,802 autoreload File /Users/kawamotonaoki/banhmilove/venv/lib/python3.12/site-packages/pyparsing/helpers.py first seen with mtime 1726468845.7918143
DEBUG 2024-09-17 16:37:36,802 autoreload File /opt/homebrew/Cellar/python@3.12/3.12.5/Frameworks/Python.framework/Versions/3.12/lib/python3.12/calendar.py first seen with mtime 1722971329.0
DEBUG 2024-09-17 16:37:36,802 autoreload File /Users/kawamotonaoki/banhmilove/venv/lib/python3.12/site-packages/googleapiclient/_auth.py first seen with mtime 1726468849.516322
DEBUG 2024-09-17 16:37:36,802 autoreload File /Users/kawamotonaoki/banhmilove/venv/lib/python3.12/site-packages/django/utils/topological_sort.py first seen with mtime 1726468847.864645
DEBUG 2024-09-17 16:37:36,802 autoreload File /Users/kawamotonaoki/banhmilove/venv/lib/python3.12/site-packages/django/db/models/sql/constants.py first seen with mtime 1726468847.7898762
DEBUG 2024-09-17 16:37:36,802 autoreload File /Users/kawamotonaoki/banhmilove/venv/lib/python3.12/site-packages/pyparsing/common.py first seen with mtime 1726468845.7903175
DEBUG 2024-09-17 16:37:36,802 autoreload File /Users/kawamotonaoki/banhmilove/venv/lib/python3.12/site-packages/urllib3/response.py first seen with mtime 1726468845.6004412
DEBUG 2024-09-17 16:37:36,802 autoreload File /Users/kawamotonaoki/banhmilove/venv/lib/python3.12/site-packages/django/contrib/sessions/models.py first seen with mtime 1726468847.5839024
DEBUG 2024-09-17 16:37:36,802 autoreload File /Users/kawamotonaoki/banhmilove/venv/lib/python3.12/site-packages/django/db/backends/postgresql/schema.py first seen with mtime 1726468847.7552898
DEBUG 2024-09-17 16:37:36,802 autoreload File /Users/kawamotonaoki/banhmilove/venv/lib/python3.12/site-packages/rsa/__init__.py first seen with mtime 1726468846.626904
DEBUG 2024-09-17 16:37:36,802 autoreload File /Users/kawamotonaoki/banhmilove/venv/lib/python3.12/site-packages/django/views/decorators/debug.py first seen with mtime 1726468847.870532
DEBUG 2024-09-17 16:37:36,802 autoreload File /Users/kawamotonaoki/banhmilove/venv/lib/python3.12/site-packages/django/utils/timesince.py first seen with mtime 1726468847.8640075
DEBUG 2024-09-17 16:37:36,803 autoreload File /opt/homebrew/Cellar/python@3.12/3.12.5/Frameworks/Python.framework/Versions/3.12/lib/python3.12/wsgiref/headers.py first seen with mtime 1722971329.0
DEBUG 2024-09-17 16:37:36,803 autoreload File /opt/homebrew/Cellar/python@3.12/3.12.5/Frameworks/Python.framework/Versions/3.12/lib/python3.12/_compression.py first seen with mtime 1722971329.0
DEBUG 2024-09-17 16:37:36,803 autoreload File /Users/kawamotonaoki/banhmilove/venv/lib/python3.12/site-packages/django/db/models/aggregates.py first seen with mtime 1726468847.7731955
DEBUG 2024-09-17 16:37:36,803 autoreload File /Users/kawamotonaoki/banhmilove/venv/lib/python3.12/site-packages/django/db/models/functions/math.py first seen with mtime 1726468847.7872734
DEBUG 2024-09-17 16:37:36,803 autoreload File /opt/homebrew/Cellar/python@3.12/3.12.5/Frameworks/Python.framework/Versions/3.12/lib/python3.12/importlib/resources/_adapters.py first seen with mtime 1722971329.0
DEBUG 2024-09-17 16:37:36,803 autoreload File /Users/kawamotonaoki/banhmilove/venv/lib/python3.12/site-packages/django/core/files/uploadhandler.py first seen with mtime 1726468847.7128646
DEBUG 2024-09-17 16:37:36,803 autoreload File /Users/kawamotonaoki/banhmilove/venv/lib/python3.12/site-packages/django/db/models/functions/__init__.py first seen with mtime 1726468847.7857432
DEBUG 2024-09-17 16:37:36,803 autoreload File /opt/homebrew/Cellar/python@3.12/3.12.5/Frameworks/Python.framework/Versions/3.12/lib/python3.12/collections/abc.py first seen with mtime 1722971329.0
DEBUG 2024-09-17 16:37:36,803 autoreload File /Users/kawamotonaoki/banhmilove/venv/lib/python3.12/site-packages/django/db/backends/base/base.py first seen with mtime 1726468847.7375987
DEBUG 2024-09-17 16:37:36,803 autoreload File /Users/kawamotonaoki/banhmilove/venv/lib/python3.12/site-packages/sqlparse/filters/others.py first seen with mtime 1726468845.7471268
DEBUG 2024-09-17 16:37:36,803 autoreload File /Users/kawamotonaoki/banhmilove/venv/lib/python3.12/site-packages/django/contrib/contenttypes/forms.py first seen with mtime 1726468847.2904725
DEBUG 2024-09-17 16:37:36,803 autoreload File /Users/kawamotonaoki/banhmilove/venv/lib/python3.12/site-packages/django/db/backends/base/schema.py first seen with mtime 1726468847.7405999
DEBUG 2024-09-17 16:37:36,803 autoreload File /Users/kawamotonaoki/banhmilove/venv/lib/python3.12/site-packages/rsa/key.py first seen with mtime 1726468846.628543
DEBUG 2024-09-17 16:37:36,803 autoreload File /opt/homebrew/Cellar/python@3.12/3.12.5/Frameworks/Python.framework/Versions/3.12/lib/python3.12/functools.py first seen with mtime 1722971329.0
DEBUG 2024-09-17 16:37:36,803 autoreload File /Users/kawamotonaoki/banhmilove/venv/lib/python3.12/site-packages/django/core/mail/__init__.py first seen with mtime 1726468847.7170093
DEBUG 2024-09-17 16:37:36,803 autoreload File /opt/homebrew/Cellar/python@3.12/3.12.5/Frameworks/Python.framework/Versions/3.12/lib/python3.12/socketserver.py first seen with mtime 1722971329.0
DEBUG 2024-09-17 16:37:36,803 autoreload File /Users/kawamotonaoki/banhmilove/venv/lib/python3.12/site-packages/googleapiclient/version.py first seen with mtime 1726468849.519062
DEBUG 2024-09-17 16:37:36,803 autoreload File /Users/kawamotonaoki/banhmilove/banhmilove_app/apps.py first seen with mtime 1726400992.2017882
DEBUG 2024-09-17 16:37:36,803 autoreload File /opt/homebrew/Cellar/python@3.12/3.12.5/Frameworks/Python.framework/Versions/3.12/lib/python3.12/logging/__init__.py first seen with mtime 1722971329.0
DEBUG 2024-09-17 16:37:36,803 autoreload File /Users/kawamotonaoki/banhmilove/venv/lib/python3.12/site-packages/urllib3/util/response.py first seen with mtime 1726468845.6059368
DEBUG 2024-09-17 16:37:36,803 autoreload File /opt/homebrew/Cellar/python@3.12/3.12.5/Frameworks/Python.framework/Versions/3.12/lib/python3.12/base64.py first seen with mtime 1722971329.0
DEBUG 2024-09-17 16:37:36,803 autoreload File /Users/kawamotonaoki/banhmilove/banhmilove_app/templates/.DS_Store first seen with mtime 1726400990.1483223
DEBUG 2024-09-17 16:37:36,804 autoreload File /Users/kawamotonaoki/banhmilove/banhmilove_app/templates/banhmilove_app first seen with mtime 1726400990.6137369
DEBUG 2024-09-17 16:37:36,804 autoreload File /Users/kawamotonaoki/banhmilove/banhmilove_app/templates/banhmilove_app/home.html first seen with mtime 1726400990.4999332
DEBUG 2024-09-17 16:37:36,804 autoreload File /Users/kawamotonaoki/banhmilove/banhmilove_app/templates/banhmilove_app/about.html first seen with mtime 1726400990.3608065
DEBUG 2024-09-17 16:37:36,804 autoreload File /Users/kawamotonaoki/banhmilove/banhmilove_app/templates/banhmilove_app/new_store.html first seen with mtime 1726400990.5475574
DEBUG 2024-09-17 16:37:36,804 autoreload File /Users/kawamotonaoki/banhmilove/banhmilove_app/templates/banhmilove_app/base.html first seen with mtime 1726400990.6383114
DEBUG 2024-09-17 16:37:36,804 autoreload File /Users/kawamotonaoki/banhmilove/banhmilove_app/templates/banhmilove_app/analysis.html first seen with mtime 1726400990.4069161
DEBUG 2024-09-17 16:37:36,804 autoreload File /Users/kawamotonaoki/banhmilove/banhmilove_app/templates/banhmilove_app/rank.html first seen with mtime 1726400990.3115845
DEBUG 2024-09-17 16:37:36,804 autoreload File /Users/kawamotonaoki/banhmilove/banhmilove_app/templates/banhmilove_app/news.html first seen with mtime 1726400990.593069
DEBUG 2024-09-17 16:37:36,804 autoreload File /Users/kawamotonaoki/banhmilove/banhmilove_app/templates/banhmilove_app/about_us.html first seen with mtime 1726400990.2647004
DEBUG 2024-09-17 16:37:36,804 autoreload File /Users/kawamotonaoki/banhmilove/banhmilove_app/templates/banhmilove_app/store_list.html first seen with mtime 1726400990.4537654
DEBUG 2024-09-17 16:37:37,857 autoreload File /Users/kawamotonaoki/banhmilove/banhmilove_app/migrations/0003_store_registered_date.py first seen with mtime 1726400991.9352596
DEBUG 2024-09-17 16:37:37,858 autoreload File /Users/kawamotonaoki/banhmilove/venv/lib/python3.12/site-packages/django/contrib/admin/migrations/0003_logentry_add_action_flag_choices.py first seen with mtime 1726468847.1564882
DEBUG 2024-09-17 16:37:37,858 autoreload File /Users/kawamotonaoki/banhmilove/banhmilove_app/migrations/0004_store_registered_month.py first seen with mtime 1726400992.0814629
DEBUG 2024-09-17 16:37:37,858 autoreload File /Users/kawamotonaoki/banhmilove/venv/lib/python3.12/site-packages/django/contrib/auth/migrations/__init__.py first seen with mtime 1726468847.2888153
DEBUG 2024-09-17 16:37:37,858 autoreload File /Users/kawamotonaoki/banhmilove/venv/lib/python3.12/site-packages/django/contrib/auth/migrations/0011_update_proxy_permissions.py first seen with mtime 1726468847.288554
DEBUG 2024-09-17 16:37:37,858 autoreload File /Users/kawamotonaoki/banhmilove/venv/lib/python3.12/site-packages/django/contrib/admin/migrations/0001_initial.py first seen with mtime 1726468847.156207
DEBUG 2024-09-17 16:37:37,858 autoreload File /Users/kawamotonaoki/banhmilove/venv/lib/python3.12/site-packages/django/contrib/auth/migrations/0006_require_contenttypes_0002.py first seen with mtime 1726468847.287532
DEBUG 2024-09-17 16:37:37,858 autoreload File /Users/kawamotonaoki/banhmilove/venv/lib/python3.12/site-packages/django/conf/urls/__init__.py first seen with mtime 1726468847.0732393
DEBUG 2024-09-17 16:37:37,858 autoreload File /Users/kawamotonaoki/banhmilove/venv/lib/python3.12/site-packages/django/contrib/auth/migrations/0005_alter_user_last_login_null.py first seen with mtime 1726468847.2873688
DEBUG 2024-09-17 16:37:37,858 autoreload File /Users/kawamotonaoki/banhmilove/venv/lib/python3.12/site-packages/django/contrib/sessions/migrations/0001_initial.py first seen with mtime 1726468847.6310077
DEBUG 2024-09-17 16:37:37,859 autoreload File /Users/kawamotonaoki/banhmilove/banhmilove_project/wsgi.py first seen with mtime 1726401000.506717
DEBUG 2024-09-17 16:37:37,859 autoreload File /Users/kawamotonaoki/banhmilove/banhmilove_app/migrations/0001_initial.py first seen with mtime 1726400991.9887896
DEBUG 2024-09-17 16:37:37,859 autoreload File /Users/kawamotonaoki/banhmilove/venv/lib/python3.12/site-packages/django/db/migrations/loader.py first seen with mtime 1726468847.7662725
DEBUG 2024-09-17 16:37:37,859 autoreload File /Users/kawamotonaoki/banhmilove/venv/lib/python3.12/site-packages/django/contrib/sessions/migrations/__init__.py first seen with mtime 1726468847.6310976
DEBUG 2024-09-17 16:37:37,859 autoreload File /Users/kawamotonaoki/banhmilove/venv/lib/python3.12/site-packages/django/contrib/auth/migrations/0004_alter_user_username_opts.py first seen with mtime 1726468847.2872183
DEBUG 2024-09-17 16:37:37,859 autoreload File /Users/kawamotonaoki/banhmilove/venv/lib/python3.12/site-packages/django/contrib/auth/migrations/0010_alter_group_name_max_length.py first seen with mtime 1726468847.2883625
DEBUG 2024-09-17 16:37:37,859 autoreload File /Users/kawamotonaoki/banhmilove/venv/lib/python3.12/site-packages/django/contrib/admin/migrations/__init__.py first seen with mtime 1726468847.1565485
DEBUG 2024-09-17 16:37:37,859 autoreload File /Users/kawamotonaoki/banhmilove/venv/lib/python3.12/site-packages/django/db/migrations/recorder.py first seen with mtime 1726468847.7681248
DEBUG 2024-09-17 16:37:37,860 autoreload File /Users/kawamotonaoki/banhmilove/venv/lib/python3.12/site-packages/django/contrib/auth/migrations/0009_alter_user_last_name_max_length.py first seen with mtime 1726468847.2881594
DEBUG 2024-09-17 16:37:37,860 autoreload File /Users/kawamotonaoki/banhmilove/venv/lib/python3.12/site-packages/django/contrib/auth/migrations/0007_alter_validators_add_error_messages.py first seen with mtime 1726468847.2876964
DEBUG 2024-09-17 16:37:37,860 autoreload File /Users/kawamotonaoki/banhmilove/banhmilove_app/migrations/0005_store_prefecture_en.py first seen with mtime 1726400991.8409436
DEBUG 2024-09-17 16:37:37,860 autoreload File /Users/kawamotonaoki/banhmilove/venv/lib/python3.12/site-packages/django/middleware/clickjacking.py first seen with mtime 1726468847.8310413
DEBUG 2024-09-17 16:37:37,860 autoreload File /Users/kawamotonaoki/banhmilove/venv/lib/python3.12/site-packages/django/views/defaults.py first seen with mtime 1726468847.8683872
DEBUG 2024-09-17 16:37:37,860 autoreload File /Users/kawamotonaoki/banhmilove/venv/lib/python3.12/site-packages/django/db/migrations/graph.py first seen with mtime 1726468847.7658339
DEBUG 2024-09-17 16:37:37,860 autoreload File /Users/kawamotonaoki/banhmilove/venv/lib/python3.12/site-packages/django/contrib/auth/migrations/0003_alter_user_email_max_length.py first seen with mtime 1726468847.2870655
DEBUG 2024-09-17 16:37:37,860 autoreload File /Users/kawamotonaoki/banhmilove/venv/lib/python3.12/site-packages/django/db/models/sql/compiler.py first seen with mtime 1726468847.789523
DEBUG 2024-09-17 16:37:37,861 autoreload File /Users/kawamotonaoki/banhmilove/venv/lib/python3.12/site-packages/django/contrib/auth/migrations/0001_initial.py first seen with mtime 1726468847.286749
DEBUG 2024-09-17 16:37:37,861 autoreload File /Users/kawamotonaoki/banhmilove/venv/lib/python3.12/site-packages/django/db/migrations/executor.py first seen with mtime 1726468847.7651043
DEBUG 2024-09-17 16:37:37,861 autoreload File /Users/kawamotonaoki/banhmilove/venv/lib/python3.12/site-packages/django/contrib/sessions/backends/db.py first seen with mtime 1726468847.585285
DEBUG 2024-09-17 16:37:37,861 autoreload File /Users/kawamotonaoki/banhmilove/venv/lib/python3.12/site-packages/django/contrib/auth/migrations/0012_alter_user_first_name_max_length.py first seen with mtime 1726468847.288741
DEBUG 2024-09-17 16:37:37,861 autoreload File /Users/kawamotonaoki/banhmilove/banhmilove_app/migrations/__init__.py first seen with mtime 1726400992.1209118
DEBUG 2024-09-17 16:37:37,861 autoreload File /Users/kawamotonaoki/banhmilove/banhmilove_app/migrations/0002_monthlydata.py first seen with mtime 1726400992.036554
DEBUG 2024-09-17 16:37:37,861 autoreload File /Users/kawamotonaoki/banhmilove/venv/lib/python3.12/site-packages/django/contrib/admin/migrations/0002_logentry_remove_auto_add.py first seen with mtime 1726468847.156349
DEBUG 2024-09-17 16:37:37,861 autoreload File /Users/kawamotonaoki/banhmilove/banhmilove_app/migrations/0006_alter_monthlydata_ranking.py first seen with mtime 1726400991.8892267
DEBUG 2024-09-17 16:37:37,861 autoreload File /Users/kawamotonaoki/banhmilove/venv/lib/python3.12/site-packages/django/contrib/contenttypes/migrations/__init__.py first seen with mtime 1726468847.3315856
DEBUG 2024-09-17 16:37:37,862 autoreload File /Users/kawamotonaoki/banhmilove/venv/lib/python3.12/site-packages/django/contrib/auth/migrations/0002_alter_permission_name_max_length.py first seen with mtime 1726468847.2869122
DEBUG 2024-09-17 16:37:37,862 autoreload File /Users/kawamotonaoki/banhmilove/venv/lib/python3.12/site-packages/django/contrib/auth/migrations/0008_alter_user_username_max_length.py first seen with mtime 1726468847.2879002
DEBUG 2024-09-17 16:37:37,862 autoreload File /Users/kawamotonaoki/banhmilove/venv/lib/python3.12/site-packages/django/contrib/contenttypes/migrations/0001_initial.py first seen with mtime 1726468847.3313758
DEBUG 2024-09-17 16:37:37,862 autoreload File /Users/kawamotonaoki/banhmilove/venv/lib/python3.12/site-packages/django/contrib/contenttypes/migrations/0002_remove_content_type_name.py first seen with mtime 1726468847.331522
DEBUG 2024-09-17 16:37:37,862 autoreload File /Users/kawamotonaoki/banhmilove/venv/lib/python3.12/site-packages/django/contrib/messages/middleware.py first seen with mtime 1726468847.4930694
DEBUG 2024-09-17 16:39:28,453 autoreload File /Users/kawamotonaoki/banhmilove/banhmilove_project/settings.py previous mtime: 1726558617.658692, current mtime: 1726558768.3562706
DEBUG 2024-09-17 16:39:28,459 autoreload /Users/kawamotonaoki/banhmilove/banhmilove_project/settings.py notified as changed. Signal results: [(<function template_changed at 0x10247afc0>, None), (<function translation_file_changed at 0x103174220>, None)].
INFO 2024-09-17 16:39:28,459 autoreload /Users/kawamotonaoki/banhmilove/banhmilove_project/settings.py changed, reloading.
