name,prefecture,city,url,rating,review_count,latitude,longitude,query_used
banh mi cam on,Hokkaido,Sapporo,https://www.instagram.com/banh_mi_cam_on/,4.7,28,43.08651620000001,141.320199,banh mi
バインミー サイゴンフレッシュ 本店,Hokkaido,Sapporo,https://saigonfresh.jp/,4.5,148,43.0573518,141.339118,banh mi
サイゴンフレッシュ ポールタウン店,Hokkaido,Sapporo,https://saigonfresh.jp/,4.5,101,43.0564289,141.3530917,banh mi
ベトナムゴハン チリン堂,Hokkaido,Sapporo,https://www.facebook.com/chillinhdou/,4.4,155,43.0495262,141.3555736,banh mi
Ăn gì ? (アンジー?),Hokkaido,Sapporo,https://instagram.com/angi_vietnam333?igshid=NTc4MTIwNjQ2YQ==,4.1,20,43.0825718,141.346616,banh mi
円山Vank2,Hokkaido,Sapporo,http://www.vietnam-vank.com/,4,42,43.05791929999999,141.3211913,banh mi
Bánh mì nguyễn,Hokkaido,Sapporo,https://www.instagram.com/banhminguyensapporo,5,44,43.1600656,141.3963472,banh mi
ホア セン レストラン,Hokkaido,Sapporo,https://hoasen-sapporo.owst.jp/,4.6,190,43.0516513,141.3545714,banh mi
サイゴンレストラン 札幌店,Hokkaido,Sapporo,https://www.hotpepper.jp/strJ003516828/,4.3,80,43.0043923,141.4306734,banh mi
BIA HOI カタコト,Hokkaido,Sapporo,https://m.facebook.com/BIA-HOI-%E3%82%AB%E3%82%BF%E3%82%B3%E3%83%88-414765362021685/?locale2=ja_JP,4.4,39,43.05623509999999,141.3448979,banh mi
ベトナム屋台 アジア飯 suEzou パンチョス,Hokkaido,Sapporo,https://www.hotpepper.jp/strJ001293270/,3.3,74,43.0568227,141.3491293,banh mi
Viet Food Hokkaido,Hokkaido,Sapporo,https://vietfoodhokkaido.kiotvietweb.vn/,4.5,4,43.04796839999999,141.3425323,banh mi
ハサミヤ,Hokkaido,Sapporo,https://www.facebook.com/hasamiyasandwich,4.2,148,43.0383985,141.3526716,banh mi
vege tavola EDOYA,Hokkaido,Kitahiroshima,https://www.instagram.com/vegetavola_edoya/?hl=ja,4.5,22,42.9785265,141.5616884,banh mi
バインミーシンチャオ,Tokyo,Shinjuku City,https://www.facebook.com/B%C3%A1nh-M%C3%AC-Xin-Ch%C3%A0o-1068932589815886/?ref=settings,4.2,449,35.7126653,139.7005539,banh mi
バインミー☆サンドイッチ,Tokyo,Shinjuku City,https://twitter.com/banhmi_sandwich,4.3,634,35.7132389,139.7031536,banh mi
スタンドバインミー,Tokyo,Meguro City,https://www.instagram.com/standbanhmi/,4.3,263,35.628886,139.6877641,banh mi
BANH MI XIN CHAO CAFE ASAKUSA バインミーシンチャオカフェ 浅草,Tokyo,Taito City,http://banhmixinchao.co.jp/,4.3,409,35.7101788,139.7978598,banh mi
EBISU BANH MI BAKERY,Tokyo,Shibuya City,http://ebis-banhmi.com/,4.4,415,35.6479071,139.7102118,banh mi
バインミーバイミー,Tokyo,Suginami City,https://www.instagram.com/banhmi.byme,4.8,58,35.70508770000001,139.6469223,banh mi
寿し じん,Hokkaido,Sapporo,https://hitosara.com/0004037915/,4.1,18,43.0768774,141.3043865,banh mi
バインミー ウィン,Osaka,Osaka,https://banhmiwin.com/,4.6,236,34.7047462,135.5221031,banh mi
ベト屋 築地店,Tokyo,Chuo City,https://betoya.jp/store/tsukiji/,4.3,233,35.6676442,139.7723177,banh mi
Soc Con Fast Food バインミー リスちゃん,Tokyo,Shinjuku City,https://instagram.com/rischangbanhmi?igshid=YmMyMTA2M2Y=,4.4,57,35.701749,139.6979722,banh mi
BANH MI XIN CHAO NAGOYA,Aichi,Nagoya,,4.1,172,35.1722409,136.9115925,banh mi
バインミーシンチャオ,Hokkaido,Sapporo,https://banhmixinchao.co.jp/ja/japanese-home/,4.5,97,43.0825729,141.3467121,banh mi
バインミー サイゴンフレッシュ 本店,Hokkaido,Sapporo,https://saigonfresh.jp/,4.5,148,43.0573518,141.339118,banhmi
サイゴンフレッシュ ポールタウン店,Hokkaido,Sapporo,https://saigonfresh.jp/,4.5,101,43.0564289,141.3530917,banhmi
banh mi cam on,Hokkaido,Sapporo,https://www.instagram.com/banh_mi_cam_on/,4.7,28,43.08651620000001,141.320199,banhmi
サイゴンレストラン 札幌店,Hokkaido,Sapporo,https://www.hotpepper.jp/strJ003516828/,4.3,80,43.0043923,141.4306734,banhmi
バインミーシンチャオ,Hokkaido,Sapporo,https://banhmixinchao.co.jp/ja/japanese-home/,4.5,97,43.0825729,141.3467121,banhmi
banh mi cam on,Hokkaido,Sapporo,https://www.instagram.com/banh_mi_cam_on/,4.7,28,43.08651620000001,141.320199,バインミー
サイゴンフレッシュ ポールタウン店,Hokkaido,Sapporo,https://saigonfresh.jp/,4.5,101,43.0564289,141.3530917,バインミー
Ăn gì ? (アンジー?),Hokkaido,Sapporo,https://instagram.com/angi_vietnam333?igshid=NTc4MTIwNjQ2YQ==,4.1,20,43.0825718,141.346616,バインミー
サイゴンレストラン 札幌店,Hokkaido,Sapporo,https://www.hotpepper.jp/strJ003516828/,4.3,80,43.0043923,141.4306734,バインミー
ベトナムゴハン チリン堂,Hokkaido,Sapporo,https://www.facebook.com/chillinhdou/,4.4,155,43.0495262,141.3555736,バインミー
ホア セン レストラン,Hokkaido,Sapporo,https://hoasen-sapporo.owst.jp/,4.6,190,43.0516513,141.3545714,バインミー
バインミー サイゴンフレッシュ 本店,Hokkaido,Sapporo,https://saigonfresh.jp/,4.5,148,43.0573518,141.339118,バインミー
池袋サイゴンレストラン円山店,Hokkaido,Sapporo,https://www.instagram.com/saigon_sapporo/,4.6,22,43.0577029,141.3202995,バインミー
円山Vank2,Hokkaido,Sapporo,http://www.vietnam-vank.com/,4,42,43.05791929999999,141.3211913,バインミー
Sopracciglia - ソプラッチリア,Hokkaido,Sapporo,https://instagram.com/sopracciglia_sapporo?igshid=OGQ5ZDc2ODk2ZA==,4.4,144,43.06855710000001,141.3454486,バインミー
Bánh mì nguyễn,Hokkaido,Sapporo,https://www.instagram.com/banhminguyensapporo,5,44,43.1600656,141.3963472,バインミー
もぐもぐ,Hokkaido,Sapporo,https://sandwich-specialty-store-mogmog.jimdosite.com/,4.1,120,43.0585133,141.3727356,バインミー
SOI MARUYAMA,Hokkaido,Sapporo,https://tabelog.com/hokkaido/A0101/A010105/1053270/,4,81,43.0548285,141.3208197,バインミー
サイアム琴似店,Hokkaido,Sapporo,http://siamhokkaido.com/,4.2,286,43.0785686,141.3063468,バインミー
タイ国料理 マニータイ,Hokkaido,Sapporo,https://www.maneethai.online/,4.1,237,43.0567255,141.350742,バインミー
AYASAND / give me donuts,Hokkaido,Sapporo,https://www.instagram.com/ayasand__/,4.3,43,43.0544362,141.3371758,バインミー
Gapaou Phra chan（ガパオウプラチャン）,Hokkaido,Sapporo,https://kushikatsuhanaw11.owst.jp/,4.5,43,43.0578695,141.3492289,バインミー
札幌タイ料理 サワディー ムーガタ専門店 สวัสดีหมูกะทะ,Hokkaido,Sapporo,https://sawady-susukino.owst.jp/,5,165,43.0537914,141.3550684,バインミー
タイ料理とお酒タタヤン,Hokkaido,Sapporo,,4,74,43.0545762,141.35231,バインミー
Caoマンガイ,Hokkaido,Sapporo,https://m.facebook.com/caomangai/?locale2=ja_JP,4.4,51,43.054149,141.353421,バインミー
ベトナム屋台 アジア飯 suEzou パンチョス,Hokkaido,Sapporo,https://www.hotpepper.jp/strJ001293270/,3.3,74,43.0568227,141.3491293,バインミー
BIA HOI カタコト,Hokkaido,Sapporo,https://m.facebook.com/BIA-HOI-%E3%82%AB%E3%82%BF%E3%82%B3%E3%83%88-414765362021685/?locale2=ja_JP,4.4,39,43.05623509999999,141.3448979,バインミー
Hanoi Street Resto,Hokkaido,Sapporo,https://www.hotpepper.jp/strJ003560535/,4.8,112,43.0528037,141.3535604,バインミー
ASIA‐TEI Trang Tron（アジア‐テイトラントロン）大通店,Hokkaido,Sapporo,,4.4,39,43.0591551,141.3463433,バインミー
ASIAN STAND,Hokkaido,Sapporo,http://www.us-market.co.jp/asian/,4,1,43.0563356,141.3471855,バインミー
バインミー☆サンドイッチ,Tokyo,Shinjuku City,https://twitter.com/banhmi_sandwich,4.3,634,35.7132389,139.7031536,バインミー
スタンドバインミー,Tokyo,Meguro City,https://www.instagram.com/standbanhmi/,4.3,263,35.628886,139.6877641,バインミー
バインミーバーバー下北沢店,Tokyo,Setagaya City,https://banhmibaba.com/,4.6,398,35.6628814,139.6657317,バインミー
バインミーバイミー,Tokyo,Suginami City,https://www.instagram.com/banhmi.byme,4.8,58,35.70508770000001,139.6469223,バインミー
バインミーバーバー中目黒,Tokyo,Meguro City,https://banhmibaba-nakameguro.com/,4.5,117,35.6429091,139.6987712,バインミー
バインミー☆サンドイッチ 吉祥寺北口店,Tokyo,Musashino,,4.5,41,35.7038965,139.5789945,バインミー
バインミーシンチャオ,Tokyo,Shinjuku City,https://www.facebook.com/B%C3%A1nh-M%C3%AC-Xin-Ch%C3%A0o-1068932589815886/?ref=settings,4.2,449,35.7126653,139.7005539,バインミー
BANH MI XIN CHAO CAFE ASAKUSA バインミーシンチャオカフェ 浅草,Tokyo,Taito City,http://banhmixinchao.co.jp/,4.3,409,35.7101788,139.7978598,バインミー
バインミー☆サンドイッチ 水道橋東口店,Tokyo,Chiyoda City,https://www.facebook.com/BanhmiSuidobashi-101056862182378/,4.3,270,35.7013156,139.7556301,バインミー
バインミーバーバー 吉祥寺店,Tokyo,Musashino,https://www.instagram.com/banhmibaba_kichijoji/,4.6,98,35.7025172,139.5790211,バインミー
ジダパ・デラックス,Hokkaido,Sapporo,https://jidapadx.owst.jp/,3.9,89,43.0566001,141.3569591,バインミー
バインミーバーバー川越店 Bánh Mì Bà Ba kawagoe,Saitama,Kawagoe,https://yoyaku.tabelog.com/yoyaku/net_booking_form/index?rcd=11059812,4.8,97,35.9146002,139.4830906,バインミー
バインミー☆ サンドイッチ,Tokyo,Shibuya City,https://www.instagram.com/banhmi_sandwich_takadanobaba/,4.4,20,35.6683371,139.7048337,バインミー
バインミーモチ,Chiba,Chiba,http://sieuthiminitunjp.com/,4.3,49,35.6159196,140.114405,バインミー
バインミーゴンゴン船橋,Chiba,Funabashi,https://www.facebook.com/Shinjuku.BanhMiNgonNgon/,4.2,107,35.7011647,139.9882478,バインミー
BANH MI XIN CHAO KAMATA バインミーシンチャオ蒲田店,Tokyo,Ota City,http://banhmixinchao.co.jp/,3.9,87,35.5647655,139.7144641,バインミー
BANH MI NGON NGON TAKADANOBABA,Tokyo,Shinjuku City,,4.1,283,35.7124601,139.7003927,バインミー
BÁNH MÌ VIỆT,Kanagawa,Yokohama,https://www.banhmivietjp.com/?utm_source=gmb&utm_medium=referral,4.4,131,35.4324879,139.4757654,バインミー
バインミーパテ ベトナムサンドイッチ,Kanagawa,Chigasaki,https://banhmipate.com/,4.5,66,35.3399088,139.4394374,バインミー
タイレストラン ワザナ 琴似店,Hokkaido,Sapporo,https://wasana.net/,4,33,43.0758401,141.3032237,バインミー
バインミーハバ,Tokyo,Fussa,,4.5,40,35.7398776,139.3260997,バインミー
vege tavola EDOYA,Hokkaido,Kitahiroshima,https://www.instagram.com/vegetavola_edoya/?hl=ja,4.5,22,42.9785265,141.5616884,バインミー
バインミー バル ハチ,Tokyo,Suginami City,https://www.instagram.com/nishiogi.hachi/,4.6,19,35.69941,139.5985799,バインミー
ハサミヤ,Hokkaido,Sapporo,https://www.facebook.com/hasamiyasandwich,4.2,148,43.0383985,141.3526716,バインミー
バインミー☆サンドイッチ,Chiba,Funabashi,,4.1,15,35.7011936,140.0278662,バインミー
ロブ・フォートンズ,Aomori,Hachinohe,http://www.robphoton.com/,3.9,359,40.5113964,141.4933529,バインミー
バインミー ウィン,Osaka,Osaka,https://banhmiwin.com/,4.6,236,34.7047462,135.5221031,バインミー
Bánh Mì Xin Chào,Tokyo,Toshima City,http://banhmixinchao.co.jp/,3.9,155,35.7303444,139.7151945,バインミー
バインミー シンチャオ イオンモール太田,Gunma,Ota,https://banhmixinchao.co.jp/,4.3,36,36.29337599999999,139.3990887,バインミー
EBISU BANH MI BAKERY,Tokyo,Shibuya City,http://ebis-banhmi.com/,4.4,415,35.6479071,139.7102118,バインミー
バインミー太陽 BÁNH MÌ TAIYO,Saitama,Yoshikawa,,4.5,75,35.8762564,139.8430331,バインミー
Soc Con Fast Food バインミー リスちゃん,Tokyo,Shinjuku City,https://instagram.com/rischangbanhmi?igshid=YmMyMTA2M2Y=,4.4,57,35.701749,139.6979722,バインミー
BANH MI XIN CHAO NAGOYA,Aichi,Nagoya,,4.1,172,35.1722409,136.9115925,バインミー
Bánh Mì Xin Chào - KOBE・バインミーシンチャオ - 神戸店,Hyogo,Kobe,,3.9,121,34.6772922,135.1733401,バインミー
ベトナム酒場 ROB PHOTONS ロブフォートンズ 盛岡店,Iwate,Morioka,https://www.robphoton.com/,3.9,65,39.7039005,141.1477487,バインミー
バインミーバイミー,Tokyo,Suginami City,https://www.instagram.com/banhmi.byme,4.8,58,35.70508770000001,139.6469223,banh mi
バインミー☆サンドイッチ,Tokyo,Shinjuku City,https://twitter.com/banhmi_sandwich,4.3,634,35.7132389,139.7031536,banh mi
バインミーシンチャオ,Tokyo,Shinjuku City,https://www.facebook.com/B%C3%A1nh-M%C3%AC-Xin-Ch%C3%A0o-1068932589815886/?ref=settings,4.2,449,35.7126653,139.7005539,banh mi
スタンドバインミー,Tokyo,Meguro City,https://www.instagram.com/standbanhmi/,4.3,263,35.628886,139.6877641,banh mi
ベト屋 築地店,Tokyo,Chuo City,https://betoya.jp/store/tsukiji/,4.3,233,35.6676442,139.7723177,banh mi
BANH MI XIN CHAO CAFE ASAKUSA バインミーシンチャオカフェ 浅草,Tokyo,Taito City,http://banhmixinchao.co.jp/,4.3,409,35.7101788,139.7978598,banh mi
BANH MI XIN CHAO NAGOYA,Aichi,Nagoya,,4.1,172,35.1722409,136.9115925,banh mi
バインミー ウィン,Osaka,Osaka,https://banhmiwin.com/,4.6,236,34.7047462,135.5221031,banh mi
EBISU BANH MI BAKERY,Tokyo,Shibuya City,http://ebis-banhmi.com/,4.4,415,35.6479071,139.7102118,banh mi
FOODVn - X3,Ishikawa,Kanazawa,https://www.nichichouju.com/,4.9,551,36.5802369,136.6473659,banh mi
ホア セン レストラン,Hokkaido,Sapporo,https://hoasen-sapporo.owst.jp/,4.6,190,43.0516513,141.3545714,banh mi
Soc Con Fast Food バインミー リスちゃん,Tokyo,Shinjuku City,https://instagram.com/rischangbanhmi?igshid=YmMyMTA2M2Y=,4.4,57,35.701749,139.6979722,banh mi
Ăn gì ? (アンジー?),Hokkaido,Sapporo,https://instagram.com/angi_vietnam333?igshid=NTc4MTIwNjQ2YQ==,4.1,20,43.0825718,141.346616,banh mi
ジューシー バインミー,Aichi,Nagoya,https://www.banhmi.xyz/,4.6,196,35.1939362,136.9419838,banh mi
BANH MI XIN CHAO SHINSAIBASHI バインミーシンチャオ心斎橋店,Osaka,Osaka,http://banhmixinchao.co.jp/,4.1,197,34.6742769,135.50194,banh mi
90年代美味南ベトナム料理 PHUONG NAM (フーンナム),Tokyo,Minato City,https://phuongnam.gorp.jp/,4.1,254,35.6648376,139.7329885,banh mi
タン・ハー,Kanagawa,Yokohama,,4.4,602,35.42987060000001,139.4755859,banh mi
THE PIG ＆ THE LADY,Tokyo,Shibuya City,https://thepigandthelady.jp/,4.1,467,35.6463875,139.7089094,banh mi
いいな ベトナム料理,Chiba,Chiba,http://2ndbrain.co.jp/,4.3,111,35.6367797,140.0910947,banh mi
アンディー,Tokyo,Setagaya City,http://www.andi-setagaya.com/,4.3,151,35.6348202,139.6121113,banh mi
ゴン クアン ベトナムレストラン,Chiba,Yachiyo,,3.8,57,35.7002176,140.0899262,banh mi
ベトナムレストランNGON-2号店,Saitama,Saitama,https://www.hotpepper.jp/strJ001292107/,4.3,118,35.9088404,139.6260448,banh mi
Chè 333（チェー・バーバーバー）,Tokyo,Meguro City,https://che333.jp/,3.3,11,35.6289212,139.6833796,banh mi
ベトナム料理★Cafe Hasuna 浜松葵西店,Shizuoka,Hamamatsu,https://banhmi-hasuna.com/,4.3,217,34.7680349,137.7069614,banh mi
ベトナムダイニング ジャディンGIA ĐÌNH一号店,Tochigi,Utsunomiya,https://gia-dinh.jp/,4.4,79,36.5602965,139.8872367,banh mi
ベトナム居酒屋ニャウ Nhau Thien An,Saitama,Kawaguchi,,3.7,97,35.8159609,139.7048484,banh mi
アンゴン,Osaka,Osaka,https://www.instagram.com/anngon.1998/,4.4,635,34.676695,135.498163,banh mi
イエローバンブー 飯野ビル店,Tokyo,Chiyoda City,http://yellow-bamboo.com/,3.9,128,35.6705739,139.7528972,banh mi
Phuoc Thanh,Victoria,Melbourne,,4,58,-37.8121011,144.9642567,banh mi
Bánh Mì Chị Tôi | My Sister’s Sandwich Café,Massachusetts,Boston,https://banhmichitoi.com/,4.8,76,42.2978106,-71.060633,banh mi
Nom Nam,New York,New York,http://www.nomnamnyc.com/,4.8,198,40.7453564,-73.9776292,banh mi
サイゴン シャック,New York,New York,http://saigonshack.com/,4.4,2648,40.729705,-74.0006397,banh mi
Banh Mi Paris Express,California,Chula Vista,https://www.banhmipx.com/,4.9,39,32.6405926,-117.0937271,banh mi
Le’s Banh Mi,Hawaii,Honolulu,https://instagram.com/les_banhmi?igshid=YmMyMTA2M2Y=,4.9,105,21.2967649,-157.8423428,banh mi
バインミー☆ サンドイッチ,Tokyo,Shibuya City,https://www.instagram.com/banhmi_sandwich_takadanobaba/,4.4,20,35.6683371,139.7048337,banhmi
バインミーバイミー,Tokyo,Suginami City,https://www.instagram.com/banhmi.byme,4.8,58,35.70508770000001,139.6469223,banhmi
バインミー☆サンドイッチ,Tokyo,Shinjuku City,https://twitter.com/banhmi_sandwich,4.3,634,35.7132389,139.7031536,banhmi
BANH MI NGON NGON TAKADANOBABA,Tokyo,Shinjuku City,,4.1,283,35.7124601,139.7003927,banhmi
バインミー サイゴンフレッシュ 本店,Hokkaido,Sapporo,https://saigonfresh.jp/,4.5,148,43.0573518,141.339118,banhmi
バインミー☆サンドイッチ 水道橋東口店,Tokyo,Chiyoda City,https://www.facebook.com/BanhmiSuidobashi-101056862182378/,4.3,270,35.7013156,139.7556301,banhmi
スタンドバインミー,Tokyo,Meguro City,https://www.instagram.com/standbanhmi/,4.3,263,35.628886,139.6877641,banhmi
バインミーシンチャオ,Tokyo,Shinjuku City,https://www.facebook.com/B%C3%A1nh-M%C3%AC-Xin-Ch%C3%A0o-1068932589815886/?ref=settings,4.2,449,35.7126653,139.7005539,banhmi
バインミー ウィン,Osaka,Osaka,https://banhmiwin.com/,4.6,236,34.7047462,135.5221031,banhmi
EBISU BANH MI BAKERY,Tokyo,Shibuya City,http://ebis-banhmi.com/,4.4,415,35.6479071,139.7102118,banhmi
BANH MI XIN CHAO CAFE ASAKUSA バインミーシンチャオカフェ 浅草,Tokyo,Taito City,http://banhmixinchao.co.jp/,4.3,409,35.7101788,139.7978598,banhmi
バインミーゴンゴン船橋,Chiba,Funabashi,https://www.facebook.com/Shinjuku.BanhMiNgonNgon/,4.2,107,35.7011647,139.9882478,banhmi
BanhMi Kyoto製パン,Kyoto,Kyoto,https://business.google.com/v/_/AKsrIN0puJiEKfEO86dS_PDxoSa_6Tt6rzPnFu4MT8AzJ0ZBdzA0H-I/ddf8/_?exp=1778401&myads=1,4.6,73,34.9550669,135.7612292,banhmi
バインミー サイゴン,Osaka,Osaka,http://tnvietnam.co.jp/,4.5,133,34.6610708,135.50055,banhmi
THAO’S BANH MI,Kanagawa,Kawasaki,https://www.instagram.com/thaosbanhmi/,4.4,393,35.5655398,139.6548893,banhmi
BANH MI NGON NGON OKUBO(バインミーゴンゴン 大久保店),Tokyo,Shinjuku City,https://www.facebook.com/B%C3%A1nh-M%C3%AC-Ngon-Ngon-Okubo-105387335262252/,3.9,175,35.7009684,139.6970106,banhmi
シクロバインミー(CYCLO banh mi)CIAL横浜店,Kanagawa,Yokohama,,3.2,69,35.46681969999999,139.6224178,banhmi
MIKA バインミー （Mika bánh mì）,Tokyo,Itabashi City,http://mikabanhmi.net/,4.6,56,35.7904285,139.654858,banhmi
BÁNH MÌ 10,Fukuoka,Fukuoka,https://www.banhmi10.com/,3.8,39,33.5875638,130.410647,banhmi
バインミイーハノイ (Banhmi Hanoi),北海道,室蘭市,http://www.facebook.com/B%C3%A1nh-m%C3%AC-H%C3%A0-N%E1%BB%99i-%E3%83%90%E3%82%A4%E3%83%B3%E3%83%9F%E3%83%BC%E3%83%8F%E3%83%8E%E3%82%A4,3,3,42.3523789,141.0212984,banhmi
Okome Cafe & Bar 米b(ベイビー),Aomori,Aomori,http://www.baby-okome.com/,4.4,29,40.8268955,140.7445849,バインミー
ハンドサンドイッチズ,Aomori,Aomori,https://www.instagram.com/handsandwiches/,4.6,12,40.7927359,140.7570224,バインミー
三ッ星製パン,Aomori,Aomori,https://ja-jp.facebook.com/mitsuboshi.bread/,4,86,40.8272523,140.7354007,バインミー
サイゴンフレッシュ ポールタウン店,Hokkaido,Sapporo,https://saigonfresh.jp/,4.5,101,43.0564289,141.3530917,バインミー
Bánh Mì Xin Chào,Tokyo,Toshima City,http://banhmixinchao.co.jp/,3.9,155,35.7303444,139.7151945,バインミー
バインミーバイミー,Tokyo,Suginami City,https://www.instagram.com/banhmi.byme,4.8,58,35.70508770000001,139.6469223,バインミー
バインミーバーバー中目黒,Tokyo,Meguro City,https://banhmibaba-nakameguro.com/,4.5,117,35.6429091,139.6987712,バインミー
バインミー☆サンドイッチ,Tokyo,Shinjuku City,https://twitter.com/banhmi_sandwich,4.3,634,35.7132389,139.7031536,バインミー
バインミー サイゴンフレッシュ 本店,Hokkaido,Sapporo,https://saigonfresh.jp/,4.5,148,43.0573518,141.339118,バインミー
バインミー☆ サンドイッチ,Tokyo,Shibuya City,https://www.instagram.com/banhmi_sandwich_takadanobaba/,4.4,20,35.6683371,139.7048337,バインミー
Ăn gì ? (アンジー?),Hokkaido,Sapporo,https://instagram.com/angi_vietnam333?igshid=NTc4MTIwNjQ2YQ==,4.1,20,43.0825718,141.346616,バインミー
Nha Viet Nam premier 銀座店,Tokyo,Chuo City,https://nha-vietnam.info/,3.9,111,35.6674942,139.7624459,バインミー
バインミー シンチャオ イオンモール太田,Gunma,Ota,https://banhmixinchao.co.jp/,4.3,36,36.29337599999999,139.3990887,バインミー
バインミーバーバー川越店 Bánh Mì Bà Ba kawagoe,Saitama,Kawagoe,https://yoyaku.tabelog.com/yoyaku/net_booking_form/index?rcd=11059812,4.8,97,35.9146002,139.4830906,バインミー
バインミー☆サンドイッチ 水道橋東口店,Tokyo,Chiyoda City,https://www.facebook.com/BanhmiSuidobashi-101056862182378/,4.3,270,35.7013156,139.7556301,バインミー
ローアンプラー,Niigata,Niigata,https://instagram.com/rouannpular?igshid=YmMyMTA2M2Y=,4.3,48,37.7972236,139.1220556,バインミー
バインミーバーバー 吉祥寺店,Tokyo,Musashino,https://www.instagram.com/banhmibaba_kichijoji/,4.6,98,35.7025172,139.5790211,バインミー
ビベト,Nagano,Matsumoto,,4.4,75,36.23243799999999,137.9677722,バインミー
THAO’S BANH MI,Kanagawa,Kawasaki,https://www.instagram.com/thaosbanhmi/,4.4,393,35.5655398,139.6548893,バインミー
バインミー☆サンドイッチ 吉祥寺北口店,Tokyo,Musashino,,4.5,41,35.7038965,139.5789945,バインミー
バインミーパテ ベトナムサンドイッチ,Kanagawa,Chigasaki,https://banhmipate.com/,4.5,66,35.3399088,139.4394374,バインミー
サイゴンレストラン 札幌店,Hokkaido,Sapporo,https://www.hotpepper.jp/strJ003516828/,4.3,80,43.0043923,141.4306734,バインミー
BÁNH MÌ VIỆT,Kanagawa,Yokohama,https://www.banhmivietjp.com/?utm_source=gmb&utm_medium=referral,4.4,131,35.4324879,139.4757654,バインミー
ホア セン レストラン,Hokkaido,Sapporo,https://hoasen-sapporo.owst.jp/,4.6,190,43.0516513,141.3545714,バインミー
ホンズ・キッチン,Tokyo,Ota City,https://instagram.com/hungs_kitchen_tokyo?utm_medium=copy_link,4.6,163,35.5638882,139.7152537,バインミー
ベトナム料理タンマイ,Gunma,Maebashi,https://www.dan-b.com/thanhmai/,4.2,146,36.4079501,139.0656828,バインミー
アオサンズ,Aichi,Nagoya,http://aosuns.win/,4.4,177,35.1606625,136.9016408,バインミー
BANH MI XIN CHAO KAMATA バインミーシンチャオ蒲田店,Tokyo,Ota City,http://banhmixinchao.co.jp/,3.9,87,35.5647655,139.7144641,バインミー
バインミー☆サンドイッチ,Chiba,Funabashi,,4.1,15,35.7011936,140.0278662,バインミー
カム バイ スタンド バインミー CƠME by Stand Bánh Mì,Tokyo,Minato City,https://www.instagram.com/comebystandbanhmi?igsh=MXJvOHFiY2kzOTBtZg==,4.1,11,35.6621938,139.7414891,バインミー
Soc Con Fast Food バインミー リスちゃん,Tokyo,Shinjuku City,https://instagram.com/rischangbanhmi?igshid=YmMyMTA2M2Y=,4.4,57,35.701749,139.6979722,バインミー
ベトナムバインミー三ツ沢下町店BÁNH MÌ VIỆT NAM,Kanagawa,Yokohama,,4.4,49,35.4763652,139.6145326,バインミー
越南路 エツナンルー,Osaka,Osaka,https://etsunanru.com/,3.7,53,34.7057911,135.4979853,バインミー
バインミーゴンゴン船橋,Chiba,Funabashi,https://www.facebook.com/Shinjuku.BanhMiNgonNgon/,4.2,107,35.7011647,139.9882478,バインミー
ロブ・フォートンズ,Aomori,Hachinohe,http://www.robphoton.com/,3.9,359,40.5113964,141.4933529,バインミー
バインミーモチ,Chiba,Chiba,http://sieuthiminitunjp.com/,4.3,49,35.6159196,140.114405,バインミー
ベトナムデリ珈琲 瀬戸本店,Aichi,Seto,https://vietnamdelicoffee.com/,4.1,102,35.2112348,137.0839904,バインミー
バインミーシンチャオ,Tokyo,Shinjuku City,https://www.facebook.com/B%C3%A1nh-M%C3%AC-Xin-Ch%C3%A0o-1068932589815886/?ref=settings,4.2,449,35.7126653,139.7005539,バインミー
タン・ハー,Kanagawa,Yokohama,,4.4,602,35.42987060000001,139.4755859,バインミー
バインミーハバ,Tokyo,Fussa,,4.5,40,35.7398776,139.3260997,バインミー
バインミーバーバー下北沢店,Tokyo,Setagaya City,https://banhmibaba.com/,4.6,398,35.6628814,139.6657317,バインミー
HÀO NGUYÊN(ハオ グエン),Fukushima,Nihommatsu,https://haonguyenshop.com/,4.3,110,37.60511899999999,140.3564725,バインミー
スタンドバインミー,Tokyo,Meguro City,https://www.instagram.com/standbanhmi/,4.3,263,35.628886,139.6877641,バインミー
エムオーイ EM★OI ベトナムカフェ,Osaka,Higashiosaka,,4.7,94,34.6513947,135.5839424,バインミー
ベトナム料理ヒヨコ (Quán GÀ CON),東京都,杉並区,,4.5,59,35.706278,139.6504264,バインミー
アンディー,Tokyo,Setagaya City,http://www.andi-setagaya.com/,4.3,151,35.6348202,139.6121113,バインミー
ベトナム・フォー,神奈川県,横浜市,https://www.facebook.com/Ph%E1%BB%9F-Vi%E1%BB%87t-Qu%C3%A1n-%E3%83%99%E3%83%88%E3%83%8A%E3%83%A0%E6%96%99%E7%90%86-110644234729421,4.4,178,35.423392,139.6015962,バインミー
バインミーサンドイッチ神保町店,Tokyo,Chiyoda City,,4.6,59,35.6960762,139.7562785,バインミー
バインミー太陽 BÁNH MÌ TAIYO,Saitama,Yoshikawa,,4.5,75,35.8762564,139.8430331,バインミー
ベトナムサンドイッチ DZO DZO ヨーヨー お持ち帰り専門店,群馬県,桐生市,https://www.facebook.com/profile.php?id=100088818081333,4.7,12,36.422242,139.349059,バインミー
ベトナム酒場 ROB PHOTONS ロブフォートンズ 盛岡店,Iwate,Morioka,https://www.robphoton.com/,3.9,65,39.7039005,141.1477487,バインミー
BANH MI XIN CHAO CAFE ASAKUSA バインミーシンチャオカフェ 浅草,Tokyo,Taito City,http://banhmixinchao.co.jp/,4.3,409,35.7101788,139.7978598,バインミー
3TEA,Chiba,Yachiyo,https://retty.me/area/PRE12/ARE459/SUB4402/100001589637/,4.2,35,35.7010372,140.0896025,バインミー
バインミー バル ハチ,Tokyo,Suginami City,https://www.instagram.com/nishiogi.hachi/,4.6,19,35.69941,139.5985799,バインミー
Ai Bánh Mì あいバインミー,Osaka,Osaka,http://www.facebook.com/aibanhmi,4.4,285,34.64962,135.506569,バインミー
ハノイ町 蔵前店,Tokyo,Taito City,,4.6,197,35.7056403,139.7935581,バインミー
BANH MI NGON NGON TAKADANOBABA,Tokyo,Shinjuku City,,4.1,283,35.7124601,139.7003927,バインミー
BANH MI XIN CHAO NAGOYA,Aichi,Nagoya,,4.1,172,35.1722409,136.9115925,バインミー
ベト屋 築地店,Tokyo,Chuo City,https://betoya.jp/store/tsukiji/,4.3,233,35.6676442,139.7723177,バインミー
ベトナム料理カフェ aLo aLo,Kanagawa,Yamato,,4.3,104,35.4695597,139.4660532,バインミー
ベトナム酒場 ROB PHOTONS ロブフォートンズ 盛岡店,Iwate,Morioka,https://www.robphoton.com/,3.9,65,39.7039005,141.1477487,banh mi
バインミーバイミー,Tokyo,Suginami City,https://www.instagram.com/banhmi.byme,4.8,58,35.70508770000001,139.6469223,banh mi
バインミー☆サンドイッチ,Tokyo,Shinjuku City,https://twitter.com/banhmi_sandwich,4.3,634,35.7132389,139.7031536,banh mi
バインミーシンチャオ,Tokyo,Shinjuku City,https://www.facebook.com/B%C3%A1nh-M%C3%AC-Xin-Ch%C3%A0o-1068932589815886/?ref=settings,4.2,449,35.7126653,139.7005539,banh mi
スタンドバインミー,Tokyo,Meguro City,https://www.instagram.com/standbanhmi/,4.3,263,35.628886,139.6877641,banh mi
ベト屋 築地店,Tokyo,Chuo City,https://betoya.jp/store/tsukiji/,4.3,233,35.6676442,139.7723177,banh mi
BANH MI XIN CHAO CAFE ASAKUSA バインミーシンチャオカフェ 浅草,Tokyo,Taito City,http://banhmixinchao.co.jp/,4.3,409,35.7101788,139.7978598,banh mi
EBISU BANH MI BAKERY,Tokyo,Shibuya City,http://ebis-banhmi.com/,4.4,415,35.6479071,139.7102118,banh mi
BANH MI XIN CHAO NAGOYA,Aichi,Nagoya,,4.1,172,35.1722409,136.9115925,banh mi
Soc Con Fast Food バインミー リスちゃん,Tokyo,Shinjuku City,https://instagram.com/rischangbanhmi?igshid=YmMyMTA2M2Y=,4.4,57,35.701749,139.6979722,banh mi
バインミー ウィン,Osaka,Osaka,https://banhmiwin.com/,4.6,236,34.7047462,135.5221031,banh mi
FOODVn - X3,Ishikawa,Kanazawa,https://www.nichichouju.com/,4.9,551,36.5802369,136.6473659,banh mi
ジューシー バインミー,Aichi,Nagoya,https://www.banhmi.xyz/,4.6,196,35.1939362,136.9419838,banh mi
90年代美味南ベトナム料理 PHUONG NAM (フーンナム),Tokyo,Minato City,https://phuongnam.gorp.jp/,4.1,254,35.6648376,139.7329885,banh mi
ホア セン レストラン,Hokkaido,Sapporo,https://hoasen-sapporo.owst.jp/,4.6,190,43.0516513,141.3545714,banh mi
BANH MI XIN CHAO SHINSAIBASHI バインミーシンチャオ心斎橋店,Osaka,Osaka,http://banhmixinchao.co.jp/,4.1,197,34.6742769,135.50194,banh mi
Ăn gì ? (アンジー?),Hokkaido,Sapporo,https://instagram.com/angi_vietnam333?igshid=NTc4MTIwNjQ2YQ==,4.1,20,43.0825718,141.346616,banh mi
いいな ベトナム料理,Chiba,Chiba,http://2ndbrain.co.jp/,4.3,111,35.6367797,140.0910947,banh mi
タン・ハー,Kanagawa,Yokohama,,4.4,602,35.42987060000001,139.4755859,banh mi
ダイナーヴァン,Tokyo,Koto City,https://www.instagram.com/diner_vang/,4,224,35.6812369,139.8055342,banh mi
アンディー,Tokyo,Setagaya City,http://www.andi-setagaya.com/,4.3,151,35.6348202,139.6121113,banh mi
ゴン クアン ベトナムレストラン,Chiba,Yachiyo,,3.8,57,35.7002176,140.0899262,banh mi
THE PIG ＆ THE LADY,Tokyo,Shibuya City,https://thepigandthelady.jp/,4.1,467,35.6463875,139.7089094,banh mi
フォーハノイ キッチン＆カフェ,Tokyo,Suginami City,https://www.instagram.com/phohanoi_asagaya/,4.2,117,35.6999485,139.6346523,banh mi
ベトナムレストランNGON-2号店,Saitama,Saitama,https://www.hotpepper.jp/strJ001292107/,4.3,118,35.9088404,139.6260448,banh mi
Chè 333（チェー・バーバーバー）,Tokyo,Meguro City,https://che333.jp/,3.3,11,35.6289212,139.6833796,banh mi
ベトナム料理★Cafe Hasuna 浜松葵西店,Shizuoka,Hamamatsu,https://banhmi-hasuna.com/,4.3,217,34.7680349,137.7069614,banh mi
ベトナムダイニング ジャディンGIA ĐÌNH一号店,Tochigi,Utsunomiya,https://gia-dinh.jp/,4.4,79,36.5602965,139.8872367,banh mi
ベトナム居酒屋ニャウ Nhau Thien An,Saitama,Kawaguchi,,3.7,97,35.8159609,139.7048484,banh mi
フォーベト,Tokyo,Toshima City,https://tabelog.com/tokyo/A1305/A130501/13002878/,4.3,699,35.7307282,139.7060359,banh mi
アンゴン,Osaka,Osaka,https://www.instagram.com/anngon.1998/,4.4,635,34.676695,135.498163,banh mi
DADAÏ THAI VIETNAMESE DIM SUM,Tokyo,Shibuya City,https://www.huge.co.jp/restaurant/modern-asian/dadai,4,444,35.6623369,139.7019021,banh mi
ベトナム料理リスちゃん 新大久保 SOC CON SHINOKUBO,Tokyo,Shinjuku City,,3.6,75,35.7008409,139.7055671,banh mi
イエローバンブー 飯野ビル店,Tokyo,Chiyoda City,http://yellow-bamboo.com/,3.9,128,35.6705739,139.7528972,banh mi
Nouvelle Ethnique ATHA,Tokyo,Shibuya City,https://www.pleasure-company.com/atha/,4.2,134,35.6463317,139.7117979,banh mi
Phuoc Thanh,Victoria,Melbourne,,4,58,-37.8121011,144.9642567,banh mi
Bánh Mì Chị Tôi | My Sister’s Sandwich Café,Massachusetts,Boston,https://banhmichitoi.com/,4.8,76,42.2978106,-71.060633,banh mi
Nom Nam,New York,New York,http://www.nomnamnyc.com/,4.8,198,40.7453564,-73.9776292,banh mi
サイゴン シャック,New York,New York,http://saigonshack.com/,4.4,2648,40.729705,-74.0006397,banh mi
Banh Mi Paris Express,California,Chula Vista,https://www.banhmipx.com/,4.9,39,32.6405926,-117.0937271,banh mi
Le’s Banh Mi,Hawaii,Honolulu,https://instagram.com/les_banhmi?igshid=YmMyMTA2M2Y=,4.9,105,21.2967649,-157.8423428,banh mi
Paris Banh Mi,Idaho,Meridian,https://www.parisbanhmimeridian.com/,4.8,400,43.6184863,-116.3662274,banh mi
La Baguette Vietnamese Sandwiches,California,Palm Desert,https://www.labaguettesandwiches.com/,4.8,259,33.7970591,-116.3874814,banh mi
Nón Lá,New York,New York,https://www.grubhub.com/restaurant/nn-l-128-e-4th-st-new-york/2471789,4.6,376,40.72526999999999,-73.98756999999999,banh mi
Mr. Banh Mi,New York,不明,http://mrbanhminyc.com/,4.9,102,40.5994372,-73.9902547,banh mi
Bánh Mì Saigon,California,Garden Grove,https://banh-mi-saigon.square.site/?source=qr-code,4.2,371,33.7611892,-117.9558994,banh mi
Wow Banh Mi,England,不明,https://www.instagram.com/wow.banhmi/,4.9,457,53.4868058,-2.2272535,banh mi
Banh Ngon,Manitoba,Winnipeg,,4.9,125,49.8965683,-97.1630182,banh mi
Khang Vietnamese Sandwich & Cafe,Texas,Houston,,4.6,110,29.7043679,-95.6264506,banh mi
Banh Mi K,Massachusetts,Boston,https://www.orderbanhmik.com/,4.5,79,42.3526422,-71.1303867,banh mi
Nguyen Ngoc,Texas,Houston,https://www.nguyenngochtx.com/Home,4.8,292,29.9804171,-95.4917445,banh mi
Banh Mi No 1,Texas,Houston,https://www.banhmino1htx.com/,4.6,76,29.9336217,-95.45725859999999,banh mi
Bánh Mì & Co,Illinois,Chicago,https://www.banhmico.com/,3.9,284,41.940666,-87.65110299999999,banh mi
Banh Mi Ngon,New Jersey,Cherry Hill,https://www.banhmingonnj.com/,4.7,127,39.8910686,-75.018577,banh mi
Pho Banh Mi Saigon Baguette & Boba Tea,Florida,Melbourne,http://banhmisaigonbaguette1.com/,4.8,239,28.1191373,-80.6719217,banh mi
MO TEA AND BANH MI,Illinois,Naperville,https://moteabanhmi.com/,4.7,166,41.7089254,-88.1876126,banh mi
Paris Banh Mi Altamonte Springs,Florida,Altamonte Springs,https://www.parisbanhmialtamontesprings.com/,4.9,445,28.6630925,-81.3835802,banh mi
Boilicious Vietnamese Takeout,New York,New York,,4.6,144,40.7521535,-73.9739379,banh mi
Bánh Mì and Bottles,Pennsylvania,Philadelphia,http://banhmiandbottles.com/,4.6,618,39.942194,-75.1544156,banh mi
220C Banh Mi & Coffee,North Carolina,Charlotte,http://banhmi220.com/,4.9,293,35.1358733,-80.7381908,banh mi
バインミー☆ サンドイッチ,Tokyo,Shibuya City,https://www.instagram.com/banhmi_sandwich_takadanobaba/,4.4,20,35.6683371,139.7048337,banhmi
バインミーバイミー,Tokyo,Suginami City,https://www.instagram.com/banhmi.byme,4.8,58,35.70508770000001,139.6469223,banhmi
バインミー☆サンドイッチ,Tokyo,Shinjuku City,https://twitter.com/banhmi_sandwich,4.3,634,35.7132389,139.7031536,banhmi
BANH MI NGON NGON TAKADANOBABA,Tokyo,Shinjuku City,,4.1,283,35.7124601,139.7003927,banhmi
バインミー☆サンドイッチ 水道橋東口店,Tokyo,Chiyoda City,https://www.facebook.com/BanhmiSuidobashi-101056862182378/,4.3,270,35.7013156,139.7556301,banhmi
スタンドバインミー,Tokyo,Meguro City,https://www.instagram.com/standbanhmi/,4.3,263,35.628886,139.6877641,banhmi
バインミーシンチャオ,Tokyo,Shinjuku City,https://www.facebook.com/B%C3%A1nh-M%C3%AC-Xin-Ch%C3%A0o-1068932589815886/?ref=settings,4.2,449,35.7126653,139.7005539,banhmi
EBISU BANH MI BAKERY,Tokyo,Shibuya City,http://ebis-banhmi.com/,4.4,415,35.6479071,139.7102118,banhmi
バインミー ウィン,Osaka,Osaka,https://banhmiwin.com/,4.6,236,34.7047462,135.5221031,banhmi
BANH MI XIN CHAO CAFE ASAKUSA バインミーシンチャオカフェ 浅草,Tokyo,Taito City,http://banhmixinchao.co.jp/,4.3,409,35.7101788,139.7978598,banhmi
バインミーゴンゴン船橋,Chiba,Funabashi,https://www.facebook.com/Shinjuku.BanhMiNgonNgon/,4.2,107,35.7011647,139.9882478,banhmi
BanhMi Kyoto製パン,Kyoto,Kyoto,https://business.google.com/v/_/AKsrIN0puJiEKfEO86dS_PDxoSa_6Tt6rzPnFu4MT8AzJ0ZBdzA0H-I/ddf8/_?exp=1778401&myads=1,4.6,73,34.9550669,135.7612292,banhmi
ベトナム酒場 ROB PHOTONS ロブフォートンズ 盛岡店,Iwate,Morioka,https://www.robphoton.com/,3.9,65,39.7039005,141.1477487,バインミー
盛岡横丁,Iwate,Morioka,https://moriokayokocho.com/,3.8,145,39.7038993,141.1477135,バインミー
&GOODONUT(アンドグッドナ),Iwate,Morioka,https://instagram.com/andgoodonut?igshid=MzRlODBiNWFlZA==,2.9,14,39.6707642,141.1536395,バインミー
Bánh Mì Xin Chào,Tokyo,Toshima City,http://banhmixinchao.co.jp/,3.9,155,35.7303444,139.7151945,バインミー
サイゴンフレッシュ ポールタウン店,Hokkaido,Sapporo,https://saigonfresh.jp/,4.5,101,43.0564289,141.3530917,バインミー
バインミーバイミー,Tokyo,Suginami City,https://www.instagram.com/banhmi.byme,4.8,58,35.70508770000001,139.6469223,バインミー
バインミーバーバー中目黒,Tokyo,Meguro City,https://banhmibaba-nakameguro.com/,4.5,117,35.6429091,139.6987712,バインミー
バインミー☆サンドイッチ,Tokyo,Shinjuku City,https://twitter.com/banhmi_sandwich,4.3,634,35.7132389,139.7031536,バインミー
Nha Viet Nam premier 銀座店,Tokyo,Chuo City,https://nha-vietnam.info/,3.9,111,35.6674942,139.7624459,バインミー
バインミー☆ サンドイッチ,Tokyo,Shibuya City,https://www.instagram.com/banhmi_sandwich_takadanobaba/,4.4,20,35.6683371,139.7048337,バインミー
バインミーバーバー川越店 Bánh Mì Bà Ba kawagoe,Saitama,Kawagoe,https://yoyaku.tabelog.com/yoyaku/net_booking_form/index?rcd=11059812,4.8,97,35.9146002,139.4830906,バインミー
バインミー☆サンドイッチ 水道橋東口店,Tokyo,Chiyoda City,https://www.facebook.com/BanhmiSuidobashi-101056862182378/,4.3,270,35.7013156,139.7556301,バインミー
バインミー シンチャオ イオンモール太田,Gunma,Ota,https://banhmixinchao.co.jp/,4.3,36,36.29337599999999,139.3990887,バインミー
バインミーバーバー 吉祥寺店,Tokyo,Musashino,https://www.instagram.com/banhmibaba_kichijoji/,4.6,98,35.7025172,139.5790211,バインミー
バインミー☆サンドイッチ 吉祥寺北口店,Tokyo,Musashino,,4.5,41,35.7038965,139.5789945,バインミー
THAO’S BANH MI,Kanagawa,Kawasaki,https://www.instagram.com/thaosbanhmi/,4.4,393,35.5655398,139.6548893,バインミー
ビベト,Nagano,Matsumoto,,4.4,75,36.23243799999999,137.9677722,バインミー
バインミーパテ ベトナムサンドイッチ,Kanagawa,Chigasaki,https://banhmipate.com/,4.5,66,35.3399088,139.4394374,バインミー
ローアンプラー,Niigata,Niigata,https://instagram.com/rouannpular?igshid=YmMyMTA2M2Y=,4.3,48,37.7972236,139.1220556,バインミー
BÁNH MÌ VIỆT,Kanagawa,Yokohama,https://www.banhmivietjp.com/?utm_source=gmb&utm_medium=referral,4.4,131,35.4324879,139.4757654,バインミー
本格ベトナム料理 PHO VIET NAM,Miyagi,Sendai,,4,162,38.2654881,140.8828301,バインミー
Ăn gì ? (アンジー?),Hokkaido,Sapporo,https://instagram.com/angi_vietnam333?igshid=NTc4MTIwNjQ2YQ==,4.1,20,43.0825718,141.346616,バインミー
ホンズ・キッチン,Tokyo,Ota City,https://instagram.com/hungs_kitchen_tokyo?utm_medium=copy_link,4.6,163,35.5638882,139.7152537,バインミー
ベトナム料理タンマイ,Gunma,Maebashi,https://www.dan-b.com/thanhmai/,4.2,146,36.4079501,139.0656828,バインミー
バインミー☆サンドイッチ,Chiba,Funabashi,,4.1,15,35.7011936,140.0278662,バインミー
BANH MI XIN CHAO KAMATA バインミーシンチャオ蒲田店,Tokyo,Ota City,http://banhmixinchao.co.jp/,3.9,87,35.5647655,139.7144641,バインミー
バインミー サイゴンフレッシュ 本店,Hokkaido,Sapporo,https://saigonfresh.jp/,4.5,148,43.0573518,141.339118,バインミー
ベトナムバインミー三ツ沢下町店BÁNH MÌ VIỆT NAM,Kanagawa,Yokohama,,4.4,49,35.4763652,139.6145326,バインミー
Soc Con Fast Food バインミー リスちゃん,Tokyo,Shinjuku City,https://instagram.com/rischangbanhmi?igshid=YmMyMTA2M2Y=,4.4,57,35.701749,139.6979722,バインミー
アオサンズ,Aichi,Nagoya,http://aosuns.win/,4.4,177,35.1606625,136.9016408,バインミー
カム バイ スタンド バインミー CƠME by Stand Bánh Mì,Tokyo,Minato City,https://www.instagram.com/comebystandbanhmi?igsh=MXJvOHFiY2kzOTBtZg==,4.1,11,35.6621938,139.7414891,バインミー
バインミーゴンゴン船橋,Chiba,Funabashi,https://www.facebook.com/Shinjuku.BanhMiNgonNgon/,4.2,107,35.7011647,139.9882478,バインミー
バインミーモチ,Chiba,Chiba,http://sieuthiminitunjp.com/,4.3,49,35.6159196,140.114405,バインミー
バインミーシンチャオ,Tokyo,Shinjuku City,https://www.facebook.com/B%C3%A1nh-M%C3%AC-Xin-Ch%C3%A0o-1068932589815886/?ref=settings,4.2,449,35.7126653,139.7005539,バインミー
タン・ハー,Kanagawa,Yokohama,,4.4,602,35.42987060000001,139.4755859,バインミー
バインミーバーバー下北沢店,Tokyo,Setagaya City,https://banhmibaba.com/,4.6,398,35.6628814,139.6657317,バインミー
バインミーハバ,Tokyo,Fussa,,4.5,40,35.7398776,139.3260997,バインミー
スタンドバインミー,Tokyo,Meguro City,https://www.instagram.com/standbanhmi/,4.3,263,35.628886,139.6877641,バインミー
ベトナムデリ珈琲 瀬戸本店,Aichi,Seto,https://vietnamdelicoffee.com/,4.1,102,35.2112348,137.0839904,バインミー
越南路 エツナンルー,Osaka,Osaka,https://etsunanru.com/,3.7,53,34.7057911,135.4979853,バインミー
アンディー,Tokyo,Setagaya City,http://www.andi-setagaya.com/,4.3,151,35.6348202,139.6121113,バインミー
バインミー太陽 BÁNH MÌ TAIYO,Saitama,Yoshikawa,,4.5,75,35.8762564,139.8430331,バインミー
サイゴンレストラン 札幌店,Hokkaido,Sapporo,https://www.hotpepper.jp/strJ003516828/,4.3,80,43.0043923,141.4306734,バインミー
ベトナム・フォー,神奈川県,横浜市,https://www.facebook.com/Ph%E1%BB%9F-Vi%E1%BB%87t-Qu%C3%A1n-%E3%83%99%E3%83%88%E3%83%8A%E3%83%A0%E6%96%99%E7%90%86-110644234729421,4.4,178,35.423392,139.6015962,バインミー
BANH MI XIN CHAO CAFE ASAKUSA バインミーシンチャオカフェ 浅草,Tokyo,Taito City,http://banhmixinchao.co.jp/,4.3,409,35.7101788,139.7978598,バインミー
HÀO NGUYÊN(ハオ グエン),Fukushima,Nihommatsu,https://haonguyenshop.com/,4.3,110,37.60511899999999,140.3564725,バインミー
バインミー バル ハチ,Tokyo,Suginami City,https://www.instagram.com/nishiogi.hachi/,4.6,19,35.69941,139.5985799,バインミー
バインミーサンドイッチ神保町店,Tokyo,Chiyoda City,,4.6,59,35.6960762,139.7562785,バインミー
ベトナムサンドイッチ DZO DZO ヨーヨー お持ち帰り専門店,群馬県,桐生市,https://www.facebook.com/profile.php?id=100088818081333,4.7,12,36.422242,139.349059,バインミー
ベトナム料理ヒヨコ (Quán GÀ CON),東京都,杉並区,,4.5,59,35.706278,139.6504264,バインミー
BANH MI NGON NGON TAKADANOBABA,Tokyo,Shinjuku City,,4.1,283,35.7124601,139.7003927,バインミー
ハノイ町 蔵前店,Tokyo,Taito City,,4.6,197,35.7056403,139.7935581,バインミー
エムオーイ EM★OI ベトナムカフェ,Osaka,Higashiosaka,,4.7,94,34.6513947,135.5839424,バインミー
ベト屋 築地店,Tokyo,Chuo City,https://betoya.jp/store/tsukiji/,4.3,233,35.6676442,139.7723177,バインミー
KING PHO キングフォー,Ibaraki,Tsukuba,,4.3,131,36.0914136,140.1113754,バインミー
ベトナム料理カフェ aLo aLo,Kanagawa,Yamato,,4.3,104,35.4695597,139.4660532,バインミー
EBISU BANH MI BAKERY,Tokyo,Shibuya City,http://ebis-banhmi.com/,4.4,415,35.6479071,139.7102118,バインミー
Ai Bánh Mì あいバインミー,Osaka,Osaka,http://www.facebook.com/aibanhmi,4.4,285,34.64962,135.506569,バインミー
ベトナム料理専門店 カム オン ベトナム,Kanagawa,Yamato,,4.5,241,35.4951614,139.4471492,バインミー
BANH MI XIN CHAO NAGOYA,Aichi,Nagoya,,4.1,172,35.1722409,136.9115925,バインミー
本格ベトナム料理 PHO VIET NAM,Miyagi,Sendai,,4,162,38.2654881,140.8828301,banh mi
音楽酒場 ワルツ,Miyagi,Sendai,https://www.google.com/url?q=https://www.hotpepper.jp/strJ003451120/&sa=U&sqi=2&ved=2ahUKEwiGxITExq6CAxW7sFYBHRxNBjwQFnoECB8QAQ&usg=AOvVaw0UlRtGawUjSPCJVgc9xSLm,4.3,23,38.2604349,140.869525,banh mi
バインミーバイミー,Tokyo,Suginami City,https://www.instagram.com/banhmi.byme,4.8,58,35.70508770000001,139.6469223,banh mi
バインミー☆サンドイッチ,Tokyo,Shinjuku City,https://twitter.com/banhmi_sandwich,4.3,634,35.7132389,139.7031536,banh mi
バインミーシンチャオ,Tokyo,Shinjuku City,https://www.facebook.com/B%C3%A1nh-M%C3%AC-Xin-Ch%C3%A0o-1068932589815886/?ref=settings,4.2,449,35.7126653,139.7005539,banh mi
スタンドバインミー,Tokyo,Meguro City,https://www.instagram.com/standbanhmi/,4.3,263,35.628886,139.6877641,banh mi
ベト屋 築地店,Tokyo,Chuo City,https://betoya.jp/store/tsukiji/,4.3,233,35.6676442,139.7723177,banh mi
EBISU BANH MI BAKERY,Tokyo,Shibuya City,http://ebis-banhmi.com/,4.4,415,35.6479071,139.7102118,banh mi
BANH MI XIN CHAO CAFE ASAKUSA バインミーシンチャオカフェ 浅草,Tokyo,Taito City,http://banhmixinchao.co.jp/,4.3,409,35.7101788,139.7978598,banh mi
BANH MI XIN CHAO NAGOYA,Aichi,Nagoya,,4.1,172,35.1722409,136.9115925,banh mi
Soc Con Fast Food バインミー リスちゃん,Tokyo,Shinjuku City,https://instagram.com/rischangbanhmi?igshid=YmMyMTA2M2Y=,4.4,57,35.701749,139.6979722,banh mi
FOODVn - X3,Ishikawa,Kanazawa,https://www.nichichouju.com/,4.9,551,36.5802369,136.6473659,banh mi
バインミー ウィン,Osaka,Osaka,https://banhmiwin.com/,4.6,236,34.7047462,135.5221031,banh mi
ベトニャット,Tokyo,Shinjuku City,,4.8,373,35.6900589,139.712109,banh mi
90年代美味南ベトナム料理 PHUONG NAM (フーンナム),Tokyo,Minato City,https://phuongnam.gorp.jp/,4.1,254,35.6648376,139.7329885,banh mi
ジューシー バインミー,Aichi,Nagoya,https://www.banhmi.xyz/,4.6,196,35.1939362,136.9419838,banh mi
BANH MI XIN CHAO SHINSAIBASHI バインミーシンチャオ心斎橋店,Osaka,Osaka,http://banhmixinchao.co.jp/,4.1,197,34.6742769,135.50194,banh mi
いいな ベトナム料理,Chiba,Chiba,http://2ndbrain.co.jp/,4.3,111,35.6367797,140.0910947,banh mi
1998QUÁN,Kanagawa,Sagamihara,https://www.facebook.com/hanhgiang1998/?locale=ms_MY,4.3,76,35.5781867,139.3746464,banh mi
ゴン クアン ベトナムレストラン,Chiba,Yachiyo,,3.8,57,35.7002176,140.0899262,banh mi
アンディー,Tokyo,Setagaya City,http://www.andi-setagaya.com/,4.3,151,35.6348202,139.6121113,banh mi
タン・ハー,Kanagawa,Yokohama,,4.4,602,35.42987060000001,139.4755859,banh mi
ダイナーヴァン,Tokyo,Koto City,https://www.instagram.com/diner_vang/,4,224,35.6812369,139.8055342,banh mi
ベトナム料理★Cafe Hasuna 浜松葵西店,Shizuoka,Hamamatsu,https://banhmi-hasuna.com/,4.3,217,34.7680349,137.7069614,banh mi
THE PIG ＆ THE LADY,Tokyo,Shibuya City,https://thepigandthelady.jp/,4.1,467,35.6463875,139.7089094,banh mi
ベトナムレストランNGON-2号店,Saitama,Saitama,https://www.hotpepper.jp/strJ001292107/,4.3,118,35.9088404,139.6260448,banh mi
Ăn gì ? (アンジー?),Hokkaido,Sapporo,https://instagram.com/angi_vietnam333?igshid=NTc4MTIwNjQ2YQ==,4.1,20,43.0825718,141.346616,banh mi
HuongQue Restaurant,Osaka,Osaka,https://www.facebook.com/HuongQueRestaurantOsaka,4.2,79,34.6680628,135.5039362,banh mi
Chè 333（チェー・バーバーバー）,Tokyo,Meguro City,https://che333.jp/,3.3,11,35.6289212,139.6833796,banh mi
アンゴン,Osaka,Osaka,https://www.instagram.com/anngon.1998/,4.4,635,34.676695,135.498163,banh mi
ベトナム居酒屋ニャウ Nhau Thien An,Saitama,Kawaguchi,,3.7,97,35.8159609,139.7048484,banh mi
ベトナムダイニング ジャディンGIA ĐÌNH一号店,Tochigi,Utsunomiya,https://gia-dinh.jp/,4.4,79,36.5602965,139.8872367,banh mi
THIEN BAO QUAN 天宝店,Gunma,Takasaki,,4.2,83,36.3296204,139.0143252,banh mi
Hà Nội Phở -大ちゃん - nhà hàng-karaoke-cà phê- bi-a,Ibaraki,Tsuchiura,https://www.facebook.com/lan.nguen.948494,3.7,26,36.1220978,140.2328137,banh mi
ベトナム料理リスちゃん 新大久保 SOC CON SHINOKUBO,Tokyo,Shinjuku City,,3.6,75,35.7008409,139.7055671,banh mi
イエローバンブー 飯野ビル店,Tokyo,Chiyoda City,http://yellow-bamboo.com/,3.9,128,35.6705739,139.7528972,banh mi
Vietnam French De Salita（ベトナムフレンチデサリータ）,Tokyo,Musashino,https://desalita-kichijoji.com/,4.3,280,35.7023953,139.5768169,banh mi
Nouvelle Ethnique ATHA,Tokyo,Shibuya City,https://www.pleasure-company.com/atha/,4.2,134,35.6463317,139.7117979,banh mi
Phuoc Thanh,Victoria,Melbourne,,4,58,-37.8121011,144.9642567,banh mi
Bánh Mì Chị Tôi | My Sister’s Sandwich Café,Massachusetts,Boston,https://banhmichitoi.com/,4.8,76,42.2978106,-71.060633,banh mi
フォーミン,Kanagawa,Yokohama,,4.4,273,35.4957412,139.6659284,banh mi
トックティー,Saitama,Kawaguchi,https://www.facebook.com/profile.php?id=100063627967186,4.1,56,35.8148502,139.7039448,banh mi
アンディ An Di,Tokyo,Shibuya City,http://andivietnamese.com/,4.4,244,35.6719112,139.7138988,banh mi
ベトナムレストラン ティティ Vietnamese Restaurant THI THI,Tokyo,Ota City,https://www.facebook.com/Vietnameserestaurantthithi,4.5,658,35.5624932,139.7201901,banh mi
フォーハノイ キッチン＆カフェ,Tokyo,Suginami City,https://www.instagram.com/phohanoi_asagaya/,4.2,117,35.6999485,139.6346523,banh mi
ベトナム料理Tay Ho Quan(テイホークァン）上野本店,Tokyo,Taito City,https://tayhoquan-ueno.owst.jp/,4.3,126,35.7094776,139.7717179,banh mi
Madam Mỹ modern thai vietnamese,Tokyo,Chuo City,https://www.huge.co.jp/restaurant/modern-asian/madammy,4.1,375,35.6699885,139.7597373,banh mi
フォーベト,Tokyo,Toshima City,https://tabelog.com/tokyo/A1305/A130501/13002878/,4.3,699,35.7307282,139.7060359,banh mi
DADAÏ THAI VIETNAMESE DIM SUM,Tokyo,Shibuya City,https://www.huge.co.jp/restaurant/modern-asian/dadai,4,444,35.6623369,139.7019021,banh mi
ベトナムダイニング フォーチュン池袋,Tokyo,Toshima City,http://r.gnavi.co.jp/ddtb7vf70000/,4,362,35.7302996,139.7071058,banh mi
nụ(ヌー) ベトナムごはん&お茶,Tokyo,Setagaya City,https://nu-setagaya.com/,4.4,18,35.6358622,139.6106717,banh mi
CO BAY,Kanagawa,Ebina,,4.6,71,35.4702528,139.4359926,banh mi
ベトナムの食卓 HOAHOA,Kanagawa,Yokohama,https://www.vietnam-hoahoa.com/,4.1,190,35.5542513,139.6452789,banh mi
フォン フォー,Tokyo,Tama,,4.2,115,35.6261599,139.4301248,banh mi
BRUNCHES (All Day Breakfast),Kanagawa,Fujisawa,https://www.instagram.com/brunches_tsujido/,4.2,238,35.3353471,139.446168,banh mi
蔵王カフェ＆バル Chotto,Yamagata,Yamagata,https://zaoucafe-bar-chotto.foodre.jp/,4.5,131,38.1686859,140.3967786,banh mi
Nom Nam,New York,New York,http://www.nomnamnyc.com/,4.8,198,40.7453564,-73.9776292,banh mi
サイゴン シャック,New York,New York,http://saigonshack.com/,4.4,2648,40.729705,-74.0006397,banh mi
Banh Mi Paris Express,California,Chula Vista,https://www.banhmipx.com/,4.9,39,32.6405926,-117.0937271,banh mi
Le’s Banh Mi,Hawaii,Honolulu,https://instagram.com/les_banhmi?igshid=YmMyMTA2M2Y=,4.9,105,21.2967649,-157.8423428,banh mi
バインミー☆ サンドイッチ,Tokyo,Shibuya City,https://www.instagram.com/banhmi_sandwich_takadanobaba/,4.4,20,35.6683371,139.7048337,banhmi
バインミーバイミー,Tokyo,Suginami City,https://www.instagram.com/banhmi.byme,4.8,58,35.70508770000001,139.6469223,banhmi
バインミー☆サンドイッチ,Tokyo,Shinjuku City,https://twitter.com/banhmi_sandwich,4.3,634,35.7132389,139.7031536,banhmi
BANH MI NGON NGON TAKADANOBABA,Tokyo,Shinjuku City,,4.1,283,35.7124601,139.7003927,banhmi
バインミー☆サンドイッチ 水道橋東口店,Tokyo,Chiyoda City,https://www.facebook.com/BanhmiSuidobashi-101056862182378/,4.3,270,35.7013156,139.7556301,banhmi
スタンドバインミー,Tokyo,Meguro City,https://www.instagram.com/standbanhmi/,4.3,263,35.628886,139.6877641,banhmi
バインミーシンチャオ,Tokyo,Shinjuku City,https://www.facebook.com/B%C3%A1nh-M%C3%AC-Xin-Ch%C3%A0o-1068932589815886/?ref=settings,4.2,449,35.7126653,139.7005539,banhmi
EBISU BANH MI BAKERY,Tokyo,Shibuya City,http://ebis-banhmi.com/,4.4,415,35.6479071,139.7102118,banhmi
バインミーゴンゴン船橋,Chiba,Funabashi,https://www.facebook.com/Shinjuku.BanhMiNgonNgon/,4.2,107,35.7011647,139.9882478,banhmi
バインミー ウィン,Osaka,Osaka,https://banhmiwin.com/,4.6,236,34.7047462,135.5221031,banhmi
BANH MI XIN CHAO CAFE ASAKUSA バインミーシンチャオカフェ 浅草,Tokyo,Taito City,http://banhmixinchao.co.jp/,4.3,409,35.7101788,139.7978598,banhmi
ハノイ町 蔵前店,Tokyo,Taito City,,4.6,197,35.7056403,139.7935581,banhmi
BanhMi Kyoto製パン,Kyoto,Kyoto,https://business.google.com/v/_/AKsrIN0puJiEKfEO86dS_PDxoSa_6Tt6rzPnFu4MT8AzJ0ZBdzA0H-I/ddf8/_?exp=1778401&myads=1,4.6,73,34.9550669,135.7612292,banhmi
本格ベトナム料理 PHO VIET NAM,Miyagi,Sendai,,4,162,38.2654881,140.8828301,バインミー
Làng Việt Quán ベトナム料理,Miyagi,Sendai,https://www.facebook.com/profile.php?id=100080503508105,4.1,19,38.2459527,140.8891144,バインミー
ベトナム料理 LANG VIET QUAN,Miyagi,Sendai,https://www.facebook.com/asianryoricuisine,4.2,33,38.25799749999999,140.8723637,バインミー
Cho Lon（チョロン）,Miyagi,Sendai,,4,234,38.2590454,140.8719592,バインミー
maison cœlacanthe(メゾン シーラカンス),Miyagi,Sendai,https://www.instagram.com/maison_coelacanthe,4,295,38.258614,140.875006,バインミー
ザイトゥーン,Miyagi,Sendai,https://www.zaytoon-sendai.com/,4.6,144,38.25300660000001,140.883836,バインミー
音楽酒場 ワルツ,Miyagi,Sendai,https://www.google.com/url?q=https://www.hotpepper.jp/strJ003451120/&sa=U&sqi=2&ved=2ahUKEwiGxITExq6CAxW7sFYBHRxNBjwQFnoECB8QAQ&usg=AOvVaw0UlRtGawUjSPCJVgc9xSLm,4.3,23,38.2604349,140.869525,バインミー
BB Vinmart siêu thị hàng việt,Miyagi,Sendai,https://www.facebook.com/BB-Vinmart-si%C3%AAu-th%E1%BB%8B-h%C3%A0ng-vi%E1%BB%87t-107040464579464,4,4,38.2655565,140.8831893,バインミー
わでいはるふぁ,Miyagi,Sendai,http://sendai-wadihalfa.com/,4.3,55,38.2589079,140.8674164,バインミー
Cafe＆Lounge Pomme,Miyagi,Sendai,,4.6,24,38.3258625,140.8800955,バインミー
UP!BAKER 定禅寺本店,Miyagi,Sendai,https://upbaker.jp/,4.1,257,38.2644965,140.8650634,バインミー
大衆食堂 半田屋 東口BiVi店,Miyagi,Sendai,http://www.handaya.jp/shop/miyagi/%E6%9D%B1%E5%8F%A3bivi%E5%BA%97,3.9,1055,38.2610696,140.884005,バインミー
Garden Kitchen 海と風,Miyagi,Sendai,https://garden-kitchen-sendai.com/,4.8,22,38.2212217,140.9818599,バインミー
カフェ モーツアルト・クレーズコーヒー,Miyagi,Sendai,http://mozartatelier.jugem.jp/,3.9,108,38.2588788,140.8544618,バインミー
やみつきホルモン 利久 仙台GIGS荒井店,Miyagi,Sendai,https://www.rikyu-gyutan.co.jp/,4,207,38.2433917,140.9490376,バインミー
クロミケ堂,Miyagi,Sendai,http://linktr.ee/kuromiketang,4.4,67,38.2556841,140.8894003,バインミー
café BANANA,Miyagi,Sendai,,4.3,6,38.2719815,140.8686193,バインミー
カスクルート,Miyagi,Sendai,,4.2,67,38.26734800000001,140.8778039,バインミー
フラットホワイトコーヒーファクトリー IGOONE荒井店,Miyagi,Sendai,http://www.flatwhite.jp/,4.2,337,38.2422591,140.9483303,バインミー
ペンギンベーカリー仙台長町店,Miyagi,Sendai,https://www.penguinbakery.com/,3.5,126,38.2223843,140.8840834,バインミー
ベーグルＵ,Miyagi,Sendai,https://instagram.com/bagel_u_sendai,4.3,187,38.2165484,140.8687877,バインミー
NANA+Ichi cafe,Miyagi,Sendai,https://7dp.jp/nanaichi-cafe/,4.4,9,38.3184598,140.8769205,バインミー
串天ぷらと日本酒 燦々、,Miyagi,Sendai,https://instagram.com/33sendai_?igshid=NTc4MTIwNjQ2YQ==,4.3,17,38.2585849,140.888126,バインミー
柴田パン本店,Miyagi,Sendai,http://shibatapan-honten.jp/,3.8,373,38.2508339,140.8942921,バインミー
kashiwa茶寮,Miyagi,Sendai,https://www.instagram.com/kashiwa_saryo/,1,2,38.3189365,140.8863614,バインミー
･,Miyagi,Murata,,4,223,38.1703443,140.7672693,バインミー
kazunori ikeda individuel 南町通店,Miyagi,Sendai,http://www.kazunoriikeda.com/,4.2,743,38.2582988,140.8738747,バインミー
ジョイフル 名取バイパス店,Miyagi,Natori,https://www.joyfull.co.jp/,3.5,611,38.1700184,140.8897708,バインミー
Bánh Mì Xin Chào,Tokyo,Toshima City,http://banhmixinchao.co.jp/,3.9,155,35.7303444,139.7151945,バインミー
バインミー☆ サンドイッチ,Tokyo,Shibuya City,https://www.instagram.com/banhmi_sandwich_takadanobaba/,4.4,20,35.6683371,139.7048337,バインミー
バインミーバイミー,Tokyo,Suginami City,https://www.instagram.com/banhmi.byme,4.8,58,35.70508770000001,139.6469223,バインミー
バインミーバーバー中目黒,Tokyo,Meguro City,https://banhmibaba-nakameguro.com/,4.5,117,35.6429091,139.6987712,バインミー
バインミー☆サンドイッチ,Tokyo,Shinjuku City,https://twitter.com/banhmi_sandwich,4.3,634,35.7132389,139.7031536,バインミー
バインミーバーバー川越店 Bánh Mì Bà Ba kawagoe,Saitama,Kawagoe,https://yoyaku.tabelog.com/yoyaku/net_booking_form/index?rcd=11059812,4.8,97,35.9146002,139.4830906,バインミー
バインミー☆サンドイッチ 水道橋東口店,Tokyo,Chiyoda City,https://www.facebook.com/BanhmiSuidobashi-101056862182378/,4.3,270,35.7013156,139.7556301,バインミー
バインミーバーバー 吉祥寺店,Tokyo,Musashino,https://www.instagram.com/banhmibaba_kichijoji/,4.6,98,35.7025172,139.5790211,バインミー
Nha Viet Nam premier 銀座店,Tokyo,Chuo City,https://nha-vietnam.info/,3.9,111,35.6674942,139.7624459,バインミー
バインミー☆サンドイッチ 吉祥寺北口店,Tokyo,Musashino,,4.5,41,35.7038965,139.5789945,バインミー
バインミーパテ ベトナムサンドイッチ,Kanagawa,Chigasaki,https://banhmipate.com/,4.5,66,35.3399088,139.4394374,バインミー
BÁNH MÌ VIỆT,Kanagawa,Yokohama,https://www.banhmivietjp.com/?utm_source=gmb&utm_medium=referral,4.4,131,35.4324879,139.4757654,バインミー
バインミー シンチャオ イオンモール太田,Gunma,Ota,https://banhmixinchao.co.jp/,4.3,36,36.29337599999999,139.3990887,バインミー
THAO’S BANH MI,Kanagawa,Kawasaki,https://www.instagram.com/thaosbanhmi/,4.4,393,35.5655398,139.6548893,バインミー
バインミーゴンゴン船橋,Chiba,Funabashi,https://www.facebook.com/Shinjuku.BanhMiNgonNgon/,4.2,107,35.7011647,139.9882478,バインミー
Soc Con Fast Food バインミー リスちゃん,Tokyo,Shinjuku City,https://instagram.com/rischangbanhmi?igshid=YmMyMTA2M2Y=,4.4,57,35.701749,139.6979722,バインミー
ベトナムバインミー三ツ沢下町店BÁNH MÌ VIỆT NAM,Kanagawa,Yokohama,,4.4,49,35.4763652,139.6145326,バインミー
バインミーモチ,Chiba,Chiba,http://sieuthiminitunjp.com/,4.3,49,35.6159196,140.114405,バインミー
アオサンズ,Aichi,Nagoya,http://aosuns.win/,4.4,177,35.1606625,136.9016408,バインミー
BANH MI XIN CHAO KAMATA バインミーシンチャオ蒲田店,Tokyo,Ota City,http://banhmixinchao.co.jp/,3.9,87,35.5647655,139.7144641,バインミー
バインミーバーバー下北沢店,Tokyo,Setagaya City,https://banhmibaba.com/,4.6,398,35.6628814,139.6657317,バインミー
おじいさんフォーベトナム料理,Saitama,Saitama,,4.7,54,35.940764,139.6112494,バインミー
バインミーハバ,Tokyo,Fussa,,4.5,40,35.7398776,139.3260997,バインミー
バインミーシンチャオ,Tokyo,Shinjuku City,https://www.facebook.com/B%C3%A1nh-M%C3%AC-Xin-Ch%C3%A0o-1068932589815886/?ref=settings,4.2,449,35.7126653,139.7005539,バインミー
バインミー太陽 BÁNH MÌ TAIYO,Saitama,Yoshikawa,,4.5,75,35.8762564,139.8430331,バインミー
スタンドバインミー,Tokyo,Meguro City,https://www.instagram.com/standbanhmi/,4.3,263,35.628886,139.6877641,バインミー
ホンズ・キッチン,Tokyo,Ota City,https://instagram.com/hungs_kitchen_tokyo?utm_medium=copy_link,4.6,163,35.5638882,139.7152537,バインミー
ローアンプラー,Niigata,Niigata,https://instagram.com/rouannpular?igshid=YmMyMTA2M2Y=,4.3,48,37.7972236,139.1220556,バインミー
ベトナム料理タンマイ,Gunma,Maebashi,https://www.dan-b.com/thanhmai/,4.2,146,36.4079501,139.0656828,バインミー
タン・ハー,Kanagawa,Yokohama,,4.4,602,35.42987060000001,139.4755859,バインミー
BANH MI XIN CHAO CAFE ASAKUSA バインミーシンチャオカフェ 浅草,Tokyo,Taito City,http://banhmixinchao.co.jp/,4.3,409,35.7101788,139.7978598,バインミー
ベトナム・フォー,神奈川県,横浜市,https://www.facebook.com/Ph%E1%BB%9F-Vi%E1%BB%87t-Qu%C3%A1n-%E3%83%99%E3%83%88%E3%83%8A%E3%83%A0%E6%96%99%E7%90%86-110644234729421,4.4,178,35.423392,139.6015962,バインミー
アペロと僕と、東根小屋町,Akita,Akita,,4.1,9,39.714464,140.1226032,banh mi
バインミーバイミー,Tokyo,Suginami City,https://www.instagram.com/banhmi.byme,4.8,58,35.70508770000001,139.6469223,banh mi
バインミー☆サンドイッチ,Tokyo,Shinjuku City,https://twitter.com/banhmi_sandwich,4.3,634,35.7132389,139.7031536,banh mi
バインミーシンチャオ,Tokyo,Shinjuku City,https://www.facebook.com/B%C3%A1nh-M%C3%AC-Xin-Ch%C3%A0o-1068932589815886/?ref=settings,4.2,449,35.7126653,139.7005539,banh mi
スタンドバインミー,Tokyo,Meguro City,https://www.instagram.com/standbanhmi/,4.3,263,35.628886,139.6877641,banh mi
ベト屋 築地店,Tokyo,Chuo City,https://betoya.jp/store/tsukiji/,4.3,233,35.6676442,139.7723177,banh mi
BANH MI XIN CHAO NAGOYA,Aichi,Nagoya,,4.1,172,35.1722409,136.9115925,banh mi
BANH MI XIN CHAO CAFE ASAKUSA バインミーシンチャオカフェ 浅草,Tokyo,Taito City,http://banhmixinchao.co.jp/,4.3,409,35.7101788,139.7978598,banh mi
FOODVn - X3,Ishikawa,Kanazawa,https://www.nichichouju.com/,4.9,551,36.5802369,136.6473659,banh mi
EBISU BANH MI BAKERY,Tokyo,Shibuya City,http://ebis-banhmi.com/,4.4,415,35.6479071,139.7102118,banh mi
バインミー ウィン,Osaka,Osaka,https://banhmiwin.com/,4.6,236,34.7047462,135.5221031,banh mi
Soc Con Fast Food バインミー リスちゃん,Tokyo,Shinjuku City,https://instagram.com/rischangbanhmi?igshid=YmMyMTA2M2Y=,4.4,57,35.701749,139.6979722,banh mi
ジューシー バインミー,Aichi,Nagoya,https://www.banhmi.xyz/,4.6,196,35.1939362,136.9419838,banh mi
BANH MI XIN CHAO SHINSAIBASHI バインミーシンチャオ心斎橋店,Osaka,Osaka,http://banhmixinchao.co.jp/,4.1,197,34.6742769,135.50194,banh mi
90年代美味南ベトナム料理 PHUONG NAM (フーンナム),Tokyo,Minato City,https://phuongnam.gorp.jp/,4.1,254,35.6648376,139.7329885,banh mi
ホア セン レストラン,Hokkaido,Sapporo,https://hoasen-sapporo.owst.jp/,4.6,190,43.0516513,141.3545714,banh mi
Ăn gì ? (アンジー?),Hokkaido,Sapporo,https://instagram.com/angi_vietnam333?igshid=NTc4MTIwNjQ2YQ==,4.1,20,43.0825718,141.346616,banh mi
いいな ベトナム料理,Chiba,Chiba,http://2ndbrain.co.jp/,4.3,111,35.6367797,140.0910947,banh mi
タン・ハー,Kanagawa,Yokohama,,4.4,602,35.42987060000001,139.4755859,banh mi
ダイナーヴァン,Tokyo,Koto City,https://www.instagram.com/diner_vang/,4,224,35.6812369,139.8055342,banh mi
ベトニャット,Tokyo,Shinjuku City,,4.8,373,35.6900589,139.712109,banh mi
アンディー,Tokyo,Setagaya City,http://www.andi-setagaya.com/,4.3,151,35.6348202,139.6121113,banh mi
ゴン クアン ベトナムレストラン,Chiba,Yachiyo,,3.8,57,35.7002176,140.0899262,banh mi
THE PIG ＆ THE LADY,Tokyo,Shibuya City,https://thepigandthelady.jp/,4.1,467,35.6463875,139.7089094,banh mi
フォーハノイ キッチン＆カフェ,Tokyo,Suginami City,https://www.instagram.com/phohanoi_asagaya/,4.2,117,35.6999485,139.6346523,banh mi
ベトナムレストランNGON-2号店,Saitama,Saitama,https://www.hotpepper.jp/strJ001292107/,4.3,118,35.9088404,139.6260448,banh mi
ベトナム料理★Cafe Hasuna 浜松葵西店,Shizuoka,Hamamatsu,https://banhmi-hasuna.com/,4.3,217,34.7680349,137.7069614,banh mi
Chè 333（チェー・バーバーバー）,Tokyo,Meguro City,https://che333.jp/,3.3,11,35.6289212,139.6833796,banh mi
HuongQue Restaurant,Osaka,Osaka,https://www.facebook.com/HuongQueRestaurantOsaka,4.2,79,34.6680628,135.5039362,banh mi
ベトナム料理Tay Ho Quan(テイホークァン）上野本店,Tokyo,Taito City,https://tayhoquan-ueno.owst.jp/,4.3,126,35.7094776,139.7717179,banh mi
ベトナムダイニング ジャディンGIA ĐÌNH一号店,Tochigi,Utsunomiya,https://gia-dinh.jp/,4.4,79,36.5602965,139.8872367,banh mi
ベトナム居酒屋ニャウ Nhau Thien An,Saitama,Kawaguchi,,3.7,97,35.8159609,139.7048484,banh mi
アンゴン,Osaka,Osaka,https://www.instagram.com/anngon.1998/,4.4,635,34.676695,135.498163,banh mi
フォーベト,Tokyo,Toshima City,https://tabelog.com/tokyo/A1305/A130501/13002878/,4.3,699,35.7307282,139.7060359,banh mi
DADAÏ THAI VIETNAMESE DIM SUM,Tokyo,Shibuya City,https://www.huge.co.jp/restaurant/modern-asian/dadai,4,444,35.6623369,139.7019021,banh mi
ベトナム料理リスちゃん 新大久保 SOC CON SHINOKUBO,Tokyo,Shinjuku City,,3.6,75,35.7008409,139.7055671,banh mi
ベトナムの食卓 HOAHOA,Kanagawa,Yokohama,https://www.vietnam-hoahoa.com/,4.1,190,35.5542513,139.6452789,banh mi
イエローバンブー 飯野ビル店,Tokyo,Chiyoda City,http://yellow-bamboo.com/,3.9,128,35.6705739,139.7528972,banh mi
Nouvelle Ethnique ATHA,Tokyo,Shibuya City,https://www.pleasure-company.com/atha/,4.2,134,35.6463317,139.7117979,banh mi
Phuoc Thanh,Victoria,Melbourne,,4,58,-37.8121011,144.9642567,banh mi
Bánh Mì Chị Tôi | My Sister’s Sandwich Café,Massachusetts,Boston,https://banhmichitoi.com/,4.8,76,42.2978106,-71.060633,banh mi
Nom Nam,New York,New York,http://www.nomnamnyc.com/,4.8,198,40.7453564,-73.9776292,banh mi
サイゴン シャック,New York,New York,http://saigonshack.com/,4.4,2648,40.729705,-74.0006397,banh mi
Banh Mi Paris Express,California,Chula Vista,https://www.banhmipx.com/,4.9,39,32.6405926,-117.0937271,banh mi
Le’s Banh Mi,Hawaii,Honolulu,https://instagram.com/les_banhmi?igshid=YmMyMTA2M2Y=,4.9,105,21.2967649,-157.8423428,banh mi
La Baguette Vietnamese Sandwiches,California,Palm Desert,https://www.labaguettesandwiches.com/,4.8,259,33.7970591,-116.3874814,banh mi
Nón Lá,New York,New York,https://www.grubhub.com/restaurant/nn-l-128-e-4th-st-new-york/2471789,4.6,376,40.72526999999999,-73.98756999999999,banh mi
Mr. Banh Mi,New York,不明,http://mrbanhminyc.com/,4.9,102,40.5994372,-73.9902547,banh mi
Bánh Mì Saigon,California,Garden Grove,https://banh-mi-saigon.square.site/?source=qr-code,4.2,371,33.7611892,-117.9558994,banh mi
Wow Banh Mi,England,不明,https://www.instagram.com/wow.banhmi/,4.9,457,53.4868058,-2.2272535,banh mi
Banh Ngon,Manitoba,Winnipeg,,4.9,125,49.8965683,-97.1630182,banh mi
Khang Vietnamese Sandwich & Cafe,Texas,Houston,,4.6,110,29.7043679,-95.6264506,banh mi
Banh Mi K,Massachusetts,Boston,https://www.orderbanhmik.com/,4.5,79,42.3526422,-71.1303867,banh mi
Nguyen Ngoc,Texas,Houston,https://www.nguyenngochtx.com/Home,4.8,292,29.9804171,-95.4917445,banh mi
Banh Mi No 1,Texas,Houston,https://www.banhmino1htx.com/,4.6,76,29.9336217,-95.45725859999999,banh mi
Bánh Mì & Co,Illinois,Chicago,https://www.banhmico.com/,3.9,284,41.940666,-87.65110299999999,banh mi
Banh Mi Ngon,New Jersey,Cherry Hill,https://www.banhmingonnj.com/,4.7,127,39.8910686,-75.018577,banh mi
Pho Banh Mi Saigon Baguette & Boba Tea,Florida,Melbourne,http://banhmisaigonbaguette1.com/,4.8,239,28.1191373,-80.6719217,banh mi
MO TEA AND BANH MI,Illinois,Naperville,https://moteabanhmi.com/,4.7,166,41.7089254,-88.1876126,banh mi
Paris Banh Mi Altamonte Springs,Florida,Altamonte Springs,https://www.parisbanhmialtamontesprings.com/,4.9,445,28.6630925,-81.3835802,banh mi
バインミー☆ サンドイッチ,Tokyo,Shibuya City,https://www.instagram.com/banhmi_sandwich_takadanobaba/,4.4,20,35.6683371,139.7048337,banhmi
バインミーバイミー,Tokyo,Suginami City,https://www.instagram.com/banhmi.byme,4.8,58,35.70508770000001,139.6469223,banhmi
バインミー☆サンドイッチ,Tokyo,Shinjuku City,https://twitter.com/banhmi_sandwich,4.3,634,35.7132389,139.7031536,banhmi
BANH MI NGON NGON TAKADANOBABA,Tokyo,Shinjuku City,,4.1,283,35.7124601,139.7003927,banhmi
バインミー☆サンドイッチ 水道橋東口店,Tokyo,Chiyoda City,https://www.facebook.com/BanhmiSuidobashi-101056862182378/,4.3,270,35.7013156,139.7556301,banhmi
スタンドバインミー,Tokyo,Meguro City,https://www.instagram.com/standbanhmi/,4.3,263,35.628886,139.6877641,banhmi
バインミーシンチャオ,Tokyo,Shinjuku City,https://www.facebook.com/B%C3%A1nh-M%C3%AC-Xin-Ch%C3%A0o-1068932589815886/?ref=settings,4.2,449,35.7126653,139.7005539,banhmi
EBISU BANH MI BAKERY,Tokyo,Shibuya City,http://ebis-banhmi.com/,4.4,415,35.6479071,139.7102118,banhmi
バインミー ウィン,Osaka,Osaka,https://banhmiwin.com/,4.6,236,34.7047462,135.5221031,banhmi
BANH MI XIN CHAO CAFE ASAKUSA バインミーシンチャオカフェ 浅草,Tokyo,Taito City,http://banhmixinchao.co.jp/,4.3,409,35.7101788,139.7978598,banhmi
バインミーゴンゴン船橋,Chiba,Funabashi,https://www.facebook.com/Shinjuku.BanhMiNgonNgon/,4.2,107,35.7011647,139.9882478,banhmi
BanhMi Kyoto製パン,Kyoto,Kyoto,https://business.google.com/v/_/AKsrIN0puJiEKfEO86dS_PDxoSa_6Tt6rzPnFu4MT8AzJ0ZBdzA0H-I/ddf8/_?exp=1778401&myads=1,4.6,73,34.9550669,135.7612292,banhmi
アペロと僕と、東根小屋町,Akita,Akita,,4.1,9,39.714464,140.1226032,バインミー
チャミィ,Akita,Akita,,0,0,39.7135985,140.1145287,バインミー
Bánh Mì Xin Chào,Tokyo,Toshima City,http://banhmixinchao.co.jp/,3.9,155,35.7303444,139.7151945,バインミー
サイゴンフレッシュ ポールタウン店,Hokkaido,Sapporo,https://saigonfresh.jp/,4.5,101,43.0564289,141.3530917,バインミー
バインミーバイミー,Tokyo,Suginami City,https://www.instagram.com/banhmi.byme,4.8,58,35.70508770000001,139.6469223,バインミー
バインミーバーバー中目黒,Tokyo,Meguro City,https://banhmibaba-nakameguro.com/,4.5,117,35.6429091,139.6987712,バインミー
バインミー☆サンドイッチ,Tokyo,Shinjuku City,https://twitter.com/banhmi_sandwich,4.3,634,35.7132389,139.7031536,バインミー
Nha Viet Nam premier 銀座店,Tokyo,Chuo City,https://nha-vietnam.info/,3.9,111,35.6674942,139.7624459,バインミー
バインミーバーバー川越店 Bánh Mì Bà Ba kawagoe,Saitama,Kawagoe,https://yoyaku.tabelog.com/yoyaku/net_booking_form/index?rcd=11059812,4.8,97,35.9146002,139.4830906,バインミー
バインミー☆ サンドイッチ,Tokyo,Shibuya City,https://www.instagram.com/banhmi_sandwich_takadanobaba/,4.4,20,35.6683371,139.7048337,バインミー
バインミー☆サンドイッチ 水道橋東口店,Tokyo,Chiyoda City,https://www.facebook.com/BanhmiSuidobashi-101056862182378/,4.3,270,35.7013156,139.7556301,バインミー
バインミー シンチャオ イオンモール太田,Gunma,Ota,https://banhmixinchao.co.jp/,4.3,36,36.29337599999999,139.3990887,バインミー
バインミーバーバー 吉祥寺店,Tokyo,Musashino,https://www.instagram.com/banhmibaba_kichijoji/,4.6,98,35.7025172,139.5790211,バインミー
ビベト,Nagano,Matsumoto,,4.4,75,36.23243799999999,137.9677722,バインミー
バインミー☆サンドイッチ 吉祥寺北口店,Tokyo,Musashino,,4.5,41,35.7038965,139.5789945,バインミー
THAO’S BANH MI,Kanagawa,Kawasaki,https://www.instagram.com/thaosbanhmi/,4.4,393,35.5655398,139.6548893,バインミー
バインミーパテ ベトナムサンドイッチ,Kanagawa,Chigasaki,https://banhmipate.com/,4.5,66,35.3399088,139.4394374,バインミー
ローアンプラー,Niigata,Niigata,https://instagram.com/rouannpular?igshid=YmMyMTA2M2Y=,4.3,48,37.7972236,139.1220556,バインミー
BÁNH MÌ VIỆT,Kanagawa,Yokohama,https://www.banhmivietjp.com/?utm_source=gmb&utm_medium=referral,4.4,131,35.4324879,139.4757654,バインミー
アオサンズ,Aichi,Nagoya,http://aosuns.win/,4.4,177,35.1606625,136.9016408,バインミー
バインミー ウィン,Osaka,Osaka,https://banhmiwin.com/,4.6,236,34.7047462,135.5221031,バインミー
バインミーバーバー下北沢店,Tokyo,Setagaya City,https://banhmibaba.com/,4.6,398,35.6628814,139.6657317,バインミー
スタンドバインミー,Tokyo,Meguro City,https://www.instagram.com/standbanhmi/,4.3,263,35.628886,139.6877641,バインミー
BANH MI XIN CHAO KAMATA バインミーシンチャオ蒲田店,Tokyo,Ota City,http://banhmixinchao.co.jp/,3.9,87,35.5647655,139.7144641,バインミー
EBISU BANH MI BAKERY,Tokyo,Shibuya City,http://ebis-banhmi.com/,4.4,415,35.6479071,139.7102118,バインミー
BANH MI XIN CHAO CAFE ASAKUSA バインミーシンチャオカフェ 浅草,Tokyo,Taito City,http://banhmixinchao.co.jp/,4.3,409,35.7101788,139.7978598,バインミー
バインミーゴンゴン 浜松店,Shizuoka,Hamamatsu,https://twitter.com/banhmingonngonJ,4.1,85,34.7039383,137.736165,バインミー
バインミーゴンゴン船橋,Chiba,Funabashi,https://www.facebook.com/Shinjuku.BanhMiNgonNgon/,4.2,107,35.7011647,139.9882478,バインミー
ベトナム酒場 ROB PHOTONS ロブフォートンズ 盛岡店,Iwate,Morioka,https://www.robphoton.com/,3.9,65,39.7039005,141.1477487,バインミー
BANH MI XIN CHAO NAGOYA,Aichi,Nagoya,,4.1,172,35.1722409,136.9115925,バインミー
ハノイ町 蔵前店,Tokyo,Taito City,,4.6,197,35.7056403,139.7935581,バインミー
バインミーシンチャオ,Tokyo,Shinjuku City,https://www.facebook.com/B%C3%A1nh-M%C3%AC-Xin-Ch%C3%A0o-1068932589815886/?ref=settings,4.2,449,35.7126653,139.7005539,バインミー
バインミーHIRO-MY,Hiroshima,Hiroshima,https://s195025.wixsite.com/banhmivietnamhiromy,4.7,62,34.39266,132.4622937,バインミー
バインミーモチ,Chiba,Chiba,http://sieuthiminitunjp.com/,4.3,49,35.6159196,140.114405,バインミー
Bánh Mì Xin Chào - KOBE・バインミーシンチャオ - 神戸店,Hyogo,Kobe,,3.9,121,34.6772922,135.1733401,バインミー
Amilyベトナムバインミー専門店,Hyogo,Himeji,,4.4,33,34.8281078,134.6910336,バインミー
Soc Con Fast Food バインミー リスちゃん,Tokyo,Shinjuku City,https://instagram.com/rischangbanhmi?igshid=YmMyMTA2M2Y=,4.4,57,35.701749,139.6979722,バインミー
BANH MI XIN CHAO SHINSAIBASHI バインミーシンチャオ心斎橋店,Osaka,Osaka,http://banhmixinchao.co.jp/,4.1,197,34.6742769,135.50194,バインミー
BANH MI NGON NGON TAKADANOBABA,Tokyo,Shinjuku City,,4.1,283,35.7124601,139.7003927,バインミー
バインミーハバ,Tokyo,Fussa,,4.5,40,35.7398776,139.3260997,バインミー
ベトナム料理タンマイ,Gunma,Maebashi,https://www.dan-b.com/thanhmai/,4.2,146,36.4079501,139.0656828,バインミー
ホンズ・キッチン,Tokyo,Ota City,https://instagram.com/hungs_kitchen_tokyo?utm_medium=copy_link,4.6,163,35.5638882,139.7152537,バインミー
ベトナム喫茶店カフェフィン,Niigata,Niigata,http://jvcoffee.jp/,4.6,101,37.909155,139.0647043,バインミー
バインミー☆サンドイッチ,Chiba,Funabashi,,4.1,15,35.7011936,140.0278662,バインミー
ベトナムバインミー三ツ沢下町店BÁNH MÌ VIỆT NAM,Kanagawa,Yokohama,,4.4,49,35.4763652,139.6145326,バインミー
越南路 エツナンルー,Osaka,Osaka,https://etsunanru.com/,3.7,53,34.7057911,135.4979853,バインミー
バインミー サイゴンフレッシュ 本店,Hokkaido,Sapporo,https://saigonfresh.jp/,4.5,148,43.0573518,141.339118,バインミー
ベトナムデリ珈琲 瀬戸本店,Aichi,Seto,https://vietnamdelicoffee.com/,4.1,102,35.2112348,137.0839904,バインミー
カム バイ スタンド バインミー CƠME by Stand Bánh Mì,Tokyo,Minato City,https://www.instagram.com/comebystandbanhmi?igsh=MXJvOHFiY2kzOTBtZg==,4.1,11,35.6621938,139.7414891,バインミー
タン・ハー,Kanagawa,Yokohama,,4.4,602,35.42987060000001,139.4755859,バインミー
アンディー,Tokyo,Setagaya City,http://www.andi-setagaya.com/,4.3,151,35.6348202,139.6121113,バインミー
バインミー太陽 BÁNH MÌ TAIYO,Saitama,Yoshikawa,,4.5,75,35.8762564,139.8430331,バインミー
ベトナム・フォー,神奈川県,横浜市,https://www.facebook.com/Ph%E1%BB%9F-Vi%E1%BB%87t-Qu%C3%A1n-%E3%83%99%E3%83%88%E3%83%8A%E3%83%A0%E6%96%99%E7%90%86-110644234729421,4.4,178,35.423392,139.6015962,バインミー
エムオーイ EM★OI ベトナムカフェ,Osaka,Higashiosaka,,4.7,94,34.6513947,135.5839424,バインミー
バインミー バル ハチ,Tokyo,Suginami City,https://www.instagram.com/nishiogi.hachi/,4.6,19,35.69941,139.5985799,バインミー
HÀO NGUYÊN(ハオ グエン),Fukushima,Nihommatsu,https://haonguyenshop.com/,4.3,110,37.60511899999999,140.3564725,バインミー
バインミーサンドイッチ神保町店,Tokyo,Chiyoda City,,4.6,59,35.6960762,139.7562785,バインミー
サイゴンレストラン 札幌店,Hokkaido,Sapporo,https://www.hotpepper.jp/strJ003516828/,4.3,80,43.0043923,141.4306734,バインミー
Ai Bánh Mì あいバインミー,Osaka,Osaka,http://www.facebook.com/aibanhmi,4.4,285,34.64962,135.506569,バインミー
ベトナムサンドイッチ DZO DZO ヨーヨー お持ち帰り専門店,群馬県,桐生市,https://www.facebook.com/profile.php?id=100088818081333,4.7,12,36.422242,139.349059,バインミー
バインミー３２９ Bánh mì 329,Yamagata,Yamagata,https://www.facebook.com/329san2kyu,4.9,66,38.2555117,140.338506,banh mi
本格ベトナム料理 PHO VIET NAM,Miyagi,Sendai,,4,162,38.2654881,140.8828301,banh mi
バインミーシンチャオ,Tokyo,Shinjuku City,https://www.facebook.com/B%C3%A1nh-M%C3%AC-Xin-Ch%C3%A0o-1068932589815886/?ref=settings,4.2,449,35.7126653,139.7005539,banh mi
バインミー☆サンドイッチ,Tokyo,Shinjuku City,https://twitter.com/banhmi_sandwich,4.3,634,35.7132389,139.7031536,banh mi
スタンドバインミー,Tokyo,Meguro City,https://www.instagram.com/standbanhmi/,4.3,263,35.628886,139.6877641,banh mi
BANH MI XIN CHAO CAFE ASAKUSA バインミーシンチャオカフェ 浅草,Tokyo,Taito City,http://banhmixinchao.co.jp/,4.3,409,35.7101788,139.7978598,banh mi
EBISU BANH MI BAKERY,Tokyo,Shibuya City,http://ebis-banhmi.com/,4.4,415,35.6479071,139.7102118,banh mi
バインミーバイミー,Tokyo,Suginami City,https://www.instagram.com/banhmi.byme,4.8,58,35.70508770000001,139.6469223,banh mi
BANH MI XIN CHAO NAGOYA,Aichi,Nagoya,,4.1,172,35.1722409,136.9115925,banh mi
音楽酒場 ワルツ,Miyagi,Sendai,https://www.google.com/url?q=https://www.hotpepper.jp/strJ003451120/&sa=U&sqi=2&ved=2ahUKEwiGxITExq6CAxW7sFYBHRxNBjwQFnoECB8QAQ&usg=AOvVaw0UlRtGawUjSPCJVgc9xSLm,4.3,23,38.2604349,140.869525,banh mi
Soc Con Fast Food バインミー リスちゃん,Tokyo,Shinjuku City,https://instagram.com/rischangbanhmi?igshid=YmMyMTA2M2Y=,4.4,57,35.701749,139.6979722,banh mi
トックティー,Saitama,Kawaguchi,https://www.facebook.com/profile.php?id=100063627967186,4.1,56,35.8148502,139.7039448,banh mi
バインミー ウィン,Osaka,Osaka,https://banhmiwin.com/,4.6,236,34.7047462,135.5221031,banh mi
BANH MI XIN CHAO SHINSAIBASHI バインミーシンチャオ心斎橋店,Osaka,Osaka,http://banhmixinchao.co.jp/,4.1,197,34.6742769,135.50194,banh mi
ベトニャット,Tokyo,Shinjuku City,,4.8,373,35.6900589,139.712109,banh mi
ベト屋 築地店,Tokyo,Chuo City,https://betoya.jp/store/tsukiji/,4.3,233,35.6676442,139.7723177,banh mi
蔵王カフェ＆バル Chotto,Yamagata,Yamagata,https://zaoucafe-bar-chotto.foodre.jp/,4.5,131,38.1686859,140.3967786,banh mi
THE PIG ＆ THE LADY,Tokyo,Shibuya City,https://thepigandthelady.jp/,4.1,467,35.6463875,139.7089094,banh mi
90年代美味南ベトナム料理 PHUONG NAM (フーンナム),Tokyo,Minato City,https://phuongnam.gorp.jp/,4.1,254,35.6648376,139.7329885,banh mi
タン・ハー,Kanagawa,Yokohama,,4.4,602,35.42987060000001,139.4755859,banh mi
ダイナーヴァン,Tokyo,Koto City,https://www.instagram.com/diner_vang/,4,224,35.6812369,139.8055342,banh mi
ベトナムダイニング ジャディンGIA ĐÌNH一号店,Tochigi,Utsunomiya,https://gia-dinh.jp/,4.4,79,36.5602965,139.8872367,banh mi
アンディ An Di,Tokyo,Shibuya City,http://andivietnamese.com/,4.4,244,35.6719112,139.7138988,banh mi
フォーミン,Kanagawa,Yokohama,,4.4,273,35.4957412,139.6659284,banh mi
ベトナムレストラン ティティ Vietnamese Restaurant THI THI,Tokyo,Ota City,https://www.facebook.com/Vietnameserestaurantthithi,4.5,658,35.5624932,139.7201901,banh mi
いいな ベトナム料理,Chiba,Chiba,http://2ndbrain.co.jp/,4.3,111,35.6367797,140.0910947,banh mi
1998QUÁN,Kanagawa,Sagamihara,https://www.facebook.com/hanhgiang1998/?locale=ms_MY,4.3,76,35.5781867,139.3746464,banh mi
ベトナム料理★Cafe Hasuna 浜松葵西店,Shizuoka,Hamamatsu,https://banhmi-hasuna.com/,4.3,217,34.7680349,137.7069614,banh mi
Madam Mỹ modern thai vietnamese,Tokyo,Chuo City,https://www.huge.co.jp/restaurant/modern-asian/madammy,4.1,375,35.6699885,139.7597373,banh mi
ジューシー バインミー,Aichi,Nagoya,https://www.banhmi.xyz/,4.6,196,35.1939362,136.9419838,banh mi
バインミー３２９ Bánh mì 329,Yamagata,Yamagata,https://www.facebook.com/329san2kyu,4.9,66,38.2555117,140.338506,banhmi
バインミー☆ サンドイッチ,Tokyo,Shibuya City,https://www.instagram.com/banhmi_sandwich_takadanobaba/,4.4,20,35.6683371,139.7048337,banhmi
バインミーバイミー,Tokyo,Suginami City,https://www.instagram.com/banhmi.byme,4.8,58,35.70508770000001,139.6469223,banhmi
バインミー☆サンドイッチ,Tokyo,Shinjuku City,https://twitter.com/banhmi_sandwich,4.3,634,35.7132389,139.7031536,banhmi
BANH MI NGON NGON TAKADANOBABA,Tokyo,Shinjuku City,,4.1,283,35.7124601,139.7003927,banhmi
バインミー☆サンドイッチ 水道橋東口店,Tokyo,Chiyoda City,https://www.facebook.com/BanhmiSuidobashi-101056862182378/,4.3,270,35.7013156,139.7556301,banhmi
スタンドバインミー,Tokyo,Meguro City,https://www.instagram.com/standbanhmi/,4.3,263,35.628886,139.6877641,banhmi
バインミーシンチャオ,Tokyo,Shinjuku City,https://www.facebook.com/B%C3%A1nh-M%C3%AC-Xin-Ch%C3%A0o-1068932589815886/?ref=settings,4.2,449,35.7126653,139.7005539,banhmi
EBISU BANH MI BAKERY,Tokyo,Shibuya City,http://ebis-banhmi.com/,4.4,415,35.6479071,139.7102118,banhmi
バインミー ウィン,Osaka,Osaka,https://banhmiwin.com/,4.6,236,34.7047462,135.5221031,banhmi
バインミーゴンゴン船橋,Chiba,Funabashi,https://www.facebook.com/Shinjuku.BanhMiNgonNgon/,4.2,107,35.7011647,139.9882478,banhmi
BANH MI XIN CHAO CAFE ASAKUSA バインミーシンチャオカフェ 浅草,Tokyo,Taito City,http://banhmixinchao.co.jp/,4.3,409,35.7101788,139.7978598,banhmi
ハノイ町 蔵前店,Tokyo,Taito City,,4.6,197,35.7056403,139.7935581,banhmi
BanhMi Kyoto製パン,Kyoto,Kyoto,https://business.google.com/v/_/AKsrIN0puJiEKfEO86dS_PDxoSa_6Tt6rzPnFu4MT8AzJ0ZBdzA0H-I/ddf8/_?exp=1778401&myads=1,4.6,73,34.9550669,135.7612292,banhmi
バインミー３２９ Bánh mì 329,Yamagata,Yamagata,https://www.facebook.com/329san2kyu,4.9,66,38.2555117,140.338506,バインミー
蔵王カフェ＆バル Chotto,Yamagata,Yamagata,https://zaoucafe-bar-chotto.foodre.jp/,4.5,131,38.1686859,140.3967786,バインミー
巴,Yamagata,Yamagata,,5,2,38.2555445,140.3384373,バインミー
ハンズバーガー山形北店,Yamagata,Yamagata,,4.5,476,38.2829394,140.3323159,バインミー
THEATER SIDE CAFE SLOW JAM スロージャム,Yamagata,Yamagata,https://www.instagram.com/slowjam_yamagata/,4.3,133,38.2485046,140.3323364,バインミー
アジアンCAFE フォーチュン 山形,Yamagata,Yamagata,https://fortune-yamagata.jimdofree.com/,4.1,54,38.2830117,140.3402364,バインミー
リトルキッチン,Yamagata,Yamagata,https://instagram.com/little_kitchen721,4.4,36,38.2297999,140.3183189,バインミー
シャンティ リストランテバル,Yamagata,Yamagata,https://shanti-0801.gorp.jp/,3.8,97,38.248861,140.330689,バインミー
蔵オビハチ/kura obihachi,Yamagata,Yamagata,http://kuraobi.com/,4.1,209,38.245114,140.3355822,バインミー
フラムストア,Yamagata,Yamagata,https://www.flamme.site/,3.7,44,38.28529899999999,140.3210538,バインミー
どさん娘 蔵王のいえ,Yamagata,Yamagata,https://www.zao-minsyuku.com/dosanko/,4.2,111,38.16508090000001,140.3951228,バインミー
焼鳥 ほそ道,Yamagata,Yamagata,https://hitosara.com/0020007309/?utm_source=gm_tw&utm_medium=shoplink&utm_campaign=&utm_content=fb,5,7,38.2479006,140.3305099,バインミー
KitchenFields,Yamagata,Yamagata,https://kitchenfields.com/,4.5,4,38.2165606,140.3340719,バインミー
カフェレストランJuRI,Yamagata,Yamagata,,5,2,38.17036410000001,140.3979659,バインミー
ユニテカフェ UNITE CAFE,Yamagata,Yamagata,https://instagram.com/unitecafe?igshid=YmMyMTA2M2Y=,4.2,213,38.171697,140.3946635,バインミー
いがもちの里 さんべ,Yamagata,Yamagata,,4.2,101,38.164729,140.3713311,バインミー
ジュピア,Yamagata,Yamagata,https://www.jupeer-zao.com/,3.8,149,38.1701618,140.3979205,バインミー
山口餅屋(やまぐちもちや),Yamagata,Yamagata,,4.5,270,38.1680482,140.3967286,バインミー
食堂 雪ぐら,Yamagata,Yamagata,,3.8,22,38.1656779,140.3953003,バインミー
プチリゾートホテル デァヴェルテ,Yamagata,Yamagata,http://zao-derbarte.com/,4.3,73,38.169723,140.399426,バインミー
Bánh Mì Xin Chào,Tokyo,Toshima City,http://banhmixinchao.co.jp/,3.9,155,35.7303444,139.7151945,バインミー
バインミーバイミー,Tokyo,Suginami City,https://www.instagram.com/banhmi.byme,4.8,58,35.70508770000001,139.6469223,バインミー
バインミー☆ サンドイッチ,Tokyo,Shibuya City,https://www.instagram.com/banhmi_sandwich_takadanobaba/,4.4,20,35.6683371,139.7048337,バインミー
バインミーバーバー中目黒,Tokyo,Meguro City,https://banhmibaba-nakameguro.com/,4.5,117,35.6429091,139.6987712,バインミー
バインミー☆サンドイッチ,Tokyo,Shinjuku City,https://twitter.com/banhmi_sandwich,4.3,634,35.7132389,139.7031536,バインミー
バインミーバーバー川越店 Bánh Mì Bà Ba kawagoe,Saitama,Kawagoe,https://yoyaku.tabelog.com/yoyaku/net_booking_form/index?rcd=11059812,4.8,97,35.9146002,139.4830906,バインミー
バインミー☆サンドイッチ 水道橋東口店,Tokyo,Chiyoda City,https://www.facebook.com/BanhmiSuidobashi-101056862182378/,4.3,270,35.7013156,139.7556301,バインミー
バインミーバーバー 吉祥寺店,Tokyo,Musashino,https://www.instagram.com/banhmibaba_kichijoji/,4.6,98,35.7025172,139.5790211,バインミー
バインミー☆サンドイッチ 吉祥寺北口店,Tokyo,Musashino,,4.5,41,35.7038965,139.5789945,バインミー
Nha Viet Nam premier 銀座店,Tokyo,Chuo City,https://nha-vietnam.info/,3.9,111,35.6674942,139.7624459,バインミー
本格ベトナム料理 PHO VIET NAM,Miyagi,Sendai,,4,162,38.2654881,140.8828301,バインミー
バインミーパテ ベトナムサンドイッチ,Kanagawa,Chigasaki,https://banhmipate.com/,4.5,66,35.3399088,139.4394374,バインミー
BÁNH MÌ VIỆT,Kanagawa,Yokohama,https://www.banhmivietjp.com/?utm_source=gmb&utm_medium=referral,4.4,131,35.4324879,139.4757654,バインミー
バインミー シンチャオ イオンモール太田,Gunma,Ota,https://banhmixinchao.co.jp/,4.3,36,36.29337599999999,139.3990887,バインミー
THAO’S BANH MI,Kanagawa,Kawasaki,https://www.instagram.com/thaosbanhmi/,4.4,393,35.5655398,139.6548893,バインミー
バインミーゴンゴン船橋,Chiba,Funabashi,https://www.facebook.com/Shinjuku.BanhMiNgonNgon/,4.2,107,35.7011647,139.9882478,バインミー
ローアンプラー,Niigata,Niigata,https://instagram.com/rouannpular?igshid=YmMyMTA2M2Y=,4.3,48,37.7972236,139.1220556,バインミー
Soc Con Fast Food バインミー リスちゃん,Tokyo,Shinjuku City,https://instagram.com/rischangbanhmi?igshid=YmMyMTA2M2Y=,4.4,57,35.701749,139.6979722,バインミー
ベトナムバインミー三ツ沢下町店BÁNH MÌ VIỆT NAM,Kanagawa,Yokohama,,4.4,49,35.4763652,139.6145326,バインミー
バインミーモチ,Chiba,Chiba,http://sieuthiminitunjp.com/,4.3,49,35.6159196,140.114405,バインミー
アオサンズ,Aichi,Nagoya,http://aosuns.win/,4.4,177,35.1606625,136.9016408,バインミー
バインミー☆サンドイッチ,Chiba,Funabashi,,4.1,15,35.7011936,140.0278662,バインミー
バインミーバーバー下北沢店,Tokyo,Setagaya City,https://banhmibaba.com/,4.6,398,35.6628814,139.6657317,バインミー
バインミーハバ,Tokyo,Fussa,,4.5,40,35.7398776,139.3260997,バインミー
BANH MI XIN CHAO KAMATA バインミーシンチャオ蒲田店,Tokyo,Ota City,http://banhmixinchao.co.jp/,3.9,87,35.5647655,139.7144641,バインミー
おじいさんフォーベトナム料理,Saitama,Saitama,,4.7,54,35.940764,139.6112494,バインミー
バインミーシンチャオ,Tokyo,Shinjuku City,https://www.facebook.com/B%C3%A1nh-M%C3%AC-Xin-Ch%C3%A0o-1068932589815886/?ref=settings,4.2,449,35.7126653,139.7005539,バインミー
バインミー太陽 BÁNH MÌ TAIYO,Saitama,Yoshikawa,,4.5,75,35.8762564,139.8430331,バインミー
スタンドバインミー,Tokyo,Meguro City,https://www.instagram.com/standbanhmi/,4.3,263,35.628886,139.6877641,バインミー
ホンズ・キッチン,Tokyo,Ota City,https://instagram.com/hungs_kitchen_tokyo?utm_medium=copy_link,4.6,163,35.5638882,139.7152537,バインミー
ベトナム料理タンマイ,Gunma,Maebashi,https://www.dan-b.com/thanhmai/,4.2,146,36.4079501,139.0656828,バインミー
越南路 エツナンルー,Osaka,Osaka,https://etsunanru.com/,3.7,53,34.7057911,135.4979853,バインミー
BANH MI XIN CHAO CAFE ASAKUSA バインミーシンチャオカフェ 浅草,Tokyo,Taito City,http://banhmixinchao.co.jp/,4.3,409,35.7101788,139.7978598,バインミー
タン・ハー,Kanagawa,Yokohama,,4.4,602,35.42987060000001,139.4755859,バインミー
ベトナム・フォー,神奈川県,横浜市,https://www.facebook.com/Ph%E1%BB%9F-Vi%E1%BB%87t-Qu%C3%A1n-%E3%83%99%E3%83%88%E3%83%8A%E3%83%A0%E6%96%99%E7%90%86-110644234729421,4.4,178,35.423392,139.6015962,バインミー
ベトナムデリ珈琲 瀬戸本店,Aichi,Seto,https://vietnamdelicoffee.com/,4.1,102,35.2112348,137.0839904,バインミー
バインミー バル ハチ,Tokyo,Suginami City,https://www.instagram.com/nishiogi.hachi/,4.6,19,35.69941,139.5985799,バインミー
ハノイ町 蔵前店,Tokyo,Taito City,,4.6,197,35.7056403,139.7935581,バインミー
chaochi,Fukushima,Fukushima,https://chaochi.wordpress.com/,4.2,103,37.7553863,140.4671517,バインミー
ベトナム料理カフェ aLo aLo,Kanagawa,Yamato,,4.3,104,35.4695597,139.4660532,バインミー
chaochi,Fukushima,Fukushima,https://chaochi.wordpress.com/,4.2,103,37.7553863,140.4671517,banh mi
HÀO NGUYÊN(ハオ グエン),Fukushima,Nihommatsu,https://haonguyenshop.com/,4.3,110,37.60511899999999,140.3564725,banh mi
バインミーバイミー,Tokyo,Suginami City,https://www.instagram.com/banhmi.byme,4.8,58,35.70508770000001,139.6469223,banh mi
バインミー☆サンドイッチ,Tokyo,Shinjuku City,https://twitter.com/banhmi_sandwich,4.3,634,35.7132389,139.7031536,banh mi
バインミーシンチャオ,Tokyo,Shinjuku City,https://www.facebook.com/B%C3%A1nh-M%C3%AC-Xin-Ch%C3%A0o-1068932589815886/?ref=settings,4.2,449,35.7126653,139.7005539,banh mi
スタンドバインミー,Tokyo,Meguro City,https://www.instagram.com/standbanhmi/,4.3,263,35.628886,139.6877641,banh mi
123 Dzô - モッ.ハイ.バー.ヨー,Fukushima,Koriyama,,4.4,26,37.398827,140.3866314,banh mi
ベト屋 築地店,Tokyo,Chuo City,https://betoya.jp/store/tsukiji/,4.3,233,35.6676442,139.7723177,banh mi
EBISU BANH MI BAKERY,Tokyo,Shibuya City,http://ebis-banhmi.com/,4.4,415,35.6479071,139.7102118,banh mi
BANH MI XIN CHAO NAGOYA,Aichi,Nagoya,,4.1,172,35.1722409,136.9115925,banh mi
BANH MI XIN CHAO CAFE ASAKUSA バインミーシンチャオカフェ 浅草,Tokyo,Taito City,http://banhmixinchao.co.jp/,4.3,409,35.7101788,139.7978598,banh mi
Soc Con Fast Food バインミー リスちゃん,Tokyo,Shinjuku City,https://instagram.com/rischangbanhmi?igshid=YmMyMTA2M2Y=,4.4,57,35.701749,139.6979722,banh mi
FOODVn - X3,Ishikawa,Kanazawa,https://www.nichichouju.com/,4.9,551,36.5802369,136.6473659,banh mi
バインミー ウィン,Osaka,Osaka,https://banhmiwin.com/,4.6,236,34.7047462,135.5221031,banh mi
ジューシー バインミー,Aichi,Nagoya,https://www.banhmi.xyz/,4.6,196,35.1939362,136.9419838,banh mi
ベトニャット,Tokyo,Shinjuku City,,4.8,373,35.6900589,139.712109,banh mi
90年代美味南ベトナム料理 PHUONG NAM (フーンナム),Tokyo,Minato City,https://phuongnam.gorp.jp/,4.1,254,35.6648376,139.7329885,banh mi
BANH MI XIN CHAO SHINSAIBASHI バインミーシンチャオ心斎橋店,Osaka,Osaka,http://banhmixinchao.co.jp/,4.1,197,34.6742769,135.50194,banh mi
いいな ベトナム料理,Chiba,Chiba,http://2ndbrain.co.jp/,4.3,111,35.6367797,140.0910947,banh mi
1998QUÁN,Kanagawa,Sagamihara,https://www.facebook.com/hanhgiang1998/?locale=ms_MY,4.3,76,35.5781867,139.3746464,banh mi
バインミー☆ サンドイッチ,Tokyo,Shibuya City,https://www.instagram.com/banhmi_sandwich_takadanobaba/,4.4,20,35.6683371,139.7048337,banhmi
バインミーバイミー,Tokyo,Suginami City,https://www.instagram.com/banhmi.byme,4.8,58,35.70508770000001,139.6469223,banhmi
バインミー☆サンドイッチ,Tokyo,Shinjuku City,https://twitter.com/banhmi_sandwich,4.3,634,35.7132389,139.7031536,banhmi
BANH MI NGON NGON TAKADANOBABA,Tokyo,Shinjuku City,,4.1,283,35.7124601,139.7003927,banhmi
バインミー３２９ Bánh mì 329,Yamagata,Yamagata,https://www.facebook.com/329san2kyu,4.9,66,38.2555117,140.338506,banhmi
バインミー☆サンドイッチ 水道橋東口店,Tokyo,Chiyoda City,https://www.facebook.com/BanhmiSuidobashi-101056862182378/,4.3,270,35.7013156,139.7556301,banhmi
スタンドバインミー,Tokyo,Meguro City,https://www.instagram.com/standbanhmi/,4.3,263,35.628886,139.6877641,banhmi
バインミーシンチャオ,Tokyo,Shinjuku City,https://www.facebook.com/B%C3%A1nh-M%C3%AC-Xin-Ch%C3%A0o-1068932589815886/?ref=settings,4.2,449,35.7126653,139.7005539,banhmi
EBISU BANH MI BAKERY,Tokyo,Shibuya City,http://ebis-banhmi.com/,4.4,415,35.6479071,139.7102118,banhmi
バインミーゴンゴン船橋,Chiba,Funabashi,https://www.facebook.com/Shinjuku.BanhMiNgonNgon/,4.2,107,35.7011647,139.9882478,banhmi
BANH MI XIN CHAO CAFE ASAKUSA バインミーシンチャオカフェ 浅草,Tokyo,Taito City,http://banhmixinchao.co.jp/,4.3,409,35.7101788,139.7978598,banhmi
バインミー ウィン,Osaka,Osaka,https://banhmiwin.com/,4.6,236,34.7047462,135.5221031,banhmi
ハノイ町 蔵前店,Tokyo,Taito City,,4.6,197,35.7056403,139.7935581,banhmi
BANH MI NGON NGON OKUBO(バインミーゴンゴン 大久保店),Tokyo,Shinjuku City,https://www.facebook.com/B%C3%A1nh-M%C3%AC-Ngon-Ngon-Okubo-105387335262252/,3.9,175,35.7009684,139.6970106,banhmi
BanhMi Kyoto製パン,Kyoto,Kyoto,https://business.google.com/v/_/AKsrIN0puJiEKfEO86dS_PDxoSa_6Tt6rzPnFu4MT8AzJ0ZBdzA0H-I/ddf8/_?exp=1778401&myads=1,4.6,73,34.9550669,135.7612292,banhmi
chaochi,Fukushima,Fukushima,https://chaochi.wordpress.com/,4.2,103,37.7553863,140.4671517,バインミー
足湯カフェまつぼっくり,Fukushima,Fukushima,http://www.matubokkuri.ryokan-komatuya.com/,3.8,25,37.8304422,140.4557044,バインミー
HÀO NGUYÊN(ハオ グエン),Fukushima,Nihommatsu,https://haonguyenshop.com/,4.3,110,37.60511899999999,140.3564725,バインミー
Amazon ロッカー - バインミー,Fukushima,Date,https://www.amazon.co.jp/ulp/add-ap-to-address-book?countryCode=JP&accessPointId=14871334&ref_=hubm_jp_gm_lkr_14871334,0,0,37.8581665,140.6055236,バインミー
Bánh Mì Xin Chào,Tokyo,Toshima City,http://banhmixinchao.co.jp/,3.9,155,35.7303444,139.7151945,バインミー
バインミーバイミー,Tokyo,Suginami City,https://www.instagram.com/banhmi.byme,4.8,58,35.70508770000001,139.6469223,バインミー
バインミー☆サンドイッチ,Tokyo,Shinjuku City,https://twitter.com/banhmi_sandwich,4.3,634,35.7132389,139.7031536,バインミー
バインミーバーバー中目黒,Tokyo,Meguro City,https://banhmibaba-nakameguro.com/,4.5,117,35.6429091,139.6987712,バインミー
バインミーバーバー川越店 Bánh Mì Bà Ba kawagoe,Saitama,Kawagoe,https://yoyaku.tabelog.com/yoyaku/net_booking_form/index?rcd=11059812,4.8,97,35.9146002,139.4830906,バインミー
バインミー☆ サンドイッチ,Tokyo,Shibuya City,https://www.instagram.com/banhmi_sandwich_takadanobaba/,4.4,20,35.6683371,139.7048337,バインミー
バインミーバーバー 吉祥寺店,Tokyo,Musashino,https://www.instagram.com/banhmibaba_kichijoji/,4.6,98,35.7025172,139.5790211,バインミー
バインミー☆サンドイッチ 吉祥寺北口店,Tokyo,Musashino,,4.5,41,35.7038965,139.5789945,バインミー
バインミー☆サンドイッチ 水道橋東口店,Tokyo,Chiyoda City,https://www.facebook.com/BanhmiSuidobashi-101056862182378/,4.3,270,35.7013156,139.7556301,バインミー
Nha Viet Nam premier 銀座店,Tokyo,Chuo City,https://nha-vietnam.info/,3.9,111,35.6674942,139.7624459,バインミー
バインミーパテ ベトナムサンドイッチ,Kanagawa,Chigasaki,https://banhmipate.com/,4.5,66,35.3399088,139.4394374,バインミー
バインミーゴンゴン船橋,Chiba,Funabashi,https://www.facebook.com/Shinjuku.BanhMiNgonNgon/,4.2,107,35.7011647,139.9882478,バインミー
BÁNH MÌ VIỆT,Kanagawa,Yokohama,https://www.banhmivietjp.com/?utm_source=gmb&utm_medium=referral,4.4,131,35.4324879,139.4757654,バインミー
Soc Con Fast Food バインミー リスちゃん,Tokyo,Shinjuku City,https://instagram.com/rischangbanhmi?igshid=YmMyMTA2M2Y=,4.4,57,35.701749,139.6979722,バインミー
バインミーモチ,Chiba,Chiba,http://sieuthiminitunjp.com/,4.3,49,35.6159196,140.114405,バインミー
THAO’S BANH MI,Kanagawa,Kawasaki,https://www.instagram.com/thaosbanhmi/,4.4,393,35.5655398,139.6548893,バインミー
バインミー シンチャオ イオンモール太田,Gunma,Ota,https://banhmixinchao.co.jp/,4.3,36,36.29337599999999,139.3990887,バインミー
バインミーハバ,Tokyo,Fussa,,4.5,40,35.7398776,139.3260997,バインミー
バインミー☆サンドイッチ,Chiba,Funabashi,,4.1,15,35.7011936,140.0278662,バインミー
バインミーバーバー下北沢店,Tokyo,Setagaya City,https://banhmibaba.com/,4.6,398,35.6628814,139.6657317,バインミー
バインミー太陽 BÁNH MÌ TAIYO,Saitama,Yoshikawa,,4.5,75,35.8762564,139.8430331,バインミー
ベトナムバインミー三ツ沢下町店BÁNH MÌ VIỆT NAM,Kanagawa,Yokohama,,4.4,49,35.4763652,139.6145326,バインミー
スタンドバインミー,Tokyo,Meguro City,https://www.instagram.com/standbanhmi/,4.3,263,35.628886,139.6877641,バインミー
アオサンズ,Aichi,Nagoya,http://aosuns.win/,4.4,177,35.1606625,136.9016408,バインミー
ローアンプラー,Niigata,Niigata,https://instagram.com/rouannpular?igshid=YmMyMTA2M2Y=,4.3,48,37.7972236,139.1220556,バインミー
バインミーシンチャオ,Tokyo,Shinjuku City,https://www.facebook.com/B%C3%A1nh-M%C3%AC-Xin-Ch%C3%A0o-1068932589815886/?ref=settings,4.2,449,35.7126653,139.7005539,バインミー
BANH MI XIN CHAO KAMATA バインミーシンチャオ蒲田店,Tokyo,Ota City,http://banhmixinchao.co.jp/,3.9,87,35.5647655,139.7144641,バインミー
ホンズ・キッチン,Tokyo,Ota City,https://instagram.com/hungs_kitchen_tokyo?utm_medium=copy_link,4.6,163,35.5638882,139.7152537,バインミー
おじいさんフォーベトナム料理,Saitama,Saitama,,4.7,54,35.940764,139.6112494,バインミー
BANH MI XIN CHAO CAFE ASAKUSA バインミーシンチャオカフェ 浅草,Tokyo,Taito City,http://banhmixinchao.co.jp/,4.3,409,35.7101788,139.7978598,バインミー
ベトナム料理タンマイ,Gunma,Maebashi,https://www.dan-b.com/thanhmai/,4.2,146,36.4079501,139.0656828,バインミー
越南路 エツナンルー,Osaka,Osaka,https://etsunanru.com/,3.7,53,34.7057911,135.4979853,バインミー
ベトナム・フォー,神奈川県,横浜市,https://www.facebook.com/Ph%E1%BB%9F-Vi%E1%BB%87t-Qu%C3%A1n-%E3%83%99%E3%83%88%E3%83%8A%E3%83%A0%E6%96%99%E7%90%86-110644234729421,4.4,178,35.423392,139.6015962,バインミー
バインミー バル ハチ,Tokyo,Suginami City,https://www.instagram.com/nishiogi.hachi/,4.6,19,35.69941,139.5985799,バインミー
タン・ハー,Kanagawa,Yokohama,,4.4,602,35.42987060000001,139.4755859,バインミー
本格ベトナム料理 PHO VIET NAM,Miyagi,Sendai,,4,162,38.2654881,140.8828301,バインミー
ベトナムデリ珈琲 瀬戸本店,Aichi,Seto,https://vietnamdelicoffee.com/,4.1,102,35.2112348,137.0839904,バインミー
ハノイ町 蔵前店,Tokyo,Taito City,,4.6,197,35.7056403,139.7935581,バインミー
ベトナム料理カフェ aLo aLo,Kanagawa,Yamato,,4.3,104,35.4695597,139.4660532,バインミー
EBISU BANH MI BAKERY,Tokyo,Shibuya City,http://ebis-banhmi.com/,4.4,415,35.6479071,139.7102118,バインミー
ベトナム喫茶店カフェフィン,Niigata,Niigata,http://jvcoffee.jp/,4.6,101,37.909155,139.0647043,バインミー
マコトバインミー,Tokyo,Itabashi City,,4.8,56,35.7788659,139.630794,バインミー
BANH MI NGON NGON TAKADANOBABA,Tokyo,Shinjuku City,,4.1,283,35.7124601,139.7003927,バインミー
Ai Bánh Mì あいバインミー,Osaka,Osaka,http://www.facebook.com/aibanhmi,4.4,285,34.64962,135.506569,バインミー
ベト屋 築地店,Tokyo,Chuo City,https://betoya.jp/store/tsukiji/,4.3,233,35.6676442,139.7723177,バインミー
カム バイ スタンド バインミー CƠME by Stand Bánh Mì,Tokyo,Minato City,https://www.instagram.com/comebystandbanhmi?igsh=MXJvOHFiY2kzOTBtZg==,4.1,11,35.6621938,139.7414891,バインミー
BANH MI XIN CHAO NAGOYA,Aichi,Nagoya,,4.1,172,35.1722409,136.9115925,バインミー
バインミーサンドイッチ神保町店,Tokyo,Chiyoda City,,4.6,59,35.6960762,139.7562785,バインミー
アンディー,Tokyo,Setagaya City,http://www.andi-setagaya.com/,4.3,151,35.6348202,139.6121113,バインミー
KING PHO キングフォー,Ibaraki,Tsukuba,,4.3,131,36.0914136,140.1113754,バインミー
ベトナム料理専門店 カム オン ベトナム,Kanagawa,Yamato,,4.5,241,35.4951614,139.4471492,バインミー
ベトナム料理★Cafe Hasuna 浜松葵西店,Shizuoka,Hamamatsu,https://banhmi-hasuna.com/,4.3,217,34.7680349,137.7069614,バインミー
バインミーゴンゴン 浜松店,Shizuoka,Hamamatsu,https://twitter.com/banhmingonngonJ,4.1,85,34.7039383,137.736165,バインミー
ダイナーヴァン,Tokyo,Koto City,https://www.instagram.com/diner_vang/,4,224,35.6812369,139.8055342,バインミー
Cafe de Viet Nam 澤上商店,Fukushima,Koriyama,https://instagram.com/sawakamisyouten,4.2,59,37.3973106,140.3831244,バインミー
バインミーゴンゴン,Tokyo,Edogawa City,,4.1,18,35.6987798,139.866896,バインミー
タイ・ベトナム屋台 YUMMY TOMMY,Ibaraki,Mito,https://www.instagram.com/tommy3943/,4.5,70,36.3772433,140.4634583,banh mi
123 Dzô (モッハイバーヨー),Ibaraki,Mito,,4.5,302,36.361846,140.4742947,banh mi
ベトナム料理アオババ水戸店,Ibaraki,Mito,https://instagram.com/aobabamito?utm_medium=copy_link,4.2,170,36.3753381,140.4733891,banh mi
ベトナム料理 チャン チャン CHANG CHANG,Ibaraki,Mito,,4.6,36,36.3670057,140.4703741,banh mi
バインミーバイミー,Tokyo,Suginami City,https://www.instagram.com/banhmi.byme,4.8,58,35.70508770000001,139.6469223,banh mi
バインミー☆サンドイッチ,Tokyo,Shinjuku City,https://twitter.com/banhmi_sandwich,4.3,634,35.7132389,139.7031536,banh mi
バインミーシンチャオ,Tokyo,Shinjuku City,https://www.facebook.com/B%C3%A1nh-M%C3%AC-Xin-Ch%C3%A0o-1068932589815886/?ref=settings,4.2,449,35.7126653,139.7005539,banh mi
コバクチ,Ibaraki,Tsukuba,,4.5,50,36.0940377,140.1076818,banh mi
スタンドバインミー,Tokyo,Meguro City,https://www.instagram.com/standbanhmi/,4.3,263,35.628886,139.6877641,banh mi
"ベト味(betoaji), ベトナム料理",Ibaraki,Tsukuba,,4.8,52,36.0786943,140.1195173,banh mi
ハノイフォー PHỞ HÀ NỘI,Chiba,Funabashi,,4.5,67,35.7238177,140.0487208,banh mi
Khánh Diễm(カイン ディエム),茨城県,土浦市,,4.4,25,36.0801327,140.2041444,banh mi
EBISU BANH MI BAKERY,Tokyo,Shibuya City,http://ebis-banhmi.com/,4.4,415,35.6479071,139.7102118,banh mi
BANH MI XIN CHAO CAFE ASAKUSA バインミーシンチャオカフェ 浅草,Tokyo,Taito City,http://banhmixinchao.co.jp/,4.3,409,35.7101788,139.7978598,banh mi
ベト屋 築地店,Tokyo,Chuo City,https://betoya.jp/store/tsukiji/,4.3,233,35.6676442,139.7723177,banh mi
BANH MI XIN CHAO NAGOYA,Aichi,Nagoya,,4.1,172,35.1722409,136.9115925,banh mi
Soc Con Fast Food バインミー リスちゃん,Tokyo,Shinjuku City,https://instagram.com/rischangbanhmi?igshid=YmMyMTA2M2Y=,4.4,57,35.701749,139.6979722,banh mi
バインミー ウィン,Osaka,Osaka,https://banhmiwin.com/,4.6,236,34.7047462,135.5221031,banh mi
KING PHO キングフォー,Ibaraki,Tsukuba,,4.3,131,36.0914136,140.1113754,banh mi
FOODVn - X3,Ishikawa,Kanazawa,https://www.nichichouju.com/,4.9,551,36.5802369,136.6473659,banh mi
ドクター フォー,Ibaraki,Tsukuba,https://www.facebook.com/Doctor-Ph%E1%BB%9F-164435527595155/,4.3,224,36.094034,140.1076739,banh mi
Hà Nội Phở -大ちゃん - nhà hàng-karaoke-cà phê- bi-a,Ibaraki,Tsuchiura,https://www.facebook.com/lan.nguen.948494,3.7,26,36.1220978,140.2328137,banh mi
ベトニャット,Tokyo,Shinjuku City,,4.8,373,35.6900589,139.712109,banh mi
ジューシー バインミー,Aichi,Nagoya,https://www.banhmi.xyz/,4.6,196,35.1939362,136.9419838,banh mi
90年代美味南ベトナム料理 PHUONG NAM (フーンナム),Tokyo,Minato City,https://phuongnam.gorp.jp/,4.1,254,35.6648376,139.7329885,banh mi
BANH MI XIN CHAO SHINSAIBASHI バインミーシンチャオ心斎橋店,Osaka,Osaka,http://banhmixinchao.co.jp/,4.1,197,34.6742769,135.50194,banh mi
いいな ベトナム料理,Chiba,Chiba,http://2ndbrain.co.jp/,4.3,111,35.6367797,140.0910947,banh mi
ゴン クアン ベトナムレストラン,Chiba,Yachiyo,,3.8,57,35.7002176,140.0899262,banh mi
1998QUÁN,Kanagawa,Sagamihara,https://www.facebook.com/hanhgiang1998/?locale=ms_MY,4.3,76,35.5781867,139.3746464,banh mi
ベトナム料理 CÔ BA,Kanagawa,Fujisawa,,4.3,15,35.4186988,139.4691094,banh mi
ダイナーヴァン,Tokyo,Koto City,https://www.instagram.com/diner_vang/,4,224,35.6812369,139.8055342,banh mi
ベトナム料理ヒヨコ (Quán GÀ CON),東京都,杉並区,,4.5,59,35.706278,139.6504264,banh mi
ベトナム料理★Cafe Hasuna 浜松葵西店,Shizuoka,Hamamatsu,https://banhmi-hasuna.com/,4.3,217,34.7680349,137.7069614,banh mi
フォーミン,Kanagawa,Yokohama,,4.4,273,35.4957412,139.6659284,banh mi
トックティー,Saitama,Kawaguchi,https://www.facebook.com/profile.php?id=100063627967186,4.1,56,35.8148502,139.7039448,banh mi
タン・ハー,Kanagawa,Yokohama,,4.4,602,35.42987060000001,139.4755859,banh mi
アンディー,Tokyo,Setagaya City,http://www.andi-setagaya.com/,4.3,151,35.6348202,139.6121113,banh mi
アンディ An Di,Tokyo,Shibuya City,http://andivietnamese.com/,4.4,244,35.6719112,139.7138988,banh mi
HuongQue Restaurant,Osaka,Osaka,https://www.facebook.com/HuongQueRestaurantOsaka,4.2,79,34.6680628,135.5039362,banh mi
ベトナムレストラン ティティ Vietnamese Restaurant THI THI,Tokyo,Ota City,https://www.facebook.com/Vietnameserestaurantthithi,4.5,658,35.5624932,139.7201901,banh mi
THE PIG ＆ THE LADY,Tokyo,Shibuya City,https://thepigandthelady.jp/,4.1,467,35.6463875,139.7089094,banh mi
バインミーバイミー,Tokyo,Suginami City,https://www.instagram.com/banhmi.byme,4.8,58,35.70508770000001,139.6469223,banhmi
バインミー☆ サンドイッチ,Tokyo,Shibuya City,https://www.instagram.com/banhmi_sandwich_takadanobaba/,4.4,20,35.6683371,139.7048337,banhmi
バインミー☆サンドイッチ,Tokyo,Shinjuku City,https://twitter.com/banhmi_sandwich,4.3,634,35.7132389,139.7031536,banhmi
バインミーバーバー中目黒,Tokyo,Meguro City,https://banhmibaba-nakameguro.com/,4.5,117,35.6429091,139.6987712,banhmi
BANH MI NGON NGON TAKADANOBABA,Tokyo,Shinjuku City,,4.1,283,35.7124601,139.7003927,banhmi
バインミーバーバー 吉祥寺店,Tokyo,Musashino,https://www.instagram.com/banhmibaba_kichijoji/,4.6,98,35.7025172,139.5790211,banhmi
バインミー☆サンドイッチ 水道橋東口店,Tokyo,Chiyoda City,https://www.facebook.com/BanhmiSuidobashi-101056862182378/,4.3,270,35.7013156,139.7556301,banhmi
バインミーバーバー川越店 Bánh Mì Bà Ba kawagoe,Saitama,Kawagoe,https://yoyaku.tabelog.com/yoyaku/net_booking_form/index?rcd=11059812,4.8,97,35.9146002,139.4830906,banhmi
バインミーバーバー下北沢店,Tokyo,Setagaya City,https://banhmibaba.com/,4.6,398,35.6628814,139.6657317,banhmi
スタンドバインミー,Tokyo,Meguro City,https://www.instagram.com/standbanhmi/,4.3,263,35.628886,139.6877641,banhmi
EBISU BANH MI BAKERY,Tokyo,Shibuya City,http://ebis-banhmi.com/,4.4,415,35.6479071,139.7102118,banhmi
バインミーシンチャオ,Tokyo,Shinjuku City,https://www.facebook.com/B%C3%A1nh-M%C3%AC-Xin-Ch%C3%A0o-1068932589815886/?ref=settings,4.2,449,35.7126653,139.7005539,banhmi
バインミーゴンゴン船橋,Chiba,Funabashi,https://www.facebook.com/Shinjuku.BanhMiNgonNgon/,4.2,107,35.7011647,139.9882478,banhmi
BANH MI XIN CHAO CAFE ASAKUSA バインミーシンチャオカフェ 浅草,Tokyo,Taito City,http://banhmixinchao.co.jp/,4.3,409,35.7101788,139.7978598,banhmi
ハノイ町 蔵前店,Tokyo,Taito City,,4.6,197,35.7056403,139.7935581,banhmi
BANH MI NGON NGON OKUBO(バインミーゴンゴン 大久保店),Tokyo,Shinjuku City,https://www.facebook.com/B%C3%A1nh-M%C3%AC-Ngon-Ngon-Okubo-105387335262252/,3.9,175,35.7009684,139.6970106,banhmi
THAO’S BANH MI,Kanagawa,Kawasaki,https://www.instagram.com/thaosbanhmi/,4.4,393,35.5655398,139.6548893,banhmi
バインミー ウィン,Osaka,Osaka,https://banhmiwin.com/,4.6,236,34.7047462,135.5221031,banhmi
シクロバインミー(CYCLO banh mi)CIAL横浜店,Kanagawa,Yokohama,,3.2,69,35.46681969999999,139.6224178,banhmi
BANHMI AN COM,Tokyo,Setagaya City,,0,0,35.646084,139.6699773,banhmi
ベトナム料理アオババ水戸店,Ibaraki,Mito,https://instagram.com/aobabamito?utm_medium=copy_link,4.2,170,36.3753381,140.4733891,バインミー
123 Dzô (モッハイバーヨー),Ibaraki,Mito,,4.5,302,36.361846,140.4742947,バインミー
タイ・ベトナム屋台 YUMMY TOMMY,Ibaraki,Mito,https://www.instagram.com/tommy3943/,4.5,70,36.3772433,140.4634583,バインミー
ハノイマチレストラン,Ibaraki,Hitachinaka,https://hanei-jv.com/,4.3,73,36.3968798,140.5253546,バインミー
パクチータイ,Ibaraki,Mito,https://mito-ibaraki.mypl.net/shop/00000371195/,4.3,118,36.3366054,140.4578146,バインミー
ルアンカーオ,Ibaraki,Mito,,4,69,36.366912,140.4711981,バインミー
ゆう,Ibaraki,Mito,,4.4,121,36.3814511,140.4594238,バインミー
串家物語 イオンモール水戸内原店,Ibaraki,Mito,https://aeon-mitouchihara.kushi-ya.com/?utm_source=google&utm_medium=map&utm_campaign=top,3.3,259,36.37454,140.3594193,バインミー
鰻亭,Ibaraki,Mito,https://www.bantei.com/,4,99,36.3802841,140.4607005,バインミー
ひろ寿,Ibaraki,Mito,,4.3,76,36.379046,140.4635663,バインミー
ろじや,Ibaraki,Mito,https://rojiya.jimdosite.com/,4.1,56,36.3799564,140.4612452,バインミー
バインミー☆サンドイッチ,Tokyo,Shinjuku City,https://twitter.com/banhmi_sandwich,4.3,634,35.7132389,139.7031536,バインミー
KING PHO キングフォー,Ibaraki,Tsukuba,,4.3,131,36.0914136,140.1113754,バインミー
バインミーバーバー中目黒,Tokyo,Meguro City,https://banhmibaba-nakameguro.com/,4.5,117,35.6429091,139.6987712,バインミー
Hà Nội Phở -大ちゃん - nhà hàng-karaoke-cà phê- bi-a,Ibaraki,Tsuchiura,https://www.facebook.com/lan.nguen.948494,3.7,26,36.1220978,140.2328137,バインミー
バインミーバイミー,Tokyo,Suginami City,https://www.instagram.com/banhmi.byme,4.8,58,35.70508770000001,139.6469223,バインミー
ドクター フォー,Ibaraki,Tsukuba,https://www.facebook.com/Doctor-Ph%E1%BB%9F-164435527595155/,4.3,224,36.094034,140.1076739,バインミー
バインミーバーバー川越店 Bánh Mì Bà Ba kawagoe,Saitama,Kawagoe,https://yoyaku.tabelog.com/yoyaku/net_booking_form/index?rcd=11059812,4.8,97,35.9146002,139.4830906,バインミー
バインミーゴンゴン船橋,Chiba,Funabashi,https://www.facebook.com/Shinjuku.BanhMiNgonNgon/,4.2,107,35.7011647,139.9882478,バインミー
バインミーバーバー 吉祥寺店,Tokyo,Musashino,https://www.instagram.com/banhmibaba_kichijoji/,4.6,98,35.7025172,139.5790211,バインミー
ベトナム料理 チャン チャン CHANG CHANG,Ibaraki,Mito,,4.6,36,36.3670057,140.4703741,バインミー
ルアンタイ,Ibaraki,Ibaraki,http://www.ruanthai.info/,4,126,36.2642264,140.4559665,バインミー
Bánh Mì Xin Chào,Tokyo,Toshima City,http://banhmixinchao.co.jp/,3.9,155,35.7303444,139.7151945,バインミー
バインミー☆ サンドイッチ,Tokyo,Shibuya City,https://www.instagram.com/banhmi_sandwich_takadanobaba/,4.4,20,35.6683371,139.7048337,バインミー
バインミー☆サンドイッチ 水道橋東口店,Tokyo,Chiyoda City,https://www.facebook.com/BanhmiSuidobashi-101056862182378/,4.3,270,35.7013156,139.7556301,バインミー
Nha Viet Nam premier 銀座店,Tokyo,Chuo City,https://nha-vietnam.info/,3.9,111,35.6674942,139.7624459,バインミー
THAO’S BANH MI,Kanagawa,Kawasaki,https://www.instagram.com/thaosbanhmi/,4.4,393,35.5655398,139.6548893,バインミー
バインミーパテ ベトナムサンドイッチ,Kanagawa,Chigasaki,https://banhmipate.com/,4.5,66,35.3399088,139.4394374,バインミー
ホンズ・キッチン,Tokyo,Ota City,https://instagram.com/hungs_kitchen_tokyo?utm_medium=copy_link,4.6,163,35.5638882,139.7152537,バインミー
バインミー☆サンドイッチ 吉祥寺北口店,Tokyo,Musashino,,4.5,41,35.7038965,139.5789945,バインミー
バインミー太陽 BÁNH MÌ TAIYO,Saitama,Yoshikawa,,4.5,75,35.8762564,139.8430331,バインミー
バインミーモチ,Chiba,Chiba,http://sieuthiminitunjp.com/,4.3,49,35.6159196,140.114405,バインミー
バインミー☆サンドイッチ,Chiba,Funabashi,,4.1,15,35.7011936,140.0278662,バインミー
Soc Con Fast Food バインミー リスちゃん,Tokyo,Shinjuku City,https://instagram.com/rischangbanhmi?igshid=YmMyMTA2M2Y=,4.4,57,35.701749,139.6979722,バインミー
バインミー シンチャオ イオンモール太田,Gunma,Ota,https://banhmixinchao.co.jp/,4.3,36,36.29337599999999,139.3990887,バインミー
バインミーハバ,Tokyo,Fussa,,4.5,40,35.7398776,139.3260997,バインミー
スタンドバインミー,Tokyo,Meguro City,https://www.instagram.com/standbanhmi/,4.3,263,35.628886,139.6877641,バインミー
バインミーバーバー下北沢店,Tokyo,Setagaya City,https://banhmibaba.com/,4.6,398,35.6628814,139.6657317,バインミー
BÁNH MÌ VIỆT,Kanagawa,Yokohama,https://www.banhmivietjp.com/?utm_source=gmb&utm_medium=referral,4.4,131,35.4324879,139.4757654,バインミー
BANH MI XIN CHAO KAMATA バインミーシンチャオ蒲田店,Tokyo,Ota City,http://banhmixinchao.co.jp/,3.9,87,35.5647655,139.7144641,バインミー
バインミーシンチャオ,Tokyo,Shinjuku City,https://www.facebook.com/B%C3%A1nh-M%C3%AC-Xin-Ch%C3%A0o-1068932589815886/?ref=settings,4.2,449,35.7126653,139.7005539,バインミー
おじいさんフォーベトナム料理,Saitama,Saitama,,4.7,54,35.940764,139.6112494,バインミー
Bánh Mì Xin Chào,埼玉県,川口市,https://banhmixinchao.co.jp/,4.3,53,35.8324911,139.687969,バインミー
BANH MI XIN CHAO CAFE ASAKUSA バインミーシンチャオカフェ 浅草,Tokyo,Taito City,http://banhmixinchao.co.jp/,4.3,409,35.7101788,139.7978598,バインミー
ハノイ町 蔵前店,Tokyo,Taito City,,4.6,197,35.7056403,139.7935581,バインミー
ベトナム料理カフェ aLo aLo,Kanagawa,Yamato,,4.3,104,35.4695597,139.4660532,バインミー
ベトナム・フォー,神奈川県,横浜市,https://www.facebook.com/Ph%E1%BB%9F-Vi%E1%BB%87t-Qu%C3%A1n-%E3%83%99%E3%83%88%E3%83%8A%E3%83%A0%E6%96%99%E7%90%86-110644234729421,4.4,178,35.423392,139.6015962,バインミー
アオサンズ,Aichi,Nagoya,http://aosuns.win/,4.4,177,35.1606625,136.9016408,バインミー
ベトナム料理 新宿 フォーハノイ屋台33 ルミネエスト新宿店 Shinjuku Vietnamese food Pho Hanoi YATAI 33,Tokyo,Shinjuku City,https://pho-hanoi33.owst.jp/,4,127,35.6912132,139.701106,バインミー
アンディー,Tokyo,Setagaya City,http://www.andi-setagaya.com/,4.3,151,35.6348202,139.6121113,バインミー
マコトバインミー,Tokyo,Itabashi City,,4.8,56,35.7788659,139.630794,バインミー
ベトナムバインミー三ツ沢下町店BÁNH MÌ VIỆT NAM,Kanagawa,Yokohama,,4.4,49,35.4763652,139.6145326,バインミー
ハノイフォー PHỞ HÀ NỘI,Chiba,Funabashi,,4.5,67,35.7238177,140.0487208,バインミー
コバクチ,Ibaraki,Tsukuba,,4.5,50,36.0940377,140.1076818,バインミー
タン・ハー,Kanagawa,Yokohama,,4.4,602,35.42987060000001,139.4755859,バインミー
EBISU BANH MI BAKERY,Tokyo,Shibuya City,http://ebis-banhmi.com/,4.4,415,35.6479071,139.7102118,バインミー
ベトナム料理タンマイ,Gunma,Maebashi,https://www.dan-b.com/thanhmai/,4.2,146,36.4079501,139.0656828,バインミー
ベト屋 築地店,Tokyo,Chuo City,https://betoya.jp/store/tsukiji/,4.3,233,35.6676442,139.7723177,バインミー
バインミーサンドイッチ神保町店,Tokyo,Chiyoda City,,4.6,59,35.6960762,139.7562785,バインミー
バインミー バル ハチ,Tokyo,Suginami City,https://www.instagram.com/nishiogi.hachi/,4.6,19,35.69941,139.5985799,バインミー
Xin Chào Việt Nam Utsunomiya シンチャオ ベトナム,Tochigi,Utsunomiya,,4.7,80,36.560168,139.885075,banh mi
ベトナムダイニングジャディンGIA ĐÌNH 二号店,Tochigi,Utsunomiya,https://gia-dinh.jp/,4.6,88,36.5595459,139.8965288,banh mi
ベトナムダイニング ジャディンGIA ĐÌNH一号店,Tochigi,Utsunomiya,https://gia-dinh.jp/,4.4,79,36.5602965,139.8872367,banh mi
Quán Thảo レストラン,Tochigi,Utsunomiya,,3.8,52,36.5587668,139.8955142,banh mi
ベトナム料理&Cafe あおざい,Tochigi,Nikko,https://aodai-nikko.com/,4.6,70,36.6824266,139.7195215,banh mi
バインミーバイミー,Tokyo,Suginami City,https://www.instagram.com/banhmi.byme,4.8,58,35.70508770000001,139.6469223,banh mi
バインミー☆サンドイッチ,Tokyo,Shinjuku City,https://twitter.com/banhmi_sandwich,4.3,634,35.7132389,139.7031536,banh mi
バインミーシンチャオ,Tokyo,Shinjuku City,https://www.facebook.com/B%C3%A1nh-M%C3%AC-Xin-Ch%C3%A0o-1068932589815886/?ref=settings,4.2,449,35.7126653,139.7005539,banh mi
スタンドバインミー,Tokyo,Meguro City,https://www.instagram.com/standbanhmi/,4.3,263,35.628886,139.6877641,banh mi
ハノイフォー PHỞ HÀ NỘI,Chiba,Funabashi,,4.5,67,35.7238177,140.0487208,banh mi
EBISU BANH MI BAKERY,Tokyo,Shibuya City,http://ebis-banhmi.com/,4.4,415,35.6479071,139.7102118,banh mi
BANH MI XIN CHAO CAFE ASAKUSA バインミーシンチャオカフェ 浅草,Tokyo,Taito City,http://banhmixinchao.co.jp/,4.3,409,35.7101788,139.7978598,banh mi
ベト屋 築地店,Tokyo,Chuo City,https://betoya.jp/store/tsukiji/,4.3,233,35.6676442,139.7723177,banh mi
BANH MI XIN CHAO NAGOYA,Aichi,Nagoya,,4.1,172,35.1722409,136.9115925,banh mi
Sapa Restaurant ベトナム 料理,茨城県,筑西市,,4.2,124,36.3064338,139.9667413,banh mi
バインミー ウィン,Osaka,Osaka,https://banhmiwin.com/,4.6,236,34.7047462,135.5221031,banh mi
Soc Con Fast Food バインミー リスちゃん,Tokyo,Shinjuku City,https://instagram.com/rischangbanhmi?igshid=YmMyMTA2M2Y=,4.4,57,35.701749,139.6979722,banh mi
FOODVn - X3,Ishikawa,Kanazawa,https://www.nichichouju.com/,4.9,551,36.5802369,136.6473659,banh mi
BANH MI XIN CHAO SHINSAIBASHI バインミーシンチャオ心斎橋店,Osaka,Osaka,http://banhmixinchao.co.jp/,4.1,197,34.6742769,135.50194,banh mi
ベトニャット,Tokyo,Shinjuku City,,4.8,373,35.6900589,139.712109,banh mi
ジューシー バインミー,Aichi,Nagoya,https://www.banhmi.xyz/,4.6,196,35.1939362,136.9419838,banh mi
90年代美味南ベトナム料理 PHUONG NAM (フーンナム),Tokyo,Minato City,https://phuongnam.gorp.jp/,4.1,254,35.6648376,139.7329885,banh mi
いいな ベトナム料理,Chiba,Chiba,http://2ndbrain.co.jp/,4.3,111,35.6367797,140.0910947,banh mi
ゴン クアン ベトナムレストラン,Chiba,Yachiyo,,3.8,57,35.7002176,140.0899262,banh mi
1998QUÁN,Kanagawa,Sagamihara,https://www.facebook.com/hanhgiang1998/?locale=ms_MY,4.3,76,35.5781867,139.3746464,banh mi
ベトナム料理 CÔ BA,Kanagawa,Fujisawa,,4.3,15,35.4186988,139.4691094,banh mi
ダイナーヴァン,Tokyo,Koto City,https://www.instagram.com/diner_vang/,4,224,35.6812369,139.8055342,banh mi
ベトナム料理★Cafe Hasuna 浜松葵西店,Shizuoka,Hamamatsu,https://banhmi-hasuna.com/,4.3,217,34.7680349,137.7069614,banh mi
ベトナム料理ヒヨコ (Quán GÀ CON),東京都,杉並区,,4.5,59,35.706278,139.6504264,banh mi
HuongQue Restaurant,Osaka,Osaka,https://www.facebook.com/HuongQueRestaurantOsaka,4.2,79,34.6680628,135.5039362,banh mi
トックティー,Saitama,Kawaguchi,https://www.facebook.com/profile.php?id=100063627967186,4.1,56,35.8148502,139.7039448,banh mi
フォーミン,Kanagawa,Yokohama,,4.4,273,35.4957412,139.6659284,banh mi
タン・ハー,Kanagawa,Yokohama,,4.4,602,35.42987060000001,139.4755859,banh mi
PLUS84,Aichi,Nishio,,4.6,92,34.8811174,137.0659242,banh mi
アンディー,Tokyo,Setagaya City,http://www.andi-setagaya.com/,4.3,151,35.6348202,139.6121113,banh mi
Tri Ân Quán/チーアンベトナム料理店,Osaka,Osaka,https://tri-an-quan.owst.jp/menu,4.4,75,34.6597005,135.499146,banh mi
アンディ An Di,Tokyo,Shibuya City,http://andivietnamese.com/,4.4,244,35.6719112,139.7138988,banh mi
ベトナムレストラン ティティ Vietnamese Restaurant THI THI,Tokyo,Ota City,https://www.facebook.com/Vietnameserestaurantthithi,4.5,658,35.5624932,139.7201901,banh mi
THE PIG ＆ THE LADY,Tokyo,Shibuya City,https://thepigandthelady.jp/,4.1,467,35.6463875,139.7089094,banh mi
バインミーバイミー,Tokyo,Suginami City,https://www.instagram.com/banhmi.byme,4.8,58,35.70508770000001,139.6469223,banhmi
バインミー☆ サンドイッチ,Tokyo,Shibuya City,https://www.instagram.com/banhmi_sandwich_takadanobaba/,4.4,20,35.6683371,139.7048337,banhmi
バインミー☆サンドイッチ,Tokyo,Shinjuku City,https://twitter.com/banhmi_sandwich,4.3,634,35.7132389,139.7031536,banhmi
BANH MI NGON NGON TAKADANOBABA,Tokyo,Shinjuku City,,4.1,283,35.7124601,139.7003927,banhmi
バインミーバーバー中目黒,Tokyo,Meguro City,https://banhmibaba-nakameguro.com/,4.5,117,35.6429091,139.6987712,banhmi
バインミーバーバー川越店 Bánh Mì Bà Ba kawagoe,Saitama,Kawagoe,https://yoyaku.tabelog.com/yoyaku/net_booking_form/index?rcd=11059812,4.8,97,35.9146002,139.4830906,banhmi
バインミーバーバー 吉祥寺店,Tokyo,Musashino,https://www.instagram.com/banhmibaba_kichijoji/,4.6,98,35.7025172,139.5790211,banhmi
バインミー☆サンドイッチ 水道橋東口店,Tokyo,Chiyoda City,https://www.facebook.com/BanhmiSuidobashi-101056862182378/,4.3,270,35.7013156,139.7556301,banhmi
バインミーバーバー下北沢店,Tokyo,Setagaya City,https://banhmibaba.com/,4.6,398,35.6628814,139.6657317,banhmi
スタンドバインミー,Tokyo,Meguro City,https://www.instagram.com/standbanhmi/,4.3,263,35.628886,139.6877641,banhmi
バインミーシンチャオ,Tokyo,Shinjuku City,https://www.facebook.com/B%C3%A1nh-M%C3%AC-Xin-Ch%C3%A0o-1068932589815886/?ref=settings,4.2,449,35.7126653,139.7005539,banhmi
EBISU BANH MI BAKERY,Tokyo,Shibuya City,http://ebis-banhmi.com/,4.4,415,35.6479071,139.7102118,banhmi
バインミーゴンゴン船橋,Chiba,Funabashi,https://www.facebook.com/Shinjuku.BanhMiNgonNgon/,4.2,107,35.7011647,139.9882478,banhmi
BANH MI XIN CHAO CAFE ASAKUSA バインミーシンチャオカフェ 浅草,Tokyo,Taito City,http://banhmixinchao.co.jp/,4.3,409,35.7101788,139.7978598,banhmi
ハノイ町 蔵前店,Tokyo,Taito City,,4.6,197,35.7056403,139.7935581,banhmi
BANH MI NGON NGON OKUBO(バインミーゴンゴン 大久保店),Tokyo,Shinjuku City,https://www.facebook.com/B%C3%A1nh-M%C3%AC-Ngon-Ngon-Okubo-105387335262252/,3.9,175,35.7009684,139.6970106,banhmi
バインミー ウィン,Osaka,Osaka,https://banhmiwin.com/,4.6,236,34.7047462,135.5221031,banhmi
THAO’S BANH MI,Kanagawa,Kawasaki,https://www.instagram.com/thaosbanhmi/,4.4,393,35.5655398,139.6548893,banhmi
シクロバインミー(CYCLO banh mi)CIAL横浜店,Kanagawa,Yokohama,,3.2,69,35.46681969999999,139.6224178,banhmi
BANHMI AN COM,Tokyo,Setagaya City,,0,0,35.646084,139.6699773,banhmi
BanhMi Kyoto製パン,Kyoto,Kyoto,https://business.google.com/v/_/AKsrIN0puJiEKfEO86dS_PDxoSa_6Tt6rzPnFu4MT8AzJ0ZBdzA0H-I/ddf8/_?exp=1778401&myads=1,4.6,73,34.9550669,135.7612292,banhmi
Banh mi ngon ngon warabi,Saitama,Kawaguchi,,4.3,38,35.8301873,139.6892067,banhmi
バインミー クィーン,Kyoto,Kyoto,https://www.instagram.com/banhmi_quynh/,4.9,47,34.9866715,135.7696843,banhmi
バインミー サイゴン,Osaka,Osaka,http://tnvietnam.co.jp/,4.5,133,34.6610708,135.50055,banhmi
MIKA バインミー （Mika bánh mì）,Tokyo,Itabashi City,http://mikabanhmi.net/,4.6,56,35.7904285,139.654858,banhmi
Xin Chào Việt Nam Utsunomiya シンチャオ ベトナム,Tochigi,Utsunomiya,,4.7,80,36.560168,139.885075,バインミー
ベトナムダイニング ジャディンGIA ĐÌNH一号店,Tochigi,Utsunomiya,https://gia-dinh.jp/,4.4,79,36.5602965,139.8872367,バインミー
ベトナムダイニングジャディンGIA ĐÌNH 二号店,Tochigi,Utsunomiya,https://gia-dinh.jp/,4.6,88,36.5595459,139.8965288,バインミー
フォーシンタスキッチン(はちまん餃子),Tochigi,Utsunomiya,https://www.instagram.com/phocintas?igsh=cWZ0MmwydG5iZDFy,4.7,190,36.5577341,139.9064521,バインミー
Quán Thảo レストラン,Tochigi,Utsunomiya,,3.8,52,36.5587668,139.8955142,バインミー
CHỢ VIỆT GIA ĐÌNH,Tochigi,Utsunomiya,https://www.facebook.com/profile.php?id=100051137632788,4.7,6,36.5572445,139.8965339,バインミー
ベトナム居酒屋 コンちゃん,Tochigi,Utsunomiya,,4.8,10,36.5562981,139.9000991,バインミー
BUY ME STAND 宇都宮 （バイミースタンド宇都宮 ATR STORE店内にあるサンドウィッチ専門店）,Tochigi,Utsunomiya,https://instagram.com/buymestand_u2?igshid=ZDdkNTZiNTM=,5,6,36.5583113,139.8853897,バインミー
バンブーフォレストキッチン -bamboo forest kitchen-,Tochigi,Utsunomiya,https://www.instagram.com/bamboo_forest_kitchen,4.2,85,36.5679935,139.9508363,バインミー
タイ料理の店メナム駅東店,Tochigi,Utsunomiya,http://meanum.que.jp/ekihigashi.html,4.2,162,36.55757870000001,139.9024753,バインミー
居酒屋 ごえん,Tochigi,Utsunomiya,,4.5,39,36.5604274,139.8792678,バインミー
炭火 牛ホルモン なんじゃ家,Tochigi,Utsunomiya,,3.9,61,36.5581206,139.8974971,バインミー
韓国料理 ハノク,Tochigi,Utsunomiya,https://www.tochinavi.net/spot/home/?id=11544,3.9,90,36.5451576,139.8789389,バインミー
なかい,Tochigi,Utsunomiya,https://goen-nakai.com/,4.4,52,36.5613311,139.8832264,バインミー
神戸クック・ワールドビュッフェ 宇都宮店,Tochigi,Utsunomiya,http://www.kobecook-wb.jp/shop/utsunomiya.html,3.9,865,36.543049,139.889263,バインミー
美好屋,Tochigi,Utsunomiya,,3.9,97,36.5601373,139.8850787,バインミー
韓国風家庭料理の店 かしわだいにんぐ,Tochigi,Utsunomiya,https://instagram.com/kashiwadining?utm_medium=copy_link,4,283,36.5627991,139.8546651,バインミー
韓国専門料理店 月の壺,Tochigi,Utsunomiya,,3.9,119,36.5560879,139.8825024,バインミー
ベトナム料理&Cafe あおざい,Tochigi,Nikko,https://aodai-nikko.com/,4.6,70,36.6824266,139.7195215,バインミー
Bánh Mì Xin Chào,Tokyo,Toshima City,http://banhmixinchao.co.jp/,3.9,155,35.7303444,139.7151945,バインミー
バインミー☆サンドイッチ,Tokyo,Shinjuku City,https://twitter.com/banhmi_sandwich,4.3,634,35.7132389,139.7031536,バインミー
バインミー シンチャオ イオンモール太田,Gunma,Ota,https://banhmixinchao.co.jp/,4.3,36,36.29337599999999,139.3990887,バインミー
バインミーバーバー中目黒,Tokyo,Meguro City,https://banhmibaba-nakameguro.com/,4.5,117,35.6429091,139.6987712,バインミー
バインミー☆ サンドイッチ,Tokyo,Shibuya City,https://www.instagram.com/banhmi_sandwich_takadanobaba/,4.4,20,35.6683371,139.7048337,バインミー
バインミーバイミー,Tokyo,Suginami City,https://www.instagram.com/banhmi.byme,4.8,58,35.70508770000001,139.6469223,バインミー
バインミーバーバー川越店 Bánh Mì Bà Ba kawagoe,Saitama,Kawagoe,https://yoyaku.tabelog.com/yoyaku/net_booking_form/index?rcd=11059812,4.8,97,35.9146002,139.4830906,バインミー
バインミーバーバー 吉祥寺店,Tokyo,Musashino,https://www.instagram.com/banhmibaba_kichijoji/,4.6,98,35.7025172,139.5790211,バインミー
バインミー☆サンドイッチ 水道橋東口店,Tokyo,Chiyoda City,https://www.facebook.com/BanhmiSuidobashi-101056862182378/,4.3,270,35.7013156,139.7556301,バインミー
YADOMEN,Tochigi,Tochigi,https://lin.ee/1F73zzi,4.6,18,36.3793183,139.731355,バインミー
Nha Viet Nam premier 銀座店,Tokyo,Chuo City,https://nha-vietnam.info/,3.9,111,35.6674942,139.7624459,バインミー
バインミーパテ ベトナムサンドイッチ,Kanagawa,Chigasaki,https://banhmipate.com/,4.5,66,35.3399088,139.4394374,バインミー
THAO’S BANH MI,Kanagawa,Kawasaki,https://www.instagram.com/thaosbanhmi/,4.4,393,35.5655398,139.6548893,バインミー
バインミー☆サンドイッチ 吉祥寺北口店,Tokyo,Musashino,,4.5,41,35.7038965,139.5789945,バインミー
ホンズ・キッチン,Tokyo,Ota City,https://instagram.com/hungs_kitchen_tokyo?utm_medium=copy_link,4.6,163,35.5638882,139.7152537,バインミー
バインミーゴンゴン船橋,Chiba,Funabashi,https://www.facebook.com/Shinjuku.BanhMiNgonNgon/,4.2,107,35.7011647,139.9882478,バインミー
バインミー太陽 BÁNH MÌ TAIYO,Saitama,Yoshikawa,,4.5,75,35.8762564,139.8430331,バインミー
バインミーモチ,Chiba,Chiba,http://sieuthiminitunjp.com/,4.3,49,35.6159196,140.114405,バインミー
Soc Con Fast Food バインミー リスちゃん,Tokyo,Shinjuku City,https://instagram.com/rischangbanhmi?igshid=YmMyMTA2M2Y=,4.4,57,35.701749,139.6979722,バインミー
バインミー☆サンドイッチ,Chiba,Funabashi,,4.1,15,35.7011936,140.0278662,バインミー
バインミーハバ,Tokyo,Fussa,,4.5,40,35.7398776,139.3260997,バインミー
おじいさんフォーベトナム料理,Saitama,Saitama,,4.7,54,35.940764,139.6112494,バインミー
スタンドバインミー,Tokyo,Meguro City,https://www.instagram.com/standbanhmi/,4.3,263,35.628886,139.6877641,バインミー
バインミーバーバー下北沢店,Tokyo,Setagaya City,https://banhmibaba.com/,4.6,398,35.6628814,139.6657317,バインミー
BÁNH MÌ VIỆT,Kanagawa,Yokohama,https://www.banhmivietjp.com/?utm_source=gmb&utm_medium=referral,4.4,131,35.4324879,139.4757654,バインミー
BANH MI XIN CHAO KAMATA バインミーシンチャオ蒲田店,Tokyo,Ota City,http://banhmixinchao.co.jp/,3.9,87,35.5647655,139.7144641,バインミー
バインミーシンチャオ,Tokyo,Shinjuku City,https://www.facebook.com/B%C3%A1nh-M%C3%AC-Xin-Ch%C3%A0o-1068932589815886/?ref=settings,4.2,449,35.7126653,139.7005539,バインミー
アオサンズ,Aichi,Nagoya,http://aosuns.win/,4.4,177,35.1606625,136.9016408,バインミー
Bánh Mì Xin Chào,埼玉県,川口市,https://banhmixinchao.co.jp/,4.3,53,35.8324911,139.687969,バインミー
越南路 エツナンルー,Osaka,Osaka,https://etsunanru.com/,3.7,53,34.7057911,135.4979853,バインミー
ベトナム料理タンマイ,Gunma,Maebashi,https://www.dan-b.com/thanhmai/,4.2,146,36.4079501,139.0656828,バインミー
ベトナム料理カフェ aLo aLo,Kanagawa,Yamato,,4.3,104,35.4695597,139.4660532,バインミー
マコトバインミー,Tokyo,Itabashi City,,4.8,56,35.7788659,139.630794,バインミー
ハノイ町 蔵前店,Tokyo,Taito City,,4.6,197,35.7056403,139.7935581,バインミー
アンディー,Tokyo,Setagaya City,http://www.andi-setagaya.com/,4.3,151,35.6348202,139.6121113,バインミー
ベトナム・フォー,神奈川県,横浜市,https://www.facebook.com/Ph%E1%BB%9F-Vi%E1%BB%87t-Qu%C3%A1n-%E3%83%99%E3%83%88%E3%83%8A%E3%83%A0%E6%96%99%E7%90%86-110644234729421,4.4,178,35.423392,139.6015962,バインミー
BANH MI XIN CHAO CAFE ASAKUSA バインミーシンチャオカフェ 浅草,Tokyo,Taito City,http://banhmixinchao.co.jp/,4.3,409,35.7101788,139.7978598,バインミー
ベトナムバインミー三ツ沢下町店BÁNH MÌ VIỆT NAM,Kanagawa,Yokohama,,4.4,49,35.4763652,139.6145326,バインミー
タン・ハー,Kanagawa,Yokohama,,4.4,602,35.42987060000001,139.4755859,バインミー
BANH MI XIN CHAO NAGOYA,Aichi,Nagoya,,4.1,172,35.1722409,136.9115925,バインミー
EBISU BANH MI BAKERY,Tokyo,Shibuya City,http://ebis-banhmi.com/,4.4,415,35.6479071,139.7102118,バインミー
ベトナム料理タンマイ,Gunma,Maebashi,https://www.dan-b.com/thanhmai/,4.2,146,36.4079501,139.0656828,banh mi
Hà Nội Quán,Gunma,Takasaki,https://m.facebook.com/H%C3%A0-N%E1%BB%99i-Qu%C3%A1n-272291186718262/,4.4,77,36.3417573,139.0118221,banh mi
ベトナム料理タンマイ古市町店,Gunma,Maebashi,,3.9,68,36.3802399,139.0542997,banh mi
KINH BAC QUAN,Gunma,Takasaki,https://retty.me/area/PRE10/ARE60/SUB6002/100001665416/,4.2,60,36.3258192,139.0086851,banh mi
THIEN BAO QUAN 天宝店,Gunma,Takasaki,,4.2,83,36.3296204,139.0143252,banh mi
ベトナム料理 ミン ニヤット レストラン(伊勢崎店),Gunma,Isesaki,,4.6,43,36.3136246,139.183448,banh mi
ねこや カフェダイニング,Gunma,Maebashi,,4.1,29,36.4220286,139.0553232,banh mi
Quán bánh mì vn,Gunma,Isesaki,,3,4,36.3013341,139.1878929,banh mi
ベトナム料理 デリイチ,Gunma,Isesaki,https://instagram.com/vietnam_deliichi?igshid=NmZiMzY2Mjc=,4.1,158,36.3014494,139.1879462,banh mi
MARUFUKU LUNCH MARKET,Gunma,Takasaki,https://marufuku-lunchmarket.jp/,4.4,43,36.3570283,138.9923536,banh mi
Hai Anh Quan,Gunma,Isesaki,,3.7,41,36.3270459,139.2144117,banh mi
Phở Nhớ Restaurant(フォーニョーレストラン),Saitama,Honjo,,4.8,35,36.235411,139.1881169,banh mi
バインミー シンチャオ イオンモール太田,Gunma,Ota,https://banhmixinchao.co.jp/,4.3,36,36.29337599999999,139.3990887,banh mi
ホイ・ゴー・クアン,Saitama,Honjo,https://www.facebook.com/saitama.quechoa,4.2,19,36.2358184,139.1861795,banh mi
バインミーバイミー,Tokyo,Suginami City,https://www.instagram.com/banhmi.byme,4.8,58,35.70508770000001,139.6469223,banh mi
フォー コー トウー(Phở Cô Tư),Gunma,Kiryu,,4.6,47,36.4133748,139.2946123,banh mi
バインミー☆サンドイッチ,Tokyo,Shinjuku City,https://twitter.com/banhmi_sandwich,4.3,634,35.7132389,139.7031536,banh mi
バインミーシンチャオ,Tokyo,Shinjuku City,https://www.facebook.com/B%C3%A1nh-M%C3%AC-Xin-Ch%C3%A0o-1068932589815886/?ref=settings,4.2,449,35.7126653,139.7005539,banh mi
ベトナムサンドイッチ DZO DZO ヨーヨー お持ち帰り専門店,群馬県,桐生市,https://www.facebook.com/profile.php?id=100088818081333,4.7,12,36.422242,139.349059,banh mi
スタンドバインミー,Tokyo,Meguro City,https://www.instagram.com/standbanhmi/,4.3,263,35.628886,139.6877641,banh mi
Minh Nhật quán ミンニャット,Gunma,Oizumi,,4.4,33,36.26067690000001,139.3960063,banh mi
ベトナム食堂,Saitama,Kumagaya,,4.6,58,36.1633429,139.3178205,banh mi
Nam Hải Quán - べトナム レストラン,Tochigi,Ashikaga,https://www.facebook.com/profile.php?id=100093064354412,4.6,24,36.3250176,139.4499964,banh mi
レーロイ ベトナムレストラン,Gunma,Ota,,3.9,178,36.2968042,139.3998443,banh mi
BANH MI XIN CHAO CAFE ASAKUSA バインミーシンチャオカフェ 浅草,Tokyo,Taito City,http://banhmixinchao.co.jp/,4.3,409,35.7101788,139.7978598,banh mi
ベトナム料理,Shizuoka,Hamamatsu,https://betonamu-ryouri.com/,4.2,51,34.7327391,137.7227501,banh mi
BANH MI XIN CHAO SHINSAIBASHI バインミーシンチャオ心斎橋店,Osaka,Osaka,http://banhmixinchao.co.jp/,4.1,197,34.6742769,135.50194,banh mi
ベトナム料理★Cafe Hasuna 浜松葵西店,Shizuoka,Hamamatsu,https://banhmi-hasuna.com/,4.3,217,34.7680349,137.7069614,banh mi
A phở,Tochigi,Ashikaga,https://www.facebook.com/profile.php?id=100043022801795,4,43,36.3240124,139.4828352,banh mi
EBISU BANH MI BAKERY,Tokyo,Shibuya City,http://ebis-banhmi.com/,4.4,415,35.6479071,139.7102118,banh mi
ハノイフォー PHỞ HÀ NỘI,Chiba,Funabashi,,4.5,67,35.7238177,140.0487208,banh mi
バインミー ウィン,Osaka,Osaka,https://banhmiwin.com/,4.6,236,34.7047462,135.5221031,banh mi
FOODVn - X3,Ishikawa,Kanazawa,https://www.nichichouju.com/,4.9,551,36.5802369,136.6473659,banh mi
ベトニャット,Tokyo,Shinjuku City,,4.8,373,35.6900589,139.712109,banh mi
フォーハノイ キッチン＆カフェ,Tokyo,Suginami City,https://www.instagram.com/phohanoi_asagaya/,4.2,117,35.6999485,139.6346523,banh mi
フォーベト,Tokyo,Toshima City,https://tabelog.com/tokyo/A1305/A130501/13002878/,4.3,699,35.7307282,139.7060359,banh mi
フォーミン,Kanagawa,Yokohama,,4.4,273,35.4957412,139.6659284,banh mi
BANH MI XIN CHAO NAGOYA,Aichi,Nagoya,,4.1,172,35.1722409,136.9115925,banh mi
ベトナムダイニング ジャディンGIA ĐÌNH一号店,Tochigi,Utsunomiya,https://gia-dinh.jp/,4.4,79,36.5602965,139.8872367,banh mi
1998QUÁN,Kanagawa,Sagamihara,https://www.facebook.com/hanhgiang1998/?locale=ms_MY,4.3,76,35.5781867,139.3746464,banh mi
ベト屋 築地店,Tokyo,Chuo City,https://betoya.jp/store/tsukiji/,4.3,233,35.6676442,139.7723177,banh mi
Soc Con Fast Food バインミー リスちゃん,Tokyo,Shinjuku City,https://instagram.com/rischangbanhmi?igshid=YmMyMTA2M2Y=,4.4,57,35.701749,139.6979722,banh mi
ジューシー バインミー,Aichi,Nagoya,https://www.banhmi.xyz/,4.6,196,35.1939362,136.9419838,banh mi
90年代美味南ベトナム料理 PHUONG NAM (フーンナム),Tokyo,Minato City,https://phuongnam.gorp.jp/,4.1,254,35.6648376,139.7329885,banh mi
いいな ベトナム料理,Chiba,Chiba,http://2ndbrain.co.jp/,4.3,111,35.6367797,140.0910947,banh mi
ゴン クアン ベトナムレストラン,Chiba,Yachiyo,,3.8,57,35.7002176,140.0899262,banh mi
HuongQue Restaurant,Osaka,Osaka,https://www.facebook.com/HuongQueRestaurantOsaka,4.2,79,34.6680628,135.5039362,banh mi
ベトナム料理 CÔ BA,Kanagawa,Fujisawa,,4.3,15,35.4186988,139.4691094,banh mi
ダイナーヴァン,Tokyo,Koto City,https://www.instagram.com/diner_vang/,4,224,35.6812369,139.8055342,banh mi
アンゴン,Osaka,Osaka,https://www.instagram.com/anngon.1998/,4.4,635,34.676695,135.498163,banh mi
ベトナム料理ヒヨコ (Quán GÀ CON),東京都,杉並区,,4.5,59,35.706278,139.6504264,banh mi
PLUS84,Aichi,Nishio,,4.6,92,34.8811174,137.0659242,banh mi
タン・ハー,Kanagawa,Yokohama,,4.4,602,35.42987060000001,139.4755859,banh mi
トックティー,Saitama,Kawaguchi,https://www.facebook.com/profile.php?id=100063627967186,4.1,56,35.8148502,139.7039448,banh mi
アンディー,Tokyo,Setagaya City,http://www.andi-setagaya.com/,4.3,151,35.6348202,139.6121113,banh mi
アンディ An Di,Tokyo,Shibuya City,http://andivietnamese.com/,4.4,244,35.6719112,139.7138988,banh mi
ベトナムレストラン ティティ Vietnamese Restaurant THI THI,Tokyo,Ota City,https://www.facebook.com/Vietnameserestaurantthithi,4.5,658,35.5624932,139.7201901,banh mi
THE PIG ＆ THE LADY,Tokyo,Shibuya City,https://thepigandthelady.jp/,4.1,467,35.6463875,139.7089094,banh mi
ベトナムレストランNGON-2号店,Saitama,Saitama,https://www.hotpepper.jp/strJ001292107/,4.3,118,35.9088404,139.6260448,banh mi
ベトナムキッチン アンヴィエット,Aichi,Nagoya,https://www.anviet-fukiage.com/?utm_source=google-mybusiness&utm_medium=referral,4.4,244,35.1602207,136.9214753,banh mi
バインミーバイミー,Tokyo,Suginami City,https://www.instagram.com/banhmi.byme,4.8,58,35.70508770000001,139.6469223,banhmi
バインミー シンチャオ イオンモール太田,Gunma,Ota,https://banhmixinchao.co.jp/,4.3,36,36.29337599999999,139.3990887,banhmi
バインミー☆ サンドイッチ,Tokyo,Shibuya City,https://www.instagram.com/banhmi_sandwich_takadanobaba/,4.4,20,35.6683371,139.7048337,banhmi
バインミー☆サンドイッチ,Tokyo,Shinjuku City,https://twitter.com/banhmi_sandwich,4.3,634,35.7132389,139.7031536,banhmi
バインミーバーバー中目黒,Tokyo,Meguro City,https://banhmibaba-nakameguro.com/,4.5,117,35.6429091,139.6987712,banhmi
BANH MI NGON NGON TAKADANOBABA,Tokyo,Shinjuku City,,4.1,283,35.7124601,139.7003927,banhmi
バインミーバーバー川越店 Bánh Mì Bà Ba kawagoe,Saitama,Kawagoe,https://yoyaku.tabelog.com/yoyaku/net_booking_form/index?rcd=11059812,4.8,97,35.9146002,139.4830906,banhmi
バインミーバーバー 吉祥寺店,Tokyo,Musashino,https://www.instagram.com/banhmibaba_kichijoji/,4.6,98,35.7025172,139.5790211,banhmi
バインミー☆サンドイッチ 水道橋東口店,Tokyo,Chiyoda City,https://www.facebook.com/BanhmiSuidobashi-101056862182378/,4.3,270,35.7013156,139.7556301,banhmi
バインミーバーバー下北沢店,Tokyo,Setagaya City,https://banhmibaba.com/,4.6,398,35.6628814,139.6657317,banhmi
スタンドバインミー,Tokyo,Meguro City,https://www.instagram.com/standbanhmi/,4.3,263,35.628886,139.6877641,banhmi
バインミーシンチャオ,Tokyo,Shinjuku City,https://www.facebook.com/B%C3%A1nh-M%C3%AC-Xin-Ch%C3%A0o-1068932589815886/?ref=settings,4.2,449,35.7126653,139.7005539,banhmi
EBISU BANH MI BAKERY,Tokyo,Shibuya City,http://ebis-banhmi.com/,4.4,415,35.6479071,139.7102118,banhmi
バインミーゴンゴン船橋,Chiba,Funabashi,https://www.facebook.com/Shinjuku.BanhMiNgonNgon/,4.2,107,35.7011647,139.9882478,banhmi
BANH MI XIN CHAO CAFE ASAKUSA バインミーシンチャオカフェ 浅草,Tokyo,Taito City,http://banhmixinchao.co.jp/,4.3,409,35.7101788,139.7978598,banhmi
バインミー ウィン,Osaka,Osaka,https://banhmiwin.com/,4.6,236,34.7047462,135.5221031,banhmi
THAO’S BANH MI,Kanagawa,Kawasaki,https://www.instagram.com/thaosbanhmi/,4.4,393,35.5655398,139.6548893,banhmi
BANH MI NGON NGON OKUBO(バインミーゴンゴン 大久保店),Tokyo,Shinjuku City,https://www.facebook.com/B%C3%A1nh-M%C3%AC-Ngon-Ngon-Okubo-105387335262252/,3.9,175,35.7009684,139.6970106,banhmi
ハノイ町 蔵前店,Tokyo,Taito City,,4.6,197,35.7056403,139.7935581,banhmi
シクロバインミー(CYCLO banh mi)CIAL横浜店,Kanagawa,Yokohama,,3.2,69,35.46681969999999,139.6224178,banhmi
BANHMI AN COM,Tokyo,Setagaya City,,0,0,35.646084,139.6699773,banhmi
BanhMi Kyoto製パン,Kyoto,Kyoto,https://business.google.com/v/_/AKsrIN0puJiEKfEO86dS_PDxoSa_6Tt6rzPnFu4MT8AzJ0ZBdzA0H-I/ddf8/_?exp=1778401&myads=1,4.6,73,34.9550669,135.7612292,banhmi
バインミー クィーン,Kyoto,Kyoto,https://www.instagram.com/banhmi_quynh/,4.9,47,34.9866715,135.7696843,banhmi
バインミー サイゴン,Osaka,Osaka,http://tnvietnam.co.jp/,4.5,133,34.6610708,135.50055,banhmi
Banh mi ngon ngon warabi,Saitama,Kawaguchi,,4.3,38,35.8301873,139.6892067,banhmi
MIKA バインミー （Mika bánh mì）,Tokyo,Itabashi City,http://mikabanhmi.net/,4.6,56,35.7904285,139.654858,banhmi
Hà Nội Quán,Gunma,Takasaki,https://m.facebook.com/H%C3%A0-N%E1%BB%99i-Qu%C3%A1n-272291186718262/,4.4,77,36.3417573,139.0118221,バインミー
ベトナム料理タンマイ,Gunma,Maebashi,https://www.dan-b.com/thanhmai/,4.2,146,36.4079501,139.0656828,バインミー
ベトナム料理タンマイ古市町店,Gunma,Maebashi,,3.9,68,36.3802399,139.0542997,バインミー
Bảo Bảo Quán,Gunma,Maebashi,http://baobaoquan.com/,4.2,25,36.3905269,139.073347,バインミー
KINH BAC QUAN,Gunma,Takasaki,https://retty.me/area/PRE10/ARE60/SUB6002/100001665416/,4.2,60,36.3258192,139.0086851,バインミー
フォーの店 Hari Hari,Gunma,Takasaki,http://ameblo.jp/harihari-asian/,4.2,93,36.3426044,138.9891609,バインミー
ロータス,Gunma,Maebashi,,4.8,8,36.384876,139.0801411,バインミー
Aldewarth the cafe,Gunma,Isesaki,https://aldewarth.com/,3.6,183,36.3321907,139.1616859,バインミー
ベトナム料理 ミン ニヤット レストラン(伊勢崎店),Gunma,Isesaki,,4.6,43,36.3136246,139.183448,バインミー
ねこや カフェダイニング,Gunma,Maebashi,,4.1,29,36.4220286,139.0553232,バインミー
BALInese Cafe,Gunma,Takasaki,https://balinesecafe2019.jp/,4.1,173,36.3425703,139.006963,バインミー
ベトナム料理 デリイチ,Gunma,Isesaki,https://instagram.com/vietnam_deliichi?igshid=NmZiMzY2Mjc=,4.1,158,36.3014494,139.1879462,バインミー
YAMATOYA COFFEE 32,Gunma,Maebashi,https://www.yamato-ya.jp/yamatoyacoffee32news/,4.1,168,36.3905895,139.060277,バインミー
ANNAM QUÁN,Gunma,Isesaki,,4.3,22,36.32039049999999,139.1984902,バインミー
メゾン・ド・ジルコ,Gunma,Takasaki,https://facebook.com/maison.de.jillco/,4.2,69,36.3245278,139.0088582,バインミー
山のフモトのパン食堂 Cou屋,Gunma,Maebashi,http://cou-ya.com/,4.4,153,36.4783097,139.1217165,バインミー
ベトナム居酒屋HAMY's Bar,Gunma,Isesaki,,4.2,29,36.3316976,139.1987308,バインミー
喫茶 melt,Gunma,Takasaki,https://www.instagram.com/cafe.melt/,4.3,42,36.3620181,139.0319653,バインミー
SH98 Restaurant,Saitama,Honjo,,4.4,29,36.254119,139.1632987,バインミー
Cafe indecis,Gunma,Isesaki,https://www.instagram.com/cafe_indecis,4.7,7,36.3265613,139.2173451,バインミー
Phở Nhớ Restaurant(フォーニョーレストラン),Saitama,Honjo,,4.8,35,36.235411,139.1881169,バインミー
バインミー シンチャオ イオンモール太田,Gunma,Ota,https://banhmixinchao.co.jp/,4.3,36,36.29337599999999,139.3990887,バインミー
フォー コー トウー(Phở Cô Tư),Gunma,Kiryu,,4.6,47,36.4133748,139.2946123,バインミー
バインミー☆サンドイッチ,Tokyo,Shinjuku City,https://twitter.com/banhmi_sandwich,4.3,634,35.7132389,139.7031536,バインミー
Bánh Mì Xin Chào,Tokyo,Toshima City,http://banhmixinchao.co.jp/,3.9,155,35.7303444,139.7151945,バインミー
ベトナムサンドイッチ DZO DZO ヨーヨー お持ち帰り専門店,群馬県,桐生市,https://www.facebook.com/profile.php?id=100088818081333,4.7,12,36.422242,139.349059,バインミー
レーロイ ベトナムレストラン,Gunma,Ota,,3.9,178,36.2968042,139.3998443,バインミー
バインミーバーバー中目黒,Tokyo,Meguro City,https://banhmibaba-nakameguro.com/,4.5,117,35.6429091,139.6987712,バインミー
ベトナム食堂,Saitama,Kumagaya,,4.6,58,36.1633429,139.3178205,バインミー
バインミー☆ サンドイッチ,Tokyo,Shibuya City,https://www.instagram.com/banhmi_sandwich_takadanobaba/,4.4,20,35.6683371,139.7048337,バインミー
バインミーバーバー川越店 Bánh Mì Bà Ba kawagoe,Saitama,Kawagoe,https://yoyaku.tabelog.com/yoyaku/net_booking_form/index?rcd=11059812,4.8,97,35.9146002,139.4830906,バインミー
バインミーバイミー,Tokyo,Suginami City,https://www.instagram.com/banhmi.byme,4.8,58,35.70508770000001,139.6469223,バインミー
バインミーバーバー 吉祥寺店,Tokyo,Musashino,https://www.instagram.com/banhmibaba_kichijoji/,4.6,98,35.7025172,139.5790211,バインミー
バインミー☆サンドイッチ 水道橋東口店,Tokyo,Chiyoda City,https://www.facebook.com/BanhmiSuidobashi-101056862182378/,4.3,270,35.7013156,139.7556301,バインミー
THAO’S BANH MI,Kanagawa,Kawasaki,https://www.instagram.com/thaosbanhmi/,4.4,393,35.5655398,139.6548893,バインミー
バインミーパテ ベトナムサンドイッチ,Kanagawa,Chigasaki,https://banhmipate.com/,4.5,66,35.3399088,139.4394374,バインミー
Nha Viet Nam premier 銀座店,Tokyo,Chuo City,https://nha-vietnam.info/,3.9,111,35.6674942,139.7624459,バインミー
ホンズ・キッチン,Tokyo,Ota City,https://instagram.com/hungs_kitchen_tokyo?utm_medium=copy_link,4.6,163,35.5638882,139.7152537,バインミー
バインミー☆サンドイッチ 吉祥寺北口店,Tokyo,Musashino,,4.5,41,35.7038965,139.5789945,バインミー
バインミーゴンゴン船橋,Chiba,Funabashi,https://www.facebook.com/Shinjuku.BanhMiNgonNgon/,4.2,107,35.7011647,139.9882478,バインミー
バインミーモチ,Chiba,Chiba,http://sieuthiminitunjp.com/,4.3,49,35.6159196,140.114405,バインミー
バインミーハバ,Tokyo,Fussa,,4.5,40,35.7398776,139.3260997,バインミー
Soc Con Fast Food バインミー リスちゃん,Tokyo,Shinjuku City,https://instagram.com/rischangbanhmi?igshid=YmMyMTA2M2Y=,4.4,57,35.701749,139.6979722,バインミー
バインミー太陽 BÁNH MÌ TAIYO,Saitama,Yoshikawa,,4.5,75,35.8762564,139.8430331,バインミー
アオサンズ,Aichi,Nagoya,http://aosuns.win/,4.4,177,35.1606625,136.9016408,バインミー
越南路 エツナンルー,Osaka,Osaka,https://etsunanru.com/,3.7,53,34.7057911,135.4979853,バインミー
スタンドバインミー,Tokyo,Meguro City,https://www.instagram.com/standbanhmi/,4.3,263,35.628886,139.6877641,バインミー
バインミー☆サンドイッチ,Chiba,Funabashi,,4.1,15,35.7011936,140.0278662,バインミー
おじいさんフォーベトナム料理,Saitama,Saitama,,4.7,54,35.940764,139.6112494,バインミー
BANH MI XIN CHAO NAGOYA,Aichi,Nagoya,,4.1,172,35.1722409,136.9115925,バインミー
BÁNH MÌ VIỆT,Kanagawa,Yokohama,https://www.banhmivietjp.com/?utm_source=gmb&utm_medium=referral,4.4,131,35.4324879,139.4757654,バインミー
バインミーバーバー下北沢店,Tokyo,Setagaya City,https://banhmibaba.com/,4.6,398,35.6628814,139.6657317,バインミー
ベトナム料理カフェ aLo aLo,Kanagawa,Yamato,,4.3,104,35.4695597,139.4660532,バインミー
アンディー,Tokyo,Setagaya City,http://www.andi-setagaya.com/,4.3,151,35.6348202,139.6121113,バインミー
バインミーシンチャオ,Tokyo,Shinjuku City,https://www.facebook.com/B%C3%A1nh-M%C3%AC-Xin-Ch%C3%A0o-1068932589815886/?ref=settings,4.2,449,35.7126653,139.7005539,バインミー
BANH MI XIN CHAO KAMATA バインミーシンチャオ蒲田店,Tokyo,Ota City,http://banhmixinchao.co.jp/,3.9,87,35.5647655,139.7144641,バインミー
Bánh Mì Xin Chào,埼玉県,川口市,https://banhmixinchao.co.jp/,4.3,53,35.8324911,139.687969,バインミー
マコトバインミー,Tokyo,Itabashi City,,4.8,56,35.7788659,139.630794,バインミー
ベトナム・フォー,神奈川県,横浜市,https://www.facebook.com/Ph%E1%BB%9F-Vi%E1%BB%87t-Qu%C3%A1n-%E3%83%99%E3%83%88%E3%83%8A%E3%83%A0%E6%96%99%E7%90%86-110644234729421,4.4,178,35.423392,139.6015962,バインミー
ベトナムデリ珈琲 瀬戸本店,Aichi,Seto,https://vietnamdelicoffee.com/,4.1,102,35.2112348,137.0839904,バインミー
Bánh Mì Xin Chào,埼玉県,川口市,https://banhmixinchao.co.jp/,4.3,53,35.8324911,139.687969,banh mi
バインミーバーバー下赤塚店,Tokyo,Itabashi City,https://banhmibaba.com/,4,32,35.770765,139.6451277,banh mi
マコトバインミー,Tokyo,Itabashi City,,4.8,56,35.7788659,139.630794,banh mi
Banh mi ngon ngon warabi,Saitama,Kawaguchi,,4.3,38,35.8301873,139.6892067,banh mi
MIKA バインミー （Mika bánh mì）,Tokyo,Itabashi City,http://mikabanhmi.net/,4.6,56,35.7904285,139.654858,banh mi
トックティー,Saitama,Kawaguchi,https://www.facebook.com/profile.php?id=100063627967186,4.1,56,35.8148502,139.7039448,banh mi
おじいさんフォーベトナム料理,Saitama,Saitama,,4.7,54,35.940764,139.6112494,banh mi
ハローサイゴン 埼玉店,Saitama,Saitama,,4.6,50,35.9281265,139.6688559,banh mi
PHO VIET - Vietnamese Restaurant,Tokyo,Kita City,https://www.facebook.com/nguyenducthang25059,4.2,174,35.77949760000001,139.7230228,banh mi
ベトナムレストランフォン リ,Saitama,Saitama,,4.2,180,35.9072046,139.6256484,banh mi
ベトナム居酒屋ニャウ Nhau Thien An,Saitama,Kawaguchi,,3.7,97,35.8159609,139.7048484,banh mi
Phở Mainichi,Saitama,Kawaguchi,,4.9,87,35.813194,139.7026091,banh mi
ベトナム料理店 KIM,Tokyo,Itabashi City,https://kim.owst.jp/,4.5,64,35.7753568,139.6315718,banh mi
ベトナムレストランNGON-2号店,Saitama,Saitama,https://www.hotpepper.jp/strJ001292107/,4.3,118,35.9088404,139.6260448,banh mi
ジャスミンパレス 大宮店,Saitama,Saitama,https://www.stc-sunrise.co.jp/access.html#Oomiya,4,361,35.9049795,139.6219597,banh mi
bakery yui(旧ユイバインミー),Saitama,Kawaguchi,https://www.facebook.com/yuibanhmi,4.5,60,35.8565728,139.7060288,banh mi
Phúc Khang - Coffee Tea & Fastfood,Saitama,Kawaguchi,https://www.facebook.com/nhahangvietnam2022/menu,3.8,52,35.8157798,139.702134,banh mi
MOON Restaurant & Karaoke ベトナム料理本店,Saitama,Kawaguchi,,4.2,85,35.8138866,139.7009696,banh mi
LUONG SON QUAN,埼玉県,川口市,,4.6,37,35.81573710000001,139.7031818,banh mi
Con Bò Cười,埼玉県,さいたま市,https://www.facebook.com/conbocuoi2022,4.3,44,35.949313,139.639768,banh mi
Tiệm Tạp Hóa Narimasu,Tokyo,Itabashi City,,4.8,13,35.7788583,139.6308042,banh mi
バインミーマーケット,Tokyo,Itabashi City,https://banh-mi-market.jimdosite.com/,4.5,11,35.7627593,139.6756241,banh mi
Bao cấp Nishikawaguchi (喫茶店),Saitama,Kawaguchi,http://m.me/104268838924398,4.3,135,35.8147086,139.7029219,banh mi
サイゴン・チル,Tokyo,Itabashi City,http://www.saigon-chill.net/,4,22,35.763639,139.6785255,banh mi
麻凛堂,Saitama,Saitama,https://marindou.com/,4.2,117,35.8544632,139.6381291,banh mi
バインミーバーバー川越店 Bánh Mì Bà Ba kawagoe,Saitama,Kawagoe,https://yoyaku.tabelog.com/yoyaku/net_booking_form/index?rcd=11059812,4.8,97,35.9146002,139.4830906,banh mi
Bánh Mì Xin Chào,Tokyo,Toshima City,http://banhmixinchao.co.jp/,3.9,155,35.7303444,139.7151945,banh mi
コンドウハウス Konキッチン,Saitama,Saitama,https://www.facebook.com/Kondohouse.Mimuro,4.1,20,35.8915408,139.6721975,banh mi
バインミーバイミー,Tokyo,Suginami City,https://www.instagram.com/banhmi.byme,4.8,58,35.70508770000001,139.6469223,banh mi
BANH MI NGON NGON TAKADANOBABA,Tokyo,Shinjuku City,,4.1,283,35.7124601,139.7003927,banh mi
ベトナムサンドイッチバインミー中野店,Tokyo,Nakano City,,4.5,26,35.7054592,139.6680788,banh mi
LE VELO ル ヴェロ,Saitama,Asaka,https://www.instagram.com/levelo.2021/,4.5,53,35.8003003,139.597475,banh mi
レストラン フエ屋,Tokyo,Kita City,,4.2,96,35.7569504,139.7389227,banh mi
パン工房 BOULANGERIE KEN(ブランジェリー ケン),Tokyo,Itabashi City,http://boulangerieken.itabashi-life.com/,3.9,717,35.7711802,139.6456372,banh mi
バインミー☆サンドイッチ 吉祥寺北口店,Tokyo,Musashino,,4.5,41,35.7038965,139.5789945,banh mi
バインミー☆サンドイッチ,Tokyo,Shinjuku City,https://twitter.com/banhmi_sandwich,4.3,634,35.7132389,139.7031536,banh mi
バインミーバーバー 吉祥寺店,Tokyo,Musashino,https://www.instagram.com/banhmibaba_kichijoji/,4.6,98,35.7025172,139.5790211,banh mi
バインミーシンチャオ,Tokyo,Shinjuku City,https://www.facebook.com/B%C3%A1nh-M%C3%AC-Xin-Ch%C3%A0o-1068932589815886/?ref=settings,4.2,449,35.7126653,139.7005539,banh mi
バインミー☆ サンドイッチ,Tokyo,Shibuya City,https://www.instagram.com/banhmi_sandwich_takadanobaba/,4.4,20,35.6683371,139.7048337,banh mi
PHỞ VIỆT QUÁN 3 ベトナムレストラン,Tokyo,Adachi City,,4.2,72,35.794079,139.7948214,banh mi
バンメ館,Tokyo,Arakawa City,https://s.tabelog.com/tokyo/A1311/A131105/13268464/,4.7,241,35.7295084,139.7728145,banh mi
バインミーサンドイッチ神保町店,Tokyo,Chiyoda City,,4.6,59,35.6960762,139.7562785,banh mi
本場ブンチャー BETOMEN,Tokyo,Toshima City,https://www.facebook.com/bunchabetomen,4.4,152,35.730284,139.7285862,banh mi
バインミー☆サンドイッチ 水道橋東口店,Tokyo,Chiyoda City,https://www.facebook.com/BanhmiSuidobashi-101056862182378/,4.3,270,35.7013156,139.7556301,banh mi
ファミリーフーズ,Tokyo,Kita City,https://www.familyfoods-viet.com/,4.2,147,35.74020489999999,139.7467522,banh mi
フォーLINKS,Tokyo,Toshima City,,4.4,31,35.7266964,139.7133205,banh mi
バインミーシンチャオ 中野店,Tokyo,Nakano City,,4.3,33,35.7054578,139.6680867,banh mi
BAO UYEN,Saitama,Koshigaya,,3.5,13,35.8715242,139.7909173,banh mi
BANH MI XIN CHAO CAFE ASAKUSA バインミーシンチャオカフェ 浅草,Tokyo,Taito City,http://banhmixinchao.co.jp/,4.3,409,35.7101788,139.7978598,banh mi
バインミーシンチャオ 亀有店,Tokyo,Katsushika City,https://banhmixinchao.co.jp/,4.7,36,35.7641065,139.8476035,banh mi
イクチャム,Tokyo,Adachi City,https://www.instagram.com/iccham.vietnam/,4.3,77,35.7524174,139.8007083,banh mi
BANH MI NGON NGON OKUBO(バインミーゴンゴン 大久保店),Tokyo,Shinjuku City,https://www.facebook.com/B%C3%A1nh-M%C3%AC-Ngon-Ngon-Okubo-105387335262252/,3.9,175,35.7009684,139.6970106,banh mi
ハノイ町 蔵前店,Tokyo,Taito City,,4.6,197,35.7056403,139.7935581,banh mi
VIETNAM SKY RESTAURANT ／ ベトナム スカイ レストラン,Tokyo,Arakawa City,https://skyphoda.com/,4.3,38,35.7280674,139.7727348,banh mi
サイゴンレストラン,Tokyo,Toshima City,,4.1,608,35.7315343,139.7140152,banh mi
ベトナム料理 バインセオ サイゴン 東京ドーム シティ店 Vietnamese food Banh Xeo Saigon TOKYO DOME CITY LaQua,Tokyo,Bunkyo City,https://zap-di.com/shop/banhxeosaigon/suidobashi/index.html?ver_06032,4.4,211,35.7036265,139.7519329,banh mi
KOIPHO,Tokyo,Arakawa City,https://koipho.delivery-takeout-menu.com/,4.3,163,35.7288139,139.7717275,banh mi
S.E.A. Kitchen (シーキッチン),Tokyo,Toshima City,https://seakitchen.net/,4.5,50,35.7304688,139.7409632,banh mi
カムオン フォー,Tokyo,Toshima City,http://camonpho.jp/,4.1,117,35.73043150000001,139.7286242,banh mi
n.r store,Tokyo,Arakawa City,https://nicetimeworks.com/nr-store/,4.5,57,35.7436383,139.7762807,banh mi
バインミーバーバー下赤塚店,Tokyo,Itabashi City,https://banhmibaba.com/,4,32,35.770765,139.6451277,banhmi
Banh mi ngon ngon warabi,Saitama,Kawaguchi,,4.3,38,35.8301873,139.6892067,banhmi
MIKA バインミー （Mika bánh mì）,Tokyo,Itabashi City,http://mikabanhmi.net/,4.6,56,35.7904285,139.654858,banhmi
バインミーバイミー,Tokyo,Suginami City,https://www.instagram.com/banhmi.byme,4.8,58,35.70508770000001,139.6469223,banhmi
バインミー☆ サンドイッチ,Tokyo,Shibuya City,https://www.instagram.com/banhmi_sandwich_takadanobaba/,4.4,20,35.6683371,139.7048337,banhmi
bakery yui(旧ユイバインミー),Saitama,Kawaguchi,https://www.facebook.com/yuibanhmi,4.5,60,35.8565728,139.7060288,banhmi
BANH MI NGON NGON TAKADANOBABA,Tokyo,Shinjuku City,,4.1,283,35.7124601,139.7003927,banhmi
バインミー☆サンドイッチ,Tokyo,Shinjuku City,https://twitter.com/banhmi_sandwich,4.3,634,35.7132389,139.7031536,banhmi
バインミーバーバー 吉祥寺店,Tokyo,Musashino,https://www.instagram.com/banhmibaba_kichijoji/,4.6,98,35.7025172,139.5790211,banhmi
バインミーバーバー川越店 Bánh Mì Bà Ba kawagoe,Saitama,Kawagoe,https://yoyaku.tabelog.com/yoyaku/net_booking_form/index?rcd=11059812,4.8,97,35.9146002,139.4830906,banhmi
バインミー Mina,Saitama,Kawaguchi,,4.5,2,35.8296558,139.6959205,banhmi
バインミーシンチャオ,Tokyo,Shinjuku City,https://www.facebook.com/B%C3%A1nh-M%C3%AC-Xin-Ch%C3%A0o-1068932589815886/?ref=settings,4.2,449,35.7126653,139.7005539,banhmi
バインミーバーバー中目黒,Tokyo,Meguro City,https://banhmibaba-nakameguro.com/,4.5,117,35.6429091,139.6987712,banhmi
バインミー☆サンドイッチ 水道橋東口店,Tokyo,Chiyoda City,https://www.facebook.com/BanhmiSuidobashi-101056862182378/,4.3,270,35.7013156,139.7556301,banhmi
バインミーバーバー下北沢店,Tokyo,Setagaya City,https://banhmibaba.com/,4.6,398,35.6628814,139.6657317,banhmi
BANH MI XIN CHAO CAFE ASAKUSA バインミーシンチャオカフェ 浅草,Tokyo,Taito City,http://banhmixinchao.co.jp/,4.3,409,35.7101788,139.7978598,banhmi
スタンドバインミー,Tokyo,Meguro City,https://www.instagram.com/standbanhmi/,4.3,263,35.628886,139.6877641,banhmi
バインミーサンドイッチ神保町店,Tokyo,Chiyoda City,,4.6,59,35.6960762,139.7562785,banhmi
ハノイ町 蔵前店,Tokyo,Taito City,,4.6,197,35.7056403,139.7935581,banhmi
EBISU BANH MI BAKERY,Tokyo,Shibuya City,http://ebis-banhmi.com/,4.4,415,35.6479071,139.7102118,banhmi
BANH MI NGON NGON OKUBO(バインミーゴンゴン 大久保店),Tokyo,Shinjuku City,https://www.facebook.com/B%C3%A1nh-M%C3%AC-Ngon-Ngon-Okubo-105387335262252/,3.9,175,35.7009684,139.6970106,banhmi
nicoバインミー,Tokyo,Chuo City,https://nico.lbb-r.com/,4.3,112,35.687079,139.7783384,banhmi
バインミーゴンゴン船橋,Chiba,Funabashi,https://www.facebook.com/Shinjuku.BanhMiNgonNgon/,4.2,107,35.7011647,139.9882478,banhmi
THAO’S BANH MI,Kanagawa,Kawasaki,https://www.instagram.com/thaosbanhmi/,4.4,393,35.5655398,139.6548893,banhmi
BANHMI AN COM,Tokyo,Setagaya City,,0,0,35.646084,139.6699773,banhmi
バインミーバーバー下赤塚店,Tokyo,Itabashi City,https://banhmibaba.com/,4,32,35.770765,139.6451277,バインミー
Bánh Mì Xin Chào,埼玉県,川口市,https://banhmixinchao.co.jp/,4.3,53,35.8324911,139.687969,バインミー
マコトバインミー,Tokyo,Itabashi City,,4.8,56,35.7788659,139.630794,バインミー
ハローサイゴン 埼玉店,Saitama,Saitama,,4.6,50,35.9281265,139.6688559,バインミー
おじいさんフォーベトナム料理,Saitama,Saitama,,4.7,54,35.940764,139.6112494,バインミー
ベトナムレストランNGON-2号店,Saitama,Saitama,https://www.hotpepper.jp/strJ001292107/,4.3,118,35.9088404,139.6260448,バインミー
トックティー,Saitama,Kawaguchi,https://www.facebook.com/profile.php?id=100063627967186,4.1,56,35.8148502,139.7039448,バインミー
ジャスミンパレス 大宮店,Saitama,Saitama,https://www.stc-sunrise.co.jp/access.html#Oomiya,4,361,35.9049795,139.6219597,バインミー
ベトナムレストランフォン リ,Saitama,Saitama,,4.2,180,35.9072046,139.6256484,バインミー
Thoc tea - 火山ベトナムフォー,Saitama,Kawaguchi,,4.1,15,35.814981,139.7038251,バインミー
ブンボーフェ・ジャ・チュエン,Saitama,Niiza,https://gentoku-inc.com/,4.3,105,35.8214814,139.5741661,バインミー
フォンタンレストラン,Saitama,Saitama,,4.9,76,35.9473772,139.6401911,バインミー
PHO VIET - Vietnamese Restaurant,Tokyo,Kita City,https://www.facebook.com/nguyenducthang25059,4.2,174,35.77949760000001,139.7230228,バインミー
NaNa Cafe,Saitama,Kawaguchi,,4.8,6,35.81666939999999,139.7068024,バインミー
SAIGON KANPAI Restaurant,埼玉県,新座市,,4.1,9,35.8231291,139.575329,バインミー
MIKA バインミー （Mika bánh mì）,Tokyo,Itabashi City,http://mikabanhmi.net/,4.6,56,35.7904285,139.654858,バインミー
Banh mi ngon ngon warabi,Saitama,Kawaguchi,,4.3,38,35.8301873,139.6892067,バインミー
ベトナム居酒屋ニャウ Nhau Thien An,Saitama,Kawaguchi,,3.7,97,35.8159609,139.7048484,バインミー
HOANG AN QUAN ベトナム 料理,Saitama,Niiza,https://tabelog.com/saitama/A1103/A110302/11062102/,4.8,13,35.8210311,139.5734186,バインミー
LUONG SON QUAN,埼玉県,川口市,,4.6,37,35.81573710000001,139.7031818,バインミー
bakery yui(旧ユイバインミー),Saitama,Kawaguchi,https://www.facebook.com/yuibanhmi,4.5,60,35.8565728,139.7060288,バインミー
ベトナム料理店 KIM,Tokyo,Itabashi City,https://kim.owst.jp/,4.5,64,35.7753568,139.6315718,バインミー
MAN DAN,Saitama,Kawaguchi,,3,2,35.8294035,139.6901787,バインミー
Phở Mainichi,Saitama,Kawaguchi,,4.9,87,35.813194,139.7026091,バインミー
MOON Restaurant & Karaoke ベトナム料理本店,Saitama,Kawaguchi,,4.2,85,35.8138866,139.7009696,バインミー
フォーTOBU ベトナム料理,Saitama,Fujimi,https://www.facebook.com/photobu.vietnam,4.3,3,35.8371603,139.550814,バインミー
Phúc Khang - Coffee Tea & Fastfood,Saitama,Kawaguchi,https://www.facebook.com/nhahangvietnam2022/menu,3.8,52,35.8157798,139.702134,バインミー
バインミーバーバー川越店 Bánh Mì Bà Ba kawagoe,Saitama,Kawagoe,https://yoyaku.tabelog.com/yoyaku/net_booking_form/index?rcd=11059812,4.8,97,35.9146002,139.4830906,バインミー
バインミーマーケット,Tokyo,Itabashi City,https://banh-mi-market.jimdosite.com/,4.5,11,35.7627593,139.6756241,バインミー
むーんしゃいん,Saitama,Saitama,https://www.moonshine-omiya.com/,4.4,61,35.906441,139.627491,バインミー
STEAK MAN 新座店,Saitama,Niiza,https://at-dining.wixsite.com/steak-house-1/steak-man%E6%96%B0%E5%BA%A7%E5%BA%97,3.9,1154,35.7920816,139.5513545,バインミー
Bui tapioca warabi。Cafe & Trà sữa Việt。ベトナム タピオカ・カフェ・バインミー・ フォー・ブンチャー・喫茶店,Saitama,Warabi,,4.5,43,35.8258123,139.6894636,バインミー
サイゴン・チル,Tokyo,Itabashi City,http://www.saigon-chill.net/,4,22,35.763639,139.6785255,バインミー
CLOCK KITCHEN（クロックキッチン）氷川参道店,Saitama,Saitama,https://clock-kitchen.com/,4.3,24,35.9078994,139.6304392,バインミー
Re:luana (リ・ルアナ),Saitama,Fujimi,https://re-luana.com/,4.5,41,35.8400775,139.5525074,バインミー
バインミー☆サンドイッチ,Tokyo,Shinjuku City,https://twitter.com/banhmi_sandwich,4.3,634,35.7132389,139.7031536,バインミー
Bánh Mì Xin Chào,Tokyo,Toshima City,http://banhmixinchao.co.jp/,3.9,155,35.7303444,139.7151945,バインミー
Bistro Coeur,Saitama,Saitama,http://bistrocoeur.com/,4.4,111,35.874209,139.649155,バインミー
バインミーシンチャオ北池袋店,Tokyo,Toshima City,https://banhmixinchao.co.jp/,3.5,19,35.7407607,139.7080282,バインミー
バリバリラーメン,Saitama,Niiza,,4.2,671,35.7938372,139.5521898,バインミー
marute,Saitama,Saitama,,4,15,35.8441415,139.638448,バインミー
コンドウハウス Konキッチン,Saitama,Saitama,https://www.facebook.com/Kondohouse.Mimuro,4.1,20,35.8915408,139.6721975,バインミー
バインミー Mina,Saitama,Kawaguchi,,4.5,2,35.8296558,139.6959205,バインミー
SAIGON PAN バインミーサイゴン日暮里,Tokyo,Arakawa City,https://saigonpan.com/,4.9,26,35.7285421,139.7769294,バインミー
SHO-AN1,Saitama,Kawaguchi,https://sho-an.info/,3.9,105,35.8054199,139.7172637,バインミー
新時沏 西川口店,Saitama,Kawaguchi,https://bit.ly/3amKUQc,3.5,111,35.8149745,139.7043281,バインミー
グレイトカルカッタ,Tokyo,Kita City,https://great-kolkata.com/,3.8,190,35.779698,139.72388,バインミー
Hado Coffee - ベトナム料理,Saitama,Koshigaya,,4.5,79,35.8650911,139.791121,バインミー
サンメリー 赤羽店,Tokyo,Kita City,https://www.sunmerrys.co.jp/,3.8,125,35.7792902,139.7210031,バインミー
イクチャム,Tokyo,Adachi City,https://www.instagram.com/iccham.vietnam/,4.3,77,35.7524174,139.8007083,バインミー
PHỞ VIỆT QUÁN 3 ベトナムレストラン,Tokyo,Adachi City,,4.2,72,35.794079,139.7948214,バインミー
MAIHIEN FOOD,Tokyo,Toshima City,,4.1,70,35.7298138,139.7302494,バインミー
ペストリーショップ ラ·モーラ,Saitama,Saitama,http://www.royalpines.co.jp/restaurant_bar/lamora,4,110,35.8607176,139.652485,バインミー
フォーAki,Tokyo,Arakawa City,,4.5,26,35.7494564,139.7686343,バインミー
KOIPHO,Tokyo,Arakawa City,https://koipho.delivery-takeout-menu.com/,4.3,163,35.7288139,139.7717275,バインミー
n.r store,Tokyo,Arakawa City,https://nicetimeworks.com/nr-store/,4.5,57,35.7436383,139.7762807,バインミー
ECODA HEM,Tokyo,Nerima City,,4,54,35.7366265,139.6726216,バインミー
S.E.A. Kitchen (シーキッチン),Tokyo,Toshima City,https://seakitchen.net/,4.5,50,35.7304688,139.7409632,バインミー
BAO UYEN,Saitama,Koshigaya,,3.5,13,35.8715242,139.7909173,バインミー
バインミーバイミー,Tokyo,Suginami City,https://www.instagram.com/banhmi.byme,4.8,58,35.70508770000001,139.6469223,バインミー
Min Min Milk Tea -Food,Chiba,Chiba,,4.5,55,35.6098417,140.1105952,banh mi
バインミーモチ,Chiba,Chiba,http://sieuthiminitunjp.com/,4.3,49,35.6159196,140.114405,banh mi
いいな ベトナム料理,Chiba,Chiba,http://2ndbrain.co.jp/,4.3,111,35.6367797,140.0910947,banh mi
ジャスミンパレス 千葉そごう店_ベトナム料理,Chiba,Chiba,https://www.stc-sunrise.co.jp/chiba_menu.html,3.7,219,35.6113192,140.1136834,banh mi
ベトナム料理フォーゴン,Chiba,Narashino,,4.4,80,35.6885724,140.0175366,banh mi
Đệ Nhất Quan,Chiba,Yachiyo,,4.8,47,35.7022669,140.0920618,banh mi
DINING BAGOOS,Chiba,Chiba,,4.4,110,35.6354694,140.1074889,banh mi
ゴン クアン ベトナムレストラン,Chiba,Yachiyo,,3.8,57,35.7002176,140.0899262,banh mi
バインミーゴンゴン船橋,Chiba,Funabashi,https://www.facebook.com/Shinjuku.BanhMiNgonNgon/,4.2,107,35.7011647,139.9882478,banh mi
3TEA,Chiba,Yachiyo,https://retty.me/area/PRE12/ARE459/SUB4402/100001589637/,4.2,35,35.7010372,140.0896025,banh mi
ハノイフォー PHỞ HÀ NỘI,Chiba,Funabashi,,4.5,67,35.7238177,140.0487208,banh mi
SAO VIET 八千代台支店（サオヴィエット）,Chiba,Yachiyo,,3.9,15,35.7001018,140.0917511,banh mi
Thuy's Kitchen,Chiba,Funabashi,http://thuyskitchen.net/?utm_source=gmb&utm_medium=referral,4.7,24,35.7318646,140.0606765,banh mi
マンダリンカフェ,Chiba,Funabashi,,4.5,94,35.6948464,139.9832724,banh mi
ベトナム料理SEN,Chiba,Funabashi,,4.4,154,35.6986143,139.9833597,banh mi
バインミー☆ サンドイッチ,Tokyo,Shibuya City,https://www.instagram.com/banhmi_sandwich_takadanobaba/,4.4,20,35.6683371,139.7048337,banh mi
バインミーシンチャオ 亀有店,Tokyo,Katsushika City,https://banhmixinchao.co.jp/,4.7,36,35.7641065,139.8476035,banh mi
バインミーゴンゴン 新小岩店,Tokyo,Katsushika City,,4.2,114,35.71360020000001,139.8618584,banh mi
YAMINTEA,Chiba,Yachimata,https://facebook.com/kin.nguyet,4.9,16,35.6691305,140.3192605,banh mi
バインミーバイミー,Tokyo,Suginami City,https://www.instagram.com/banhmi.byme,4.8,58,35.70508770000001,139.6469223,banh mi
BANH MI NGON NGON TAKADANOBABA,Tokyo,Shinjuku City,,4.1,283,35.7124601,139.7003927,banh mi
バインミーバーバー中目黒,Tokyo,Meguro City,https://banhmibaba-nakameguro.com/,4.5,117,35.6429091,139.6987712,banh mi
バインミー☆サンドイッチ 水道橋東口店,Tokyo,Chiyoda City,https://www.facebook.com/BanhmiSuidobashi-101056862182378/,4.3,270,35.7013156,139.7556301,banh mi
バインミーゴンゴン,Tokyo,Edogawa City,,4.1,18,35.6987798,139.866896,banh mi
BANH MI XIN CHAO MATSUDO バインミーシンチャオ松戸店,Chiba,Matsudo,https://banhmixinchao.co.jp/,4.2,96,35.7837922,139.9023809,banh mi
バインミーサンドイッチ神保町店,Tokyo,Chiyoda City,,4.6,59,35.6960762,139.7562785,banh mi
Bánh Mì Xin Chào,Tokyo,Toshima City,http://banhmixinchao.co.jp/,3.9,155,35.7303444,139.7151945,banh mi
ボンルアレストラン,Tokyo,Edogawa City,https://www.facebook.com/BongLuaReTauRant,4.7,82,35.6628163,139.8598023,banh mi
ハノイ町 蔵前店,Tokyo,Taito City,,4.6,197,35.7056403,139.7935581,banh mi
Phở 19,Chiba,Ichikawa,,4.3,41,35.7201503,139.9264391,banh mi
BANH MI XIN CHAO CAFE ASAKUSA バインミーシンチャオカフェ 浅草,Tokyo,Taito City,http://banhmixinchao.co.jp/,4.3,409,35.7101788,139.7978598,banh mi
nicoバインミー,Tokyo,Chuo City,https://nico.lbb-r.com/,4.3,112,35.687079,139.7783384,banh mi
バインミー☆サンドイッチ,Tokyo,Shinjuku City,https://twitter.com/banhmi_sandwich,4.3,634,35.7132389,139.7031536,banh mi
バインミーシンチャオ,Tokyo,Shinjuku City,https://www.facebook.com/B%C3%A1nh-M%C3%AC-Xin-Ch%C3%A0o-1068932589815886/?ref=settings,4.2,449,35.7126653,139.7005539,banh mi
スタンドバインミー,Tokyo,Meguro City,https://www.instagram.com/standbanhmi/,4.3,263,35.628886,139.6877641,banh mi
MIN TEA,Chiba,Funabashi,,4.9,18,35.6927631,139.9914601,banh mi
ベトナム料理 バインセオ サイゴン 東京ドーム シティ店 Vietnamese food Banh Xeo Saigon TOKYO DOME CITY LaQua,Tokyo,Bunkyo City,https://zap-di.com/shop/banhxeosaigon/suidobashi/index.html?ver_06032,4.4,211,35.7036265,139.7519329,banh mi
ベトナム&アジアンレストラン マッチョイ,Chiba,Funabashi,http://mattroi.crayonsite.net/,3.8,49,35.715184,139.9425556,banh mi
EBISU BANH MI BAKERY,Tokyo,Shibuya City,http://ebis-banhmi.com/,4.4,415,35.6479071,139.7102118,banh mi
333 Vietnamese Restaurant,Tokyo,Chuo City,https://tabelog.com/tokyo/A1302/A130204/13246938/,4.5,348,35.689075,139.7776886,banh mi
BANH MI XIN CHAO NIHONBASHI バインミーシンチャオ日本橋店,Tokyo,Chuo City,http://banhmixinchao.co.jp/,3.8,46,35.686781,139.7747475,banh mi
ベト屋 築地店,Tokyo,Chuo City,https://betoya.jp/store/tsukiji/,4.3,233,35.6676442,139.7723177,banh mi
ホンズ・キッチン,Tokyo,Ota City,https://instagram.com/hungs_kitchen_tokyo?utm_medium=copy_link,4.6,163,35.5638882,139.7152537,banh mi
BANH MI NGON NGON OKUBO(バインミーゴンゴン 大久保店),Tokyo,Shinjuku City,https://www.facebook.com/B%C3%A1nh-M%C3%AC-Ngon-Ngon-Okubo-105387335262252/,3.9,175,35.7009684,139.6970106,banh mi
バインミー太陽 BÁNH MÌ TAIYO,Saitama,Yoshikawa,,4.5,75,35.8762564,139.8430331,banh mi
ベトナムフォー77成田店,Chiba,Narita,,4.4,109,35.7912889,140.3240908,banh mi
BANH MI STAR SHIBUYA by Nha Viet Nam,Tokyo,Shibuya City,https://nha-vietnam.info/,4.3,178,35.6573623,139.7026629,banh mi
デェ ニァット クアン,Tokyo,Edogawa City,,4.6,187,35.7357052,139.882615,banh mi
メイクアン,Tokyo,Chiyoda City,https://www.instagram.com/mayquanvietnamese?igsh=cGdoOWVpdGtmcDk5,4.9,22,35.69758849999999,139.7508282,banh mi
BÁNH MÌ ファンちゃん - バインミーファンちゃん,Tokyo,Ota City,,4.7,32,35.5510218,139.7132549,banh mi
BANH MI XIN CHAO KAMATA バインミーシンチャオ蒲田店,Tokyo,Ota City,http://banhmixinchao.co.jp/,3.9,87,35.5647655,139.7144641,banh mi
Phở Yên 95 ( フォーエン95),Tokyo,Taito City,https://www.facebook.com/profile.php?id=100090643699598,4.7,92,35.7089252,139.769584,banh mi
バンメ館,Tokyo,Arakawa City,https://s.tabelog.com/tokyo/A1311/A131105/13268464/,4.7,241,35.7295084,139.7728145,banh mi
Nha Viet Nam premier 銀座店,Tokyo,Chuo City,https://nha-vietnam.info/,3.9,111,35.6674942,139.7624459,banh mi
Mano a Mano,Tokyo,Edogawa City,https://mano-a-mano-edogawa.com/,4.5,17,35.6771548,139.8722974,banh mi
サンフラワー,Chiba,Ichikawa,https://tvw4.takara-bune.net/curry/,3.8,155,35.7239616,139.9282352,banh mi
BANH MI DALAT,Tokyo,Chiyoda City,,0,0,35.6966087,139.7771272,banh mi
VIETNAM SKY RESTAURANT ／ ベトナム スカイ レストラン,Tokyo,Arakawa City,https://skyphoda.com/,4.3,38,35.7280674,139.7727348,banh mi
90年代美味南ベトナム料理 PHUONG NAM (フーンナム),Tokyo,Minato City,https://phuongnam.gorp.jp/,4.1,254,35.6648376,139.7329885,banh mi
バインミー専門店Bain★Bain,Tokyo,Meguro City,,4.2,9,35.633481,139.7097793,banh mi
バインミーモチ,Chiba,Chiba,http://sieuthiminitunjp.com/,4.3,49,35.6159196,140.114405,banhmi
バインミー☆サンドイッチ,Chiba,Funabashi,,4.1,15,35.7011936,140.0278662,banhmi
バインミーゴンゴン船橋,Chiba,Funabashi,https://www.facebook.com/Shinjuku.BanhMiNgonNgon/,4.2,107,35.7011647,139.9882478,banhmi
バインミー☆ サンドイッチ,Tokyo,Shibuya City,https://www.instagram.com/banhmi_sandwich_takadanobaba/,4.4,20,35.6683371,139.7048337,banhmi
バインミーバイミー,Tokyo,Suginami City,https://www.instagram.com/banhmi.byme,4.8,58,35.70508770000001,139.6469223,banhmi
バインミー☆サンドイッチ,Tokyo,Shinjuku City,https://twitter.com/banhmi_sandwich,4.3,634,35.7132389,139.7031536,banhmi
BANH MI NGON NGON TAKADANOBABA,Tokyo,Shinjuku City,,4.1,283,35.7124601,139.7003927,banhmi
バインミーバーバー中目黒,Tokyo,Meguro City,https://banhmibaba-nakameguro.com/,4.5,117,35.6429091,139.6987712,banhmi
バインミー☆サンドイッチ 水道橋東口店,Tokyo,Chiyoda City,https://www.facebook.com/BanhmiSuidobashi-101056862182378/,4.3,270,35.7013156,139.7556301,banhmi
スタンドバインミー,Tokyo,Meguro City,https://www.instagram.com/standbanhmi/,4.3,263,35.628886,139.6877641,banhmi
バインミーバーバー 吉祥寺店,Tokyo,Musashino,https://www.instagram.com/banhmibaba_kichijoji/,4.6,98,35.7025172,139.5790211,banhmi
バインミーバーバー下北沢店,Tokyo,Setagaya City,https://banhmibaba.com/,4.6,398,35.6628814,139.6657317,banhmi
BANH MI XIN CHAO CAFE ASAKUSA バインミーシンチャオカフェ 浅草,Tokyo,Taito City,http://banhmixinchao.co.jp/,4.3,409,35.7101788,139.7978598,banhmi
EBISU BANH MI BAKERY,Tokyo,Shibuya City,http://ebis-banhmi.com/,4.4,415,35.6479071,139.7102118,banhmi
バインミーシンチャオ,Tokyo,Shinjuku City,https://www.facebook.com/B%C3%A1nh-M%C3%AC-Xin-Ch%C3%A0o-1068932589815886/?ref=settings,4.2,449,35.7126653,139.7005539,banhmi
バインミーバーバー川越店 Bánh Mì Bà Ba kawagoe,Saitama,Kawagoe,https://yoyaku.tabelog.com/yoyaku/net_booking_form/index?rcd=11059812,4.8,97,35.9146002,139.4830906,banhmi
ハノイ町 蔵前店,Tokyo,Taito City,,4.6,197,35.7056403,139.7935581,banhmi
THAO’S BANH MI,Kanagawa,Kawasaki,https://www.instagram.com/thaosbanhmi/,4.4,393,35.5655398,139.6548893,banhmi
BANH MI NGON NGON OKUBO(バインミーゴンゴン 大久保店),Tokyo,Shinjuku City,https://www.facebook.com/B%C3%A1nh-M%C3%AC-Ngon-Ngon-Okubo-105387335262252/,3.9,175,35.7009684,139.6970106,banhmi
シクロバインミー(CYCLO banh mi)CIAL横浜店,Kanagawa,Yokohama,,3.2,69,35.46681969999999,139.6224178,banhmi
